date,product,category,quantity,unit_price,unit_cost,discount,revenue,cost,profit,inventory,customer_type,region,supplier
2026-01-01,Milk,Dairy,6,180,145,0.045,1031.39,870,161.39,12,Wholesale,Karachi,Al-Fajr Dairy
2026-01-01,Cooking Oil,Grocery,2,520,430,0.004,1035.89,860,175.89,8,Retail,Islamabad,Pakistan Oil Mills
2026-01-01,Rice,Grocery,2,280,210,0.0297,543.39,420,123.39,18,Wholesale,Faisalabad,Punjab Grain Co
2026-01-01,Instant Noodles,Grocery,16,60,42,0.0456,916.27,672,244.27,140,Wholesale,Islamabad,City Foods
2026-01-01,Instant Noodles,Grocery,17,60,42,0.0394,979.86,714,265.86,140,Retail,Karachi,City Foods
2026-01-01,Premium Headphones,Electronics,1,4500,2100,0.0108,4451.3,2100,2351.3,22,Wholesale,Faisalabad,TechHub
2026-01-01,Smartphone Case,Electronics,4,650,180,0.0263,2531.61,720,1811.61,55,Retail,Lahore,TechHub
2026-01-01,Energy Drink,Beverages,4,150,95,0.0269,583.85,380,203.85,28,Retail,Faisalabad,CoolBev Ltd
2026-01-01,Green Tea,Beverages,5,220,140,0.0406,1055.29,700,355.29,90,Retail,Karachi,Highland Tea
2026-01-01,Basmati Gift Box,Grocery,1,1800,900,0.0386,1730.49,900,830.49,16,Wholesale,Islamabad,Punjab Grain Co
2026-01-01,Dish Soap,Household,2,190,120,0.0198,372.49,240,132.49,75,Wholesale,Lahore,CleanHome
2026-01-01,Mineral Water,Beverages,7,80,45,0.0277,544.48,315,229.48,60,Retail,Islamabad,CoolBev Ltd
2026-01-02,Milk,Dairy,6,180,145,0.043,1033.55,870,163.55,12,Wholesale,Lahore,Al-Fajr Dairy
2026-01-02,Milk,Dairy,8,180,145,0.0167,1415.97,1160,255.97,12,Retail,Faisalabad,Al-Fajr Dairy
2026-01-02,Cooking Oil,Grocery,3,520,430,0.0344,1506.38,1290,216.38,8,Retail,Islamabad,Pakistan Oil Mills
2026-01-02,Rice,Grocery,2,280,210,0.0436,535.6,420,115.6,18,Wholesale,Karachi,Punjab Grain Co
2026-01-02,Instant Noodles,Grocery,16,60,42,0.0009,959.18,672,287.18,140,Wholesale,Lahore,City Foods
2026-01-02,Instant Noodles,Grocery,13,60,42,0.0172,766.57,546,220.57,140,Wholesale,Karachi,City Foods
2026-01-02,Instant Noodles,Grocery,18,60,42,0.0127,1066.3,756,310.3,140,Retail,Islamabad,City Foods
2026-01-02,Smartphone Case,Electronics,4,650,180,0.0333,2513.54,720,1793.54,55,Retail,Islamabad,TechHub
2026-01-02,Energy Drink,Beverages,3,150,95,0.0459,429.36,285,144.36,28,Retail,Islamabad,CoolBev Ltd
2026-01-02,Green Tea,Beverages,5,220,140,0.0472,1048.12,700,348.12,90,Retail,Lahore,Highland Tea
2026-01-02,Basmati Gift Box,Grocery,1,1800,900,0.0073,1786.8,900,886.8,16,Retail,Faisalabad,Punjab Grain Co
2026-01-02,Dish Soap,Household,3,190,120,0.0328,551.28,360,191.28,75,Retail,Lahore,CleanHome
2026-01-02,Mineral Water,Beverages,6,80,45,0.0332,464.08,270,194.08,60,Wholesale,Islamabad,CoolBev Ltd
2026-01-02,Mineral Water,Beverages,6,80,45,0.0391,461.21,270,191.21,60,Retail,Karachi,CoolBev Ltd
2026-01-03,Milk,Dairy,8,180,145,0.0061,1431.24,1160,271.24,12,Retail,Islamabad,Al-Fajr Dairy
2026-01-03,Milk,Dairy,8,180,145,0.0302,1396.44,1160,236.44,12,Retail,Faisalabad,Al-Fajr Dairy
2026-01-03,Cooking Oil,Grocery,4,520,430,0.0433,1989.92,1720,269.92,8,Retail,Karachi,Pakistan Oil Mills
2026-01-03,Rice,Grocery,2,280,210,0.0284,544.09,420,124.09,18,Retail,Islamabad,Punjab Grain Co
2026-01-03,Instant Noodles,Grocery,13,60,42,0.0035,777.23,546,231.23,140,Retail,Faisalabad,City Foods
2026-01-03,Instant Noodles,Grocery,19,60,42,0.0119,1126.44,798,328.44,140,Retail,Lahore,City Foods
2026-01-03,Premium Headphones,Electronics,1,4500,2100,0.0229,4397.06,2100,2297.06,22,Retail,Islamabad,TechHub
2026-01-03,Smartphone Case,Electronics,5,650,180,0.0259,3165.85,900,2265.85,55,Retail,Karachi,TechHub
2026-01-03,Energy Drink,Beverages,4,150,95,0.0468,571.92,380,191.92,28,Retail,Karachi,CoolBev Ltd
2026-01-03,Green Tea,Beverages,7,220,140,0.0348,1486.48,980,506.48,90,Retail,Karachi,Highland Tea
2026-01-03,Basmati Gift Box,Grocery,1,1800,900,0.0314,1743.4,900,843.4,16,Retail,Islamabad,Punjab Grain Co
2026-01-03,Dish Soap,Household,3,190,120,0.0304,552.65,360,192.65,75,Retail,Islamabad,CleanHome
2026-01-03,Mineral Water,Beverages,6,80,45,0.0336,463.88,270,193.88,60,Retail,Faisalabad,CoolBev Ltd
2026-01-04,Milk,Dairy,11,180,145,0.0467,1887.53,1595,292.53,12,Retail,Karachi,Al-Fajr Dairy
2026-01-04,Cooking Oil,Grocery,5,520,430,0.0062,2583.82,2150,433.82,8,Wholesale,Karachi,Pakistan Oil Mills
2026-01-04,Rice,Grocery,2,280,210,0.0222,547.57,420,127.57,18,Retail,Lahore,Punjab Grain Co
2026-01-04,Instant Noodles,Grocery,17,60,42,0.0006,1019.4,714,305.4,140,Retail,Lahore,City Foods
2026-01-04,Instant Noodles,Grocery,18,60,42,0.0468,1029.5,756,273.5,140,Retail,Lahore,City Foods
2026-01-04,Premium Headphones,Electronics,1,4500,2100,0.0383,4327.7,2100,2227.7,22,Retail,Karachi,TechHub
2026-01-04,Smartphone Case,Electronics,3,650,180,0.0354,1881.06,540,1341.06,55,Retail,Faisalabad,TechHub
2026-01-04,Energy Drink,Beverages,3,150,95,0.0178,442.01,285,157.01,28,Retail,Lahore,CoolBev Ltd
2026-01-04,Green Tea,Beverages,7,220,140,0.0331,1488.96,980,508.96,90,Retail,Islamabad,Highland Tea
2026-01-04,Basmati Gift Box,Grocery,1,1800,900,0.0,1800.0,900,900.0,16,Retail,Islamabad,Punjab Grain Co
2026-01-04,Dish Soap,Household,3,190,120,0.0654,532.75,360,172.75,75,Retail,Faisalabad,CleanHome
2026-01-04,Mineral Water,Beverages,9,80,45,0.02,705.59,405,300.59,60,Wholesale,Karachi,CoolBev Ltd
2026-01-04,Mineral Water,Beverages,6,80,45,0.0155,472.56,270,202.56,60,Retail,Lahore,CoolBev Ltd
2026-01-04,Mineral Water,Beverages,6,80,45,0.0468,457.55,270,187.55,60,Wholesale,Lahore,CoolBev Ltd
2026-01-05,Milk,Dairy,7,180,145,0.0269,1226.15,1015,211.15,12,Wholesale,Faisalabad,Al-Fajr Dairy
2026-01-05,Cooking Oil,Grocery,3,520,430,0.0389,1499.28,1290,209.28,8,Retail,Islamabad,Pakistan Oil Mills
2026-01-05,Rice,Grocery,2,280,210,0.0044,557.51,420,137.51,18,Retail,Karachi,Punjab Grain Co
2026-01-05,Instant Noodles,Grocery,18,60,42,0.0332,1044.14,756,288.14,140,Retail,Faisalabad,City Foods
2026-01-05,Instant Noodles,Grocery,15,60,42,0.0561,849.49,630,219.49,140,Retail,Faisalabad,City Foods
2026-01-05,Instant Noodles,Grocery,13,60,42,0.0521,739.34,546,193.34,140,Wholesale,Karachi,City Foods
2026-01-05,Premium Headphones,Electronics,1,4500,2100,0.0337,4348.51,2100,2248.51,22,Retail,Faisalabad,TechHub
2026-01-05,Smartphone Case,Electronics,3,650,180,0.063,1827.11,540,1287.11,55,Retail,Faisalabad,TechHub
2026-01-05,Energy Drink,Beverages,3,150,95,0.0223,439.95,285,154.95,28,Retail,Islamabad,CoolBev Ltd
2026-01-05,Green Tea,Beverages,4,220,140,0.0121,869.35,560,309.35,90,Wholesale,Faisalabad,Highland Tea
2026-01-05,Basmati Gift Box,Grocery,1,1800,900,0.0299,1746.18,900,846.18,16,Retail,Karachi,Punjab Grain Co
2026-01-05,Dish Soap,Household,3,190,120,0.0581,536.85,360,176.85,75,Retail,Karachi,CleanHome
2026-01-05,Mineral Water,Beverages,4,80,45,0.029,310.71,180,130.71,60,Retail,Faisalabad,CoolBev Ltd
2026-01-06,Milk,Dairy,5,180,145,0.0124,888.81,725,163.81,12,Wholesale,Faisalabad,Al-Fajr Dairy
2026-01-06,Milk,Dairy,8,180,145,0.0035,1435.0,1160,275.0,12,Wholesale,Karachi,Al-Fajr Dairy
2026-01-06,Milk,Dairy,6,180,145,0.0234,1054.68,870,184.68,12,Retail,Lahore,Al-Fajr Dairy
2026-01-06,Cooking Oil,Grocery,4,520,430,0.0567,1961.96,1720,241.96,8,Retail,Lahore,Pakistan Oil Mills
2026-01-06,Rice,Grocery,2,280,210,0.0255,545.71,420,125.71,18,Retail,Islamabad,Punjab Grain Co
2026-01-06,Instant Noodles,Grocery,11,60,42,0.0318,639.01,462,177.01,140,Retail,Islamabad,City Foods
2026-01-06,Premium Headphones,Electronics,1,4500,2100,0.0675,4196.08,2100,2096.08,22,Retail,Karachi,TechHub
2026-01-06,Smartphone Case,Electronics,4,650,180,0.0007,2598.1,720,1878.1,55,Wholesale,Islamabad,TechHub
2026-01-06,Energy Drink,Beverages,3,150,95,0.0541,425.65,285,140.65,28,Wholesale,Lahore,CoolBev Ltd
2026-01-06,Green Tea,Beverages,4,220,140,0.0,880.0,560,320.0,90,Wholesale,Lahore,Highland Tea
2026-01-06,Basmati Gift Box,Grocery,1,1800,900,0.0194,1765.06,900,865.06,16,Retail,Karachi,Punjab Grain Co
2026-01-06,Dish Soap,Household,3,190,120,0.0281,553.97,360,193.97,75,Retail,Faisalabad,CleanHome
2026-01-06,Mineral Water,Beverages,4,80,45,0.0726,296.77,180,116.77,60,Retail,Karachi,CoolBev Ltd
2026-01-06,Mineral Water,Beverages,5,80,45,0.0667,373.3,225,148.3,60,Wholesale,Karachi,CoolBev Ltd
2026-01-06,Mineral Water,Beverages,5,80,45,0.0226,390.95,225,165.95,60,Retail,Karachi,CoolBev Ltd
2026-01-07,Milk,Dairy,6,180,145,0.0251,1052.9,870,182.9,12,Wholesale,Faisalabad,Al-Fajr Dairy
2026-01-07,Cooking Oil,Grocery,3,520,430,0.0225,1524.94,1290,234.94,8,Wholesale,Islamabad,Pakistan Oil Mills
2026-01-07,Rice,Grocery,2,280,210,0.0252,545.87,420,125.87,18,Retail,Islamabad,Punjab Grain Co
2026-01-07,Instant Noodles,Grocery,15,60,42,0.0189,883.0,630,253.0,140,Retail,Islamabad,City Foods
2026-01-07,Premium Headphones,Electronics,1,4500,2100,0.0331,4351.01,2100,2251.01,22,Wholesale,Lahore,TechHub
2026-01-07,Smartphone Case,Electronics,5,650,180,0.03,3152.49,900,2252.49,55,Wholesale,Faisalabad,TechHub
2026-01-07,Energy Drink,Beverages,3,150,95,0.0281,437.38,285,152.38,28,Retail,Karachi,CoolBev Ltd
2026-01-07,Green Tea,Beverages,6,220,140,0.0377,1270.21,840,430.21,90,Retail,Karachi,Highland Tea
2026-01-07,Basmati Gift Box,Grocery,1,1800,900,0.0538,1703.12,900,803.12,16,Retail,Karachi,Punjab Grain Co
2026-01-07,Dish Soap,Household,3,190,120,0.0,570.0,360,210.0,75,Wholesale,Faisalabad,CleanHome
2026-01-07,Mineral Water,Beverages,5,80,45,0.0206,391.77,225,166.77,60,Wholesale,Islamabad,CoolBev Ltd
2026-01-07,Mineral Water,Beverages,6,80,45,0.0242,468.4,270,198.4,60,Wholesale,Islamabad,CoolBev Ltd
2026-01-07,Mineral Water,Beverages,6,80,45,0.0331,464.14,270,194.14,60,Retail,Faisalabad,CoolBev Ltd
2026-01-08,Milk,Dairy,4,180,145,0.0253,701.81,580,121.81,12,Retail,Islamabad,Al-Fajr Dairy
2026-01-08,Milk,Dairy,7,180,145,0.0226,1231.57,1015,216.57,12,Retail,Lahore,Al-Fajr Dairy
2026-01-08,Milk,Dairy,7,180,145,0.0645,1178.67,1015,163.67,12,Retail,Lahore,Al-Fajr Dairy
2026-01-08,Cooking Oil,Grocery,4,520,430,0.0234,2031.27,1720,311.27,8,Retail,Lahore,Pakistan Oil Mills
2026-01-08,Rice,Grocery,2,280,210,0.0233,546.95,420,126.95,18,Wholesale,Faisalabad,Punjab Grain Co
2026-01-08,Instant Noodles,Grocery,18,60,42,0.0535,1022.17,756,266.17,140,Wholesale,Lahore,City Foods
2026-01-08,Instant Noodles,Grocery,18,60,42,0.0388,1038.12,756,282.12,140,Retail,Karachi,City Foods
2026-01-08,Instant Noodles,Grocery,13,60,42,0.0313,755.56,546,209.56,140,Wholesale,Karachi,City Foods
2026-01-08,Premium Headphones,Electronics,1,4500,2100,0.0064,4471.05,2100,2371.05,22,Retail,Islamabad,TechHub
2026-01-08,Smartphone Case,Electronics,4,650,180,0.0534,2461.1,720,1741.1,55,Retail,Islamabad,TechHub
2026-01-08,Energy Drink,Beverages,4,150,95,0.0446,573.23,380,193.23,28,Retail,Islamabad,CoolBev Ltd
2026-01-08,Green Tea,Beverages,5,220,140,0.0066,1092.78,700,392.78,90,Wholesale,Karachi,Highland Tea
2026-01-08,Basmati Gift Box,Grocery,1,1800,900,0.0428,1723.05,900,823.05,16,Wholesale,Faisalabad,Punjab Grain Co
2026-01-08,Dish Soap,Household,2,190,120,0.0307,368.35,240,128.35,75,Wholesale,Islamabad,CleanHome
2026-01-08,Mineral Water,Beverages,5,80,45,0.0362,385.5,225,160.5,60,Retail,Islamabad,CoolBev Ltd
2026-01-08,Mineral Water,Beverages,7,80,45,0.0,560.0,315,245.0,60,Retail,Islamabad,CoolBev Ltd
2026-01-09,Milk,Dairy,8,180,145,0.0623,1350.25,1160,190.25,12,Wholesale,Karachi,Al-Fajr Dairy
2026-01-09,Milk,Dairy,6,180,145,0.0418,1034.84,870,164.84,12,Retail,Faisalabad,Al-Fajr Dairy
2026-01-09,Milk,Dairy,9,180,145,0.0374,1559.47,1305,254.47,12,Retail,Islamabad,Al-Fajr Dairy
2026-01-09,Cooking Oil,Grocery,3,520,430,0.0463,1487.81,1290,197.81,8,Retail,Islamabad,Pakistan Oil Mills
2026-01-09,Rice,Grocery,2,280,210,0.0347,540.57,420,120.57,18,Retail,Islamabad,Punjab Grain Co
2026-01-09,Instant Noodles,Grocery,12,60,42,0.027,700.52,504,196.52,140,Retail,Karachi,City Foods
2026-01-09,Premium Headphones,Electronics,1,4500,2100,0.05,4275.02,2100,2175.02,22,Retail,Lahore,TechHub
2026-01-09,Smartphone Case,Electronics,4,650,180,0.0596,2444.96,720,1724.96,55,Retail,Islamabad,TechHub
2026-01-09,Energy Drink,Beverages,3,150,95,0.034,434.68,285,149.68,28,Retail,Lahore,CoolBev Ltd
2026-01-09,Green Tea,Beverages,5,220,140,0.0566,1037.76,700,337.76,90,Retail,Islamabad,Highland Tea
2026-01-09,Basmati Gift Box,Grocery,1,1800,900,0.0411,1726.05,900,826.05,16,Retail,Faisalabad,Punjab Grain Co
2026-01-09,Dish Soap,Household,2,190,120,0.0,380.0,240,140.0,75,Retail,Islamabad,CleanHome
2026-01-09,Mineral Water,Beverages,6,80,45,0.0562,453.03,270,183.03,60,Retail,Islamabad,CoolBev Ltd
2026-01-10,Milk,Dairy,7,180,145,0.0,1260.0,1015,245.0,12,Retail,Lahore,Al-Fajr Dairy
2026-01-10,Milk,Dairy,9,180,145,0.0405,1554.42,1305,249.42,12,Retail,Faisalabad,Al-Fajr Dairy
2026-01-10,Milk,Dairy,7,180,145,0.0,1260.0,1015,245.0,12,Retail,Faisalabad,Al-Fajr Dairy
2026-01-10,Cooking Oil,Grocery,4,520,430,0.0392,1998.49,1720,278.49,8,Retail,Karachi,Pakistan Oil Mills
2026-01-10,Rice,Grocery,3,280,210,0.0452,802.03,630,172.03,18,Retail,Faisalabad,Punjab Grain Co
2026-01-10,Instant Noodles,Grocery,15,60,42,0.0264,876.23,630,246.23,140,Retail,Faisalabad,City Foods
2026-01-10,Instant Noodles,Grocery,20,60,42,0.0221,1173.45,840,333.45,140,Wholesale,Lahore,City Foods
2026-01-10,Instant Noodles,Grocery,17,60,42,0.0276,991.8,714,277.8,140,Retail,Karachi,City Foods
2026-01-10,Premium Headphones,Electronics,1,4500,2100,0.0041,4481.68,2100,2381.68,22,Retail,Faisalabad,TechHub
2026-01-10,Smartphone Case,Electronics,3,650,180,0.0164,1917.95,540,1377.95,55,Retail,Islamabad,TechHub
2026-01-10,Energy Drink,Beverages,4,150,95,0.034,579.63,380,199.63,28,Wholesale,Faisalabad,CoolBev Ltd
2026-01-10,Green Tea,Beverages,8,220,140,0.0286,1709.63,1120,589.63,90,Retail,Karachi,Highland Tea
2026-01-10,Basmati Gift Box,Grocery,1,1800,900,0.0571,1697.27,900,797.27,16,Retail,Islamabad,Punjab Grain Co
2026-01-10,Dish Soap,Household,3,190,120,0.0181,559.68,360,199.68,75,Retail,Faisalabad,CleanHome
2026-01-10,Mineral Water,Beverages,6,80,45,0.0228,469.04,270,199.04,60,Retail,Islamabad,CoolBev Ltd
2026-01-10,Mineral Water,Beverages,10,80,45,0.0024,798.11,450,348.11,60,Retail,Karachi,CoolBev Ltd
2026-01-10,Mineral Water,Beverages,6,80,45,0.0395,461.04,270,191.04,60,Retail,Faisalabad,CoolBev Ltd
2026-01-11,Milk,Dairy,10,180,145,0.0179,1767.78,1450,317.78,12,Retail,Faisalabad,Al-Fajr Dairy
2026-01-11,Milk,Dairy,7,180,145,0.0169,1238.69,1015,223.69,12,Retail,Islamabad,Al-Fajr Dairy
2026-01-11,Cooking Oil,Grocery,4,520,430,0.0366,2003.93,1720,283.93,8,Wholesale,Lahore,Pakistan Oil Mills
2026-01-11,Rice,Grocery,3,280,210,0.0231,820.56,630,190.56,18,Retail,Lahore,Punjab Grain Co
2026-01-11,Instant Noodles,Grocery,21,60,42,0.0234,1230.55,882,348.55,140,Retail,Faisalabad,City Foods
2026-01-11,Instant Noodles,Grocery,19,60,42,0.0274,1108.79,798,310.79,140,Retail,Lahore,City Foods
2026-01-11,Premium Headphones,Electronics,1,4500,2100,0.0715,4178.07,2100,2078.07,22,Wholesale,Karachi,TechHub
2026-01-11,Smartphone Case,Electronics,6,650,180,0.0515,3699.05,1080,2619.05,55,Retail,Lahore,TechHub
2026-01-11,Energy Drink,Beverages,4,150,95,0.0295,582.31,380,202.31,28,Wholesale,Lahore,CoolBev Ltd
2026-01-11,Green Tea,Beverages,5,220,140,0.0,1100.0,700,400.0,90,Wholesale,Islamabad,Highland Tea
2026-01-11,Basmati Gift Box,Grocery,1,1800,900,0.0208,1762.51,900,862.51,16,Retail,Lahore,Punjab Grain Co
2026-01-11,Dish Soap,Household,4,190,120,0.0521,720.39,480,240.39,75,Retail,Islamabad,CleanHome
2026-01-11,Mineral Water,Beverages,7,80,45,0.0243,546.38,315,231.38,60,Retail,Islamabad,CoolBev Ltd
2026-01-11,Mineral Water,Beverages,8,80,45,0.0232,625.14,360,265.14,60,Retail,Lahore,CoolBev Ltd
2026-01-12,Milk,Dairy,6,180,145,0.0301,1047.46,870,177.46,12,Retail,Lahore,Al-Fajr Dairy
2026-01-12,Milk,Dairy,7,180,145,0.0587,1186.08,1015,171.08,12,Retail,Faisalabad,Al-Fajr Dairy
2026-01-12,Cooking Oil,Grocery,4,520,430,0.0289,2019.96,1720,299.96,8,Retail,Islamabad,Pakistan Oil Mills
2026-01-12,Rice,Grocery,2,280,210,0.0386,538.38,420,118.38,18,Retail,Faisalabad,Punjab Grain Co
2026-01-12,Instant Noodles,Grocery,16,60,42,0.0433,918.42,672,246.42,140,Retail,Faisalabad,City Foods
2026-01-12,Instant Noodles,Grocery,15,60,42,0.0243,878.15,630,248.15,140,Wholesale,Islamabad,City Foods
2026-01-12,Premium Headphones,Electronics,1,4500,2100,0.0487,4280.8,2100,2180.8,22,Retail,Karachi,TechHub
2026-01-12,Smartphone Case,Electronics,4,650,180,0.0,2600.0,720,1880.0,55,Retail,Islamabad,TechHub
2026-01-12,Energy Drink,Beverages,4,150,95,0.0479,571.26,380,191.26,28,Wholesale,Karachi,CoolBev Ltd
2026-01-12,Green Tea,Beverages,4,220,140,0.0,880.0,560,320.0,90,Retail,Islamabad,Highland Tea
2026-01-12,Basmati Gift Box,Grocery,1,1800,900,0.0387,1730.34,900,830.34,16,Wholesale,Lahore,Punjab Grain Co
2026-01-12,Dish Soap,Household,3,190,120,0.0,570.0,360,210.0,75,Retail,Faisalabad,CleanHome
2026-01-12,Mineral Water,Beverages,6,80,45,0.0283,466.43,270,196.43,60,Retail,Karachi,CoolBev Ltd
2026-01-12,Mineral Water,Beverages,6,80,45,0.0434,459.18,270,189.18,60,Retail,Karachi,CoolBev Ltd
2026-01-13,Milk,Dairy,9,180,145,0.0106,1602.83,1305,297.83,12,Wholesale,Karachi,Al-Fajr Dairy
2026-01-13,Milk,Dairy,9,180,145,0.0262,1577.6,1305,272.6,12,Wholesale,Islamabad,Al-Fajr Dairy
2026-01-13,Cooking Oil,Grocery,3,520,430,0.0591,1467.8,1290,177.8,8,Retail,Faisalabad,Pakistan Oil Mills
2026-01-13,Rice,Grocery,2,280,210,0.0613,525.68,420,105.68,18,Wholesale,Faisalabad,Punjab Grain Co
2026-01-13,Instant Noodles,Grocery,12,60,42,0.021,704.86,504,200.86,140,Wholesale,Karachi,City Foods
2026-01-13,Premium Headphones,Electronics,1,4500,2100,0.0427,4307.63,2100,2207.63,22,Retail,Lahore,TechHub
2026-01-13,Smartphone Case,Electronics,5,650,180,0.0,3250.0,900,2350.0,55,Retail,Karachi,TechHub
2026-01-13,Energy Drink,Beverages,2,150,95,0.0135,295.96,190,105.96,28,Wholesale,Islamabad,CoolBev Ltd
2026-01-13,Green Tea,Beverages,5,220,140,0.0249,1072.57,700,372.57,90,Wholesale,Faisalabad,Highland Tea
2026-01-13,Basmati Gift Box,Grocery,1,1800,900,0.0098,1782.31,900,882.31,16,Retail,Islamabad,Punjab Grain Co
2026-01-13,Dish Soap,Household,3,190,120,0.0377,548.51,360,188.51,75,Retail,Lahore,CleanHome
2026-01-13,Mineral Water,Beverages,8,80,45,0.0283,621.91,360,261.91,60,Wholesale,Lahore,CoolBev Ltd
2026-01-13,Mineral Water,Beverages,5,80,45,0.0094,396.26,225,171.26,60,Wholesale,Lahore,CoolBev Ltd
2026-01-14,Milk,Dairy,6,180,145,0.0286,1049.13,870,179.13,12,Wholesale,Faisalabad,Al-Fajr Dairy
2026-01-14,Milk,Dairy,7,180,145,0.0147,1241.49,1015,226.49,12,Retail,Lahore,Al-Fajr Dairy
2026-01-14,Cooking Oil,Grocery,4,520,430,0.0268,2024.24,1720,304.24,8,Retail,Faisalabad,Pakistan Oil Mills
2026-01-14,Rice,Grocery,2,280,210,0.0338,541.09,420,121.09,18,Retail,Islamabad,Punjab Grain Co
2026-01-14,Instant Noodles,Grocery,15,60,42,0.012,889.19,630,259.19,140,Retail,Islamabad,City Foods
2026-01-14,Instant Noodles,Grocery,10,60,42,0.0567,565.97,420,145.97,140,Retail,Faisalabad,City Foods
2026-01-14,Premium Headphones,Electronics,1,4500,2100,0.0373,4332.29,2100,2232.29,22,Retail,Islamabad,TechHub
2026-01-14,Smartphone Case,Electronics,4,650,180,0.0241,2537.28,720,1817.28,55,Retail,Lahore,TechHub
2026-01-14,Energy Drink,Beverages,3,150,95,0.0699,418.52,285,133.52,28,Wholesale,Faisalabad,CoolBev Ltd
2026-01-14,Green Tea,Beverages,4,220,140,0.0347,849.46,560,289.46,90,Retail,Lahore,Highland Tea
2026-01-14,Basmati Gift Box,Grocery,1,1800,900,0.035,1737.03,900,837.03,16,Wholesale,Faisalabad,Punjab Grain Co
2026-01-14,Dish Soap,Household,2,190,120,0.0044,378.34,240,138.34,75,Retail,Islamabad,CleanHome
2026-01-14,Mineral Water,Beverages,5,80,45,0.0463,381.5,225,156.5,60,Wholesale,Lahore,CoolBev Ltd
2026-01-14,Mineral Water,Beverages,4,80,45,0.0403,307.1,180,127.1,60,Retail,Faisalabad,CoolBev Ltd
2026-01-14,Mineral Water,Beverages,7,80,45,0.0174,550.23,315,235.23,60,Retail,Faisalabad,CoolBev Ltd
2026-01-15,Milk,Dairy,8,180,145,0.039,1383.89,1160,223.89,12,Wholesale,Karachi,Al-Fajr Dairy
2026-01-15,Cooking Oil,Grocery,4,520,430,0.0093,2060.63,1720,340.63,8,Retail,Faisalabad,Pakistan Oil Mills
2026-01-15,Rice,Grocery,2,280,210,0.0389,538.2,420,118.2,18,Retail,Karachi,Punjab Grain Co
2026-01-15,Instant Noodles,Grocery,11,60,42,0.0443,630.78,462,168.78,140,Retail,Karachi,City Foods
2026-01-15,Instant Noodles,Grocery,12,60,42,0.059,677.5,504,173.5,140,Retail,Faisalabad,City Foods
2026-01-15,Instant Noodles,Grocery,14,60,42,0.0354,810.28,588,222.28,140,Retail,Islamabad,City Foods
2026-01-15,Premium Headphones,Electronics,1,4500,2100,0.0193,4413.01,2100,2313.01,22,Retail,Faisalabad,TechHub
2026-01-15,Smartphone Case,Electronics,6,650,180,0.0092,3864.17,1080,2784.17,55,Retail,Faisalabad,TechHub
2026-01-15,Energy Drink,Beverages,4,150,95,0.081,551.41,380,171.41,28,Wholesale,Lahore,CoolBev Ltd
2026-01-15,Green Tea,Beverages,3,220,140,0.0238,644.3,420,224.3,90,Retail,Lahore,Highland Tea
2026-01-15,Basmati Gift Box,Grocery,1,1800,900,0.0077,1786.08,900,886.08,16,Retail,Karachi,Punjab Grain Co
2026-01-15,Dish Soap,Household,3,190,120,0.0001,569.94,360,209.94,75,Retail,Faisalabad,CleanHome
2026-01-15,Mineral Water,Beverages,6,80,45,0.0233,468.84,270,198.84,60,Wholesale,Islamabad,CoolBev Ltd
2026-01-15,Mineral Water,Beverages,7,80,45,0.0,560.0,315,245.0,60,Retail,Karachi,CoolBev Ltd
2026-01-16,Milk,Dairy,7,180,145,0.067,1175.63,1015,160.63,12,Retail,Karachi,Al-Fajr Dairy
2026-01-16,Milk,Dairy,9,180,145,0.0079,1607.16,1305,302.16,12,Retail,Karachi,Al-Fajr Dairy
2026-01-16,Cooking Oil,Grocery,3,520,430,0.0126,1540.31,1290,250.31,8,Wholesale,Islamabad,Pakistan Oil Mills
2026-01-16,Rice,Grocery,3,280,210,0.0235,820.24,630,190.24,18,Wholesale,Faisalabad,Punjab Grain Co
2026-01-16,Instant Noodles,Grocery,12,60,42,0.0232,703.33,504,199.33,140,Wholesale,Lahore,City Foods
2026-01-16,Instant Noodles,Grocery,10,60,42,0.0,600.0,420,180.0,140,Wholesale,Faisalabad,City Foods
2026-01-16,Instant Noodles,Grocery,13,60,42,0.0,780.0,546,234.0,140,Wholesale,Karachi,City Foods
2026-01-16,Premium Headphones,Electronics,1,4500,2100,0.0157,4429.25,2100,2329.25,22,Retail,Faisalabad,TechHub
2026-01-16,Smartphone Case,Electronics,5,650,180,0.037,3129.79,900,2229.79,55,Retail,Lahore,TechHub
2026-01-16,Energy Drink,Beverages,3,150,95,0.0384,432.72,285,147.72,28,Wholesale,Lahore,CoolBev Ltd
2026-01-16,Green Tea,Beverages,5,220,140,0.0463,1049.03,700,349.03,90,Wholesale,Faisalabad,Highland Tea
2026-01-16,Basmati Gift Box,Grocery,1,1800,900,0.0196,1764.77,900,864.77,16,Retail,Lahore,Punjab Grain Co
2026-01-16,Dish Soap,Household,2,190,120,0.0213,371.91,240,131.91,75,Wholesale,Lahore,CleanHome
2026-01-16,Mineral Water,Beverages,7,80,45,0.06,526.42,315,211.42,60,Retail,Islamabad,CoolBev Ltd
2026-01-17,Milk,Dairy,9,180,145,0.0251,1579.36,1305,274.36,12,Wholesale,Karachi,Al-Fajr Dairy
2026-01-17,Cooking Oil,Grocery,2,520,430,0.0135,1026.0,860,166.0,8,Retail,Lahore,Pakistan Oil Mills
2026-01-17,Rice,Grocery,2,280,210,0.0107,553.99,420,133.99,18,Retail,Faisalabad,Punjab Grain Co
2026-01-17,Instant Noodles,Grocery,17,60,42,0.0523,966.7,714,252.7,140,Retail,Karachi,City Foods
2026-01-17,Instant Noodles,Grocery,14,60,42,0.0289,815.76,588,227.76,140,Wholesale,Karachi,City Foods
2026-01-17,Premium Headphones,Electronics,1,4500,2100,0.0118,4446.95,2100,2346.95,22,Wholesale,Lahore,TechHub
2026-01-17,Smartphone Case,Electronics,5,650,180,0.0429,3110.41,900,2210.41,55,Retail,Karachi,TechHub
2026-01-17,Energy Drink,Beverages,4,150,95,0.0093,594.42,380,214.42,28,Retail,Karachi,CoolBev Ltd
2026-01-17,Green Tea,Beverages,6,220,140,0.0057,1312.5,840,472.5,90,Retail,Lahore,Highland Tea
2026-01-17,Basmati Gift Box,Grocery,1,1800,900,0.023,1758.63,900,858.63,16,Retail,Faisalabad,Punjab Grain Co
2026-01-17,Dish Soap,Household,3,190,120,0.0526,540.04,360,180.04,75,Retail,Karachi,CleanHome
2026-01-17,Mineral Water,Beverages,6,80,45,0.0592,451.57,270,181.57,60,Retail,Islamabad,CoolBev Ltd
2026-01-17,Mineral Water,Beverages,9,80,45,0.0072,714.82,405,309.82,60,Retail,Lahore,CoolBev Ltd
2026-01-17,Mineral Water,Beverages,8,80,45,0.0312,620.05,360,260.05,60,Retail,Islamabad,CoolBev Ltd
2026-01-18,Milk,Dairy,8,180,145,0.0356,1388.79,1160,228.79,12,Retail,Karachi,Al-Fajr Dairy
2026-01-18,Cooking Oil,Grocery,5,520,430,0.0461,2480.04,2150,330.04,8,Retail,Karachi,Pakistan Oil Mills
2026-01-18,Rice,Grocery,2,280,210,0.05,531.98,420,111.98,18,Retail,Islamabad,Punjab Grain Co
2026-01-18,Instant Noodles,Grocery,12,60,42,0.032,696.97,504,192.97,140,Retail,Lahore,City Foods
2026-01-18,Premium Headphones,Electronics,1,4500,2100,0.0403,4318.53,2100,2218.53,22,Wholesale,Faisalabad,TechHub
2026-01-18,Smartphone Case,Electronics,5,650,180,0.0302,3151.76,900,2251.76,55,Wholesale,Karachi,TechHub
2026-01-18,Energy Drink,Beverages,3,150,95,0.071,418.06,285,133.06,28,Wholesale,Faisalabad,CoolBev Ltd
2026-01-18,Green Tea,Beverages,7,220,140,0.0116,1522.16,980,542.16,90,Wholesale,Karachi,Highland Tea
2026-01-18,Basmati Gift Box,Grocery,1,1800,900,0.0389,1730.07,900,830.07,16,Retail,Lahore,Punjab Grain Co
2026-01-18,Dish Soap,Household,3,190,120,0.0448,544.46,360,184.46,75,Retail,Faisalabad,CleanHome
2026-01-18,Mineral Water,Beverages,8,80,45,0.0,640.0,360,280.0,60,Retail,Karachi,CoolBev Ltd
2026-01-19,Milk,Dairy,5,180,145,0.0636,842.73,725,117.73,12,Retail,Lahore,Al-Fajr Dairy
2026-01-19,Milk,Dairy,9,180,145,0.0351,1563.13,1305,258.13,12,Retail,Karachi,Al-Fajr Dairy
2026-01-19,Milk,Dairy,7,180,145,0.0341,1217.09,1015,202.09,12,Retail,Islamabad,Al-Fajr Dairy
2026-01-19,Cooking Oil,Grocery,3,520,430,0.0312,1511.32,1290,221.32,8,Retail,Karachi,Pakistan Oil Mills
2026-01-19,Rice,Grocery,2,280,210,0.0284,544.09,420,124.09,18,Wholesale,Islamabad,Punjab Grain Co
2026-01-19,Instant Noodles,Grocery,16,60,42,0.0302,930.98,672,258.98,140,Retail,Faisalabad,City Foods
2026-01-19,Instant Noodles,Grocery,14,60,42,0.0259,818.21,588,230.21,140,Retail,Islamabad,City Foods
2026-01-19,Instant Noodles,Grocery,14,60,42,0.0151,827.33,588,239.33,140,Retail,Islamabad,City Foods
2026-01-19,Premium Headphones,Electronics,1,4500,2100,0.0378,4329.79,2100,2229.79,22,Wholesale,Faisalabad,TechHub
2026-01-19,Smartphone Case,Electronics,4,650,180,0.0499,2470.22,720,1750.22,55,Retail,Karachi,TechHub
2026-01-19,Energy Drink,Beverages,4,150,95,0.0308,581.53,380,201.53,28,Retail,Islamabad,CoolBev Ltd
2026-01-19,Green Tea,Beverages,4,220,140,0.0369,847.53,560,287.53,90,Wholesale,Islamabad,Highland Tea
2026-01-19,Basmati Gift Box,Grocery,1,1800,900,0.052,1706.4,900,806.4,16,Retail,Faisalabad,Punjab Grain Co
2026-01-19,Dish Soap,Household,2,190,120,0.0236,371.03,240,131.03,75,Wholesale,Islamabad,CleanHome
2026-01-19,Mineral Water,Beverages,5,80,45,0.0351,385.98,225,160.98,60,Retail,Lahore,CoolBev Ltd
2026-01-19,Mineral Water,Beverages,5,80,45,0.0362,385.51,225,160.51,60,Retail,Islamabad,CoolBev Ltd
2026-01-19,Mineral Water,Beverages,6,80,45,0.0355,462.98,270,192.98,60,Retail,Lahore,CoolBev Ltd
2026-01-20,Milk,Dairy,6,180,145,0.0588,1016.54,870,146.54,12,Wholesale,Faisalabad,Al-Fajr Dairy
2026-01-20,Milk,Dairy,7,180,145,0.0068,1251.48,1015,236.48,12,Retail,Lahore,Al-Fajr Dairy
2026-01-20,Milk,Dairy,5,180,145,0.0306,872.48,725,147.48,12,Retail,Lahore,Al-Fajr Dairy
2026-01-20,Cooking Oil,Grocery,3,520,430,0.0543,1475.32,1290,185.32,8,Retail,Islamabad,Pakistan Oil Mills
2026-01-20,Rice,Grocery,2,280,210,0.0612,525.71,420,105.71,18,Retail,Karachi,Punjab Grain Co
2026-01-20,Instant Noodles,Grocery,12,60,42,0.0121,711.28,504,207.28,140,Wholesale,Islamabad,City Foods
2026-01-20,Instant Noodles,Grocery,18,60,42,0.0667,1007.91,756,251.91,140,Retail,Lahore,City Foods
2026-01-20,Instant Noodles,Grocery,19,60,42,0.0307,1104.99,798,306.99,140,Retail,Faisalabad,City Foods
2026-01-20,Premium Headphones,Electronics,1,4500,2100,0.0326,4353.2,2100,2253.2,22,Retail,Islamabad,TechHub
2026-01-20,Smartphone Case,Electronics,7,650,180,0.047,4336.03,1260,3076.03,55,Retail,Lahore,TechHub
2026-01-20,Energy Drink,Beverages,4,150,95,0.0228,586.34,380,206.34,28,Retail,Islamabad,CoolBev Ltd
2026-01-20,Green Tea,Beverages,6,220,140,0.0306,1279.58,840,439.58,90,Retail,Lahore,Highland Tea
2026-01-20,Basmati Gift Box,Grocery,1,1800,900,0.0367,1733.88,900,833.88,16,Retail,Lahore,Punjab Grain Co
2026-01-20,Dish Soap,Household,2,190,120,0.0433,363.53,240,123.53,75,Retail,Islamabad,CleanHome
2026-01-20,Mineral Water,Beverages,4,80,45,0.0288,310.77,180,130.77,60,Retail,Faisalabad,CoolBev Ltd
2026-01-21,Milk,Dairy,8,180,145,0.0032,1435.45,1160,275.45,12,Retail,Lahore,Al-Fajr Dairy
2026-01-21,Milk,Dairy,6,180,145,0.0291,1048.61,870,178.61,12,Retail,Karachi,Al-Fajr Dairy
2026-01-21,Cooking Oil,Grocery,3,520,430,0.0445,1490.6,1290,200.6,8,Retail,Karachi,Pakistan Oil Mills
2026-01-21,Rice,Grocery,1,280,210,0.0,280.0,210,70.0,18,Retail,Karachi,Punjab Grain Co
2026-01-21,Instant Noodles,Grocery,13,60,42,0.0279,758.21,546,212.21,140,Retail,Faisalabad,City Foods
2026-01-21,Premium Headphones,Electronics,1,4500,2100,0.049,4279.71,2100,2179.71,22,Retail,Faisalabad,TechHub
2026-01-21,Smartphone Case,Electronics,4,650,180,0.0081,2578.85,720,1858.85,55,Retail,Karachi,TechHub
2026-01-21,Energy Drink,Beverages,4,150,95,0.0214,587.18,380,207.18,28,Retail,Karachi,CoolBev Ltd
2026-01-21,Green Tea,Beverages,3,220,140,0.0133,651.2,420,231.2,90,Retail,Islamabad,Highland Tea
2026-01-21,Basmati Gift Box,Grocery,1,1800,900,0.0308,1744.61,900,844.61,16,Retail,Karachi,Punjab Grain Co
2026-01-21,Dish Soap,Household,3,190,120,0.0165,560.61,360,200.61,75,Retail,Islamabad,CleanHome
2026-01-21,Mineral Water,Beverages,4,80,45,0.0378,307.91,180,127.91,60,Retail,Karachi,CoolBev Ltd
2026-01-21,Mineral Water,Beverages,6,80,45,0.0618,450.35,270,180.35,60,Wholesale,Islamabad,CoolBev Ltd
2026-01-21,Mineral Water,Beverages,8,80,45,0.0255,623.69,360,263.69,60,Wholesale,Islamabad,CoolBev Ltd
2026-01-22,Milk,Dairy,7,180,145,0.0085,1249.32,1015,234.32,12,Retail,Karachi,Al-Fajr Dairy
2026-01-22,Cooking Oil,Grocery,3,520,430,0.0411,1495.87,1290,205.87,8,Retail,Karachi,Pakistan Oil Mills
2026-01-22,Rice,Grocery,2,280,210,0.0532,530.24,420,110.24,18,Retail,Faisalabad,Punjab Grain Co
2026-01-22,Instant Noodles,Grocery,15,60,42,0.0573,848.46,630,218.46,140,Retail,Lahore,City Foods
2026-01-22,Instant Noodles,Grocery,13,60,42,0.0127,770.13,546,224.13,140,Retail,Karachi,City Foods
2026-01-22,Instant Noodles,Grocery,13,60,42,0.0267,759.19,546,213.19,140,Wholesale,Lahore,City Foods
2026-01-22,Premium Headphones,Electronics,1,4500,2100,0.0383,4327.76,2100,2227.76,22,Retail,Faisalabad,TechHub
2026-01-22,Smartphone Case,Electronics,5,650,180,0.0301,3152.11,900,2252.11,55,Retail,Karachi,TechHub
2026-01-22,Energy Drink,Beverages,4,150,95,0.0629,562.23,380,182.23,28,Wholesale,Karachi,CoolBev Ltd
2026-01-22,Green Tea,Beverages,5,220,140,0.007,1092.32,700,392.32,90,Retail,Karachi,Highland Tea
2026-01-22,Basmati Gift Box,Grocery,1,1800,900,0.0473,1714.83,900,814.83,16,Retail,Karachi,Punjab Grain Co
2026-01-22,Dish Soap,Household,3,190,120,0.0398,547.31,360,187.31,75,Wholesale,Karachi,CleanHome
2026-01-22,Mineral Water,Beverages,6,80,45,0.0229,469.01,270,199.01,60,Retail,Karachi,CoolBev Ltd
2026-01-22,Mineral Water,Beverages,3,80,45,0.0377,230.96,135,95.96,60,Wholesale,Islamabad,CoolBev Ltd
2026-01-23,Milk,Dairy,8,180,145,0.0396,1383.05,1160,223.05,12,Retail,Islamabad,Al-Fajr Dairy
2026-01-23,Milk,Dairy,6,180,145,0.0574,1018.0,870,148.0,12,Retail,Karachi,Al-Fajr Dairy
2026-01-23,Cooking Oil,Grocery,5,520,430,0.03,2522.1,2150,372.1,8,Wholesale,Islamabad,Pakistan Oil Mills
2026-01-23,Rice,Grocery,3,280,210,0.0326,812.6,630,182.6,18,Wholesale,Islamabad,Punjab Grain Co
2026-01-23,Instant Noodles,Grocery,14,60,42,0.0293,815.4,588,227.4,140,Retail,Faisalabad,City Foods
2026-01-23,Instant Noodles,Grocery,13,60,42,0.0152,768.18,546,222.18,140,Retail,Lahore,City Foods
2026-01-23,Premium Headphones,Electronics,1,4500,2100,0.0243,4390.45,2100,2290.45,22,Wholesale,Islamabad,TechHub
2026-01-23,Smartphone Case,Electronics,5,650,180,0.0423,3112.41,900,2212.41,55,Retail,Lahore,TechHub
2026-01-23,Energy Drink,Beverages,3,150,95,0.0521,426.56,285,141.56,28,Retail,Islamabad,CoolBev Ltd
2026-01-23,Green Tea,Beverages,4,220,140,0.0389,845.79,560,285.79,90,Retail,Faisalabad,Highland Tea
2026-01-23,Basmati Gift Box,Grocery,1,1800,900,0.0346,1737.74,900,837.74,16,Retail,Islamabad,Punjab Grain Co
2026-01-23,Dish Soap,Household,3,190,120,0.0426,545.7,360,185.7,75,Wholesale,Lahore,CleanHome
2026-01-23,Mineral Water,Beverages,6,80,45,0.0203,470.23,270,200.23,60,Wholesale,Karachi,CoolBev Ltd
2026-01-24,Milk,Dairy,11,180,145,0.0659,1849.54,1595,254.54,12,Retail,Islamabad,Al-Fajr Dairy
2026-01-24,Cooking Oil,Grocery,4,520,430,0.0371,2002.93,1720,282.93,8,Retail,Islamabad,Pakistan Oil Mills
2026-01-24,Rice,Grocery,3,280,210,0.0326,812.6,630,182.6,18,Retail,Lahore,Punjab Grain Co
2026-01-24,Instant Noodles,Grocery,15,60,42,0.0217,880.46,630,250.46,140,Retail,Lahore,City Foods
2026-01-24,Premium Headphones,Electronics,1,4500,2100,0.0368,4334.38,2100,2234.38,22,Retail,Lahore,TechHub
2026-01-24,Smartphone Case,Electronics,5,650,180,0.0451,3103.34,900,2203.34,55,Retail,Lahore,TechHub
2026-01-24,Energy Drink,Beverages,3,150,95,0.0588,423.52,285,138.52,28,Retail,Karachi,CoolBev Ltd
2026-01-24,Green Tea,Beverages,4,220,140,0.0091,871.99,560,311.99,90,Wholesale,Faisalabad,Highland Tea
2026-01-24,Basmati Gift Box,Grocery,1,1800,900,0.0245,1755.86,900,855.86,16,Retail,Faisalabad,Punjab Grain Co
2026-01-24,Dish Soap,Household,3,190,120,0.0368,549.03,360,189.03,75,Retail,Faisalabad,CleanHome
2026-01-24,Mineral Water,Beverages,8,80,45,0.0423,612.91,360,252.91,60,Retail,Islamabad,CoolBev Ltd
2026-01-24,Mineral Water,Beverages,7,80,45,0.0,560.0,315,245.0,60,Retail,Lahore,CoolBev Ltd
2026-01-24,Mineral Water,Beverages,7,80,45,0.0509,531.49,315,216.49,60,Retail,Faisalabad,CoolBev Ltd
2026-01-25,Milk,Dairy,8,180,145,0.0397,1382.83,1160,222.83,12,Retail,Islamabad,Al-Fajr Dairy
2026-01-25,Milk,Dairy,9,180,145,0.0497,1539.45,1305,234.45,12,Retail,Lahore,Al-Fajr Dairy
2026-01-25,Cooking Oil,Grocery,5,520,430,0.0435,2486.78,2150,336.78,8,Retail,Lahore,Pakistan Oil Mills
2026-01-25,Rice,Grocery,3,280,210,0.044,803.06,630,173.06,18,Retail,Lahore,Punjab Grain Co
2026-01-25,Instant Noodles,Grocery,15,60,42,0.0128,888.47,630,258.47,140,Retail,Faisalabad,City Foods
2026-01-25,Instant Noodles,Grocery,19,60,42,0.0109,1127.59,798,329.59,140,Wholesale,Faisalabad,City Foods
2026-01-25,Premium Headphones,Electronics,1,4500,2100,0.0259,4383.37,2100,2283.37,22,Retail,Faisalabad,TechHub
2026-01-25,Smartphone Case,Electronics,8,650,180,0.0025,5187.24,1440,3747.24,55,Retail,Karachi,TechHub
2026-01-25,Energy Drink,Beverages,4,150,95,0.0382,577.07,380,197.07,28,Retail,Lahore,CoolBev Ltd
2026-01-25,Green Tea,Beverages,6,220,140,0.0269,1284.46,840,444.46,90,Retail,Karachi,Highland Tea
2026-01-25,Basmati Gift Box,Grocery,1,1800,900,0.0526,1705.24,900,805.24,16,Retail,Karachi,Punjab Grain Co
2026-01-25,Dish Soap,Household,3,190,120,0.0086,565.12,360,205.12,75,Retail,Faisalabad,CleanHome
2026-01-25,Mineral Water,Beverages,7,80,45,0.0261,545.41,315,230.41,60,Wholesale,Islamabad,CoolBev Ltd
2026-01-26,Milk,Dairy,7,180,145,0.0,1260.0,1015,245.0,12,Retail,Karachi,Al-Fajr Dairy
2026-01-26,Cooking Oil,Grocery,3,520,430,0.0564,1472.05,1290,182.05,8,Retail,Islamabad,Pakistan Oil Mills
2026-01-26,Rice,Grocery,2,280,210,0.0587,527.12,420,107.12,18,Retail,Karachi,Punjab Grain Co
2026-01-26,Instant Noodles,Grocery,15,60,42,0.0312,871.89,630,241.89,140,Retail,Lahore,City Foods
2026-01-26,Instant Noodles,Grocery,13,60,42,0.002,778.41,546,232.41,140,Wholesale,Islamabad,City Foods
2026-01-26,Instant Noodles,Grocery,16,60,42,0.0245,936.51,672,264.51,140,Wholesale,Islamabad,City Foods
2026-01-26,Premium Headphones,Electronics,1,4500,2100,0.0459,4293.46,2100,2193.46,22,Retail,Faisalabad,TechHub
2026-01-26,Smartphone Case,Electronics,4,650,180,0.0545,2458.23,720,1738.23,55,Retail,Karachi,TechHub
2026-01-26,Energy Drink,Beverages,3,150,95,0.0495,427.74,285,142.74,28,Retail,Lahore,CoolBev Ltd
2026-01-26,Green Tea,Beverages,6,220,140,0.0423,1264.19,840,424.19,90,Retail,Karachi,Highland Tea
2026-01-26,Basmati Gift Box,Grocery,1,1800,900,0.0081,1785.5,900,885.5,16,Retail,Lahore,Punjab Grain Co
2026-01-26,Dish Soap,Household,2,190,120,0.0141,374.64,240,134.64,75,Wholesale,Faisalabad,CleanHome
2026-01-26,Mineral Water,Beverages,7,80,45,0.0597,526.54,315,211.54,60,Retail,Faisalabad,CoolBev Ltd
2026-01-26,Mineral Water,Beverages,5,80,45,0.0252,389.92,225,164.92,60,Retail,Karachi,CoolBev Ltd
2026-01-27,Milk,Dairy,8,180,145,0.0228,1407.2,1160,247.2,12,Wholesale,Lahore,Al-Fajr Dairy
2026-01-27,Milk,Dairy,6,180,145,0.039,1037.87,870,167.87,12,Retail,Karachi,Al-Fajr Dairy
2026-01-27,Cooking Oil,Grocery,3,520,430,0.0253,1520.56,1290,230.56,8,Retail,Karachi,Pakistan Oil Mills
2026-01-27,Rice,Grocery,2,280,210,0.0654,523.36,420,103.36,18,Retail,Lahore,Punjab Grain Co
2026-01-27,Instant Noodles,Grocery,13,60,42,0.0,780.0,546,234.0,140,Retail,Faisalabad,City Foods
2026-01-27,Premium Headphones,Electronics,1,4500,2100,0.0163,4426.73,2100,2326.73,22,Retail,Karachi,TechHub
2026-01-27,Smartphone Case,Electronics,4,650,180,0.0558,2455.0,720,1735.0,55,Retail,Lahore,TechHub
2026-01-27,Energy Drink,Beverages,3,150,95,0.0282,437.3,285,152.3,28,Retail,Faisalabad,CoolBev Ltd
2026-01-27,Green Tea,Beverages,6,220,140,0.0,1320.0,840,480.0,90,Retail,Karachi,Highland Tea
2026-01-27,Basmati Gift Box,Grocery,1,1800,900,0.0303,1745.48,900,845.48,16,Wholesale,Karachi,Punjab Grain Co
2026-01-27,Dish Soap,Household,3,190,120,0.0223,557.28,360,197.28,75,Retail,Karachi,CleanHome
2026-01-27,Mineral Water,Beverages,6,80,45,0.0493,456.36,270,186.36,60,Wholesale,Faisalabad,CoolBev Ltd
2026-01-28,Milk,Dairy,6,180,145,0.044,1032.53,870,162.53,12,Wholesale,Lahore,Al-Fajr Dairy
2026-01-28,Cooking Oil,Grocery,3,520,430,0.0595,1467.24,1290,177.24,8,Wholesale,Faisalabad,Pakistan Oil Mills
2026-01-28,Rice,Grocery,2,280,210,0.0063,556.5,420,136.5,18,Retail,Islamabad,Punjab Grain Co
2026-01-28,Instant Noodles,Grocery,10,60,42,0.0103,593.82,420,173.82,140,Retail,Islamabad,City Foods
2026-01-28,Instant Noodles,Grocery,20,60,42,0.066,1120.76,840,280.76,140,Retail,Lahore,City Foods
2026-01-28,Instant Noodles,Grocery,13,60,42,0.007,774.53,546,228.53,140,Retail,Lahore,City Foods
2026-01-28,Premium Headphones,Electronics,1,4500,2100,0.01,4454.81,2100,2354.81,22,Retail,Lahore,TechHub
2026-01-28,Smartphone Case,Electronics,3,650,180,0.0148,1921.22,540,1381.22,55,Wholesale,Karachi,TechHub
2026-01-28,Energy Drink,Beverages,3,150,95,0.0383,432.74,285,147.74,28,Retail,Karachi,CoolBev Ltd
2026-01-28,Green Tea,Beverages,5,220,140,0.014,1084.6,700,384.6,90,Retail,Faisalabad,Highland Tea
2026-01-28,Basmati Gift Box,Grocery,1,1800,900,0.0025,1795.55,900,895.55,16,Retail,Islamabad,Punjab Grain Co
2026-01-28,Dish Soap,Household,3,190,120,0.0423,545.91,360,185.91,75,Wholesale,Faisalabad,CleanHome
2026-01-28,Mineral Water,Beverages,8,80,45,0.0502,607.9,360,247.9,60,Wholesale,Faisalabad,CoolBev Ltd
2026-01-28,Mineral Water,Beverages,7,80,45,0.0687,521.54,315,206.54,60,Retail,Islamabad,CoolBev Ltd
2026-01-28,Mineral Water,Beverages,5,80,45,0.0115,395.41,225,170.41,60,Retail,Karachi,CoolBev Ltd
2026-01-29,Milk,Dairy,5,180,145,0.0203,881.75,725,156.75,12,Retail,Islamabad,Al-Fajr Dairy
2026-01-29,Milk,Dairy,7,180,145,0.017,1238.59,1015,223.59,12,Retail,Karachi,Al-Fajr Dairy
2026-01-29,Milk,Dairy,6,180,145,0.0124,1066.6,870,196.6,12,Retail,Islamabad,Al-Fajr Dairy
2026-01-29,Cooking Oil,Grocery,3,520,430,0.0477,1485.53,1290,195.53,8,Retail,Lahore,Pakistan Oil Mills
2026-01-29,Rice,Grocery,2,280,210,0.0157,551.19,420,131.19,18,Retail,Islamabad,Punjab Grain Co
2026-01-29,Instant Noodles,Grocery,11,60,42,0.0,660.0,462,198.0,140,Retail,Islamabad,City Foods
2026-01-29,Premium Headphones,Electronics,1,4500,2100,0.0565,4245.75,2100,2145.75,22,Wholesale,Faisalabad,TechHub
2026-01-29,Smartphone Case,Electronics,6,650,180,0.0382,3750.94,1080,2670.94,55,Retail,Faisalabad,TechHub
2026-01-29,Energy Drink,Beverages,3,150,95,0.0405,431.78,285,146.78,28,Retail,Lahore,CoolBev Ltd
2026-01-29,Green Tea,Beverages,4,220,140,0.0412,843.75,560,283.75,90,Wholesale,Faisalabad,Highland Tea
2026-01-29,Basmati Gift Box,Grocery,1,1800,900,0.0075,1786.42,900,886.42,16,Retail,Lahore,Punjab Grain Co
2026-01-29,Dish Soap,Household,2,190,120,0.0365,366.11,240,126.11,75,Wholesale,Islamabad,CleanHome
2026-01-29,Mineral Water,Beverages,7,80,45,0.0424,536.28,315,221.28,60,Retail,Faisalabad,CoolBev Ltd
2026-01-29,Mineral Water,Beverages,7,80,45,0.01,554.41,315,239.41,60,Retail,Islamabad,CoolBev Ltd
2026-01-30,Milk,Dairy,6,180,145,0.0509,1025.03,870,155.03,12,Wholesale,Islamabad,Al-Fajr Dairy
2026-01-30,Milk,Dairy,6,180,145,0.0,1080.0,870,210.0,12,Retail,Lahore,Al-Fajr Dairy
2026-01-30,Cooking Oil,Grocery,2,520,430,0.0493,988.68,860,128.68,8,Wholesale,Islamabad,Pakistan Oil Mills
2026-01-30,Rice,Grocery,2,280,210,0.036,539.82,420,119.82,18,Retail,Islamabad,Punjab Grain Co
2026-01-30,Instant Noodles,Grocery,16,60,42,0.0292,931.94,672,259.94,140,Retail,Islamabad,City Foods
2026-01-30,Instant Noodles,Grocery,13,60,42,0.05,741.01,546,195.01,140,Retail,Faisalabad,City Foods
2026-01-30,Premium Headphones,Electronics,1,4500,2100,0.0211,4405.24,2100,2305.24,22,Retail,Faisalabad,TechHub
2026-01-30,Smartphone Case,Electronics,4,650,180,0.0133,2565.47,720,1845.47,55,Wholesale,Faisalabad,TechHub
2026-01-30,Energy Drink,Beverages,4,150,95,0.0419,574.88,380,194.88,28,Wholesale,Faisalabad,CoolBev Ltd
2026-01-30,Green Tea,Beverages,6,220,140,0.0225,1290.3,840,450.3,90,Retail,Karachi,Highland Tea
2026-01-30,Basmati Gift Box,Grocery,1,1800,900,0.0305,1745.16,900,845.16,16,Wholesale,Islamabad,Punjab Grain Co
2026-01-30,Dish Soap,Household,3,190,120,0.0373,548.75,360,188.75,75,Retail,Karachi,CleanHome
2026-01-30,Mineral Water,Beverages,7,80,45,0.0,560.0,315,245.0,60,Retail,Lahore,CoolBev Ltd
2026-01-31,Milk,Dairy,9,180,145,0.035,1563.29,1305,258.29,12,Retail,Faisalabad,Al-Fajr Dairy
2026-01-31,Cooking Oil,Grocery,4,520,430,0.0701,1934.25,1720,214.25,8,Retail,Faisalabad,Pakistan Oil Mills
2026-01-31,Rice,Grocery,3,280,210,0.0212,822.18,630,192.18,18,Retail,Lahore,Punjab Grain Co
2026-01-31,Instant Noodles,Grocery,11,60,42,0.0352,636.8,462,174.8,140,Retail,Faisalabad,City Foods
2026-01-31,Instant Noodles,Grocery,13,60,42,0.0168,766.92,546,220.92,140,Wholesale,Karachi,City Foods
2026-01-31,Instant Noodles,Grocery,15,60,42,0.0311,872.04,630,242.04,140,Retail,Lahore,City Foods
2026-01-31,Smartphone Case,Electronics,6,650,180,0.0451,3724.2,1080,2644.2,55,Retail,Islamabad,TechHub
2026-01-31,Energy Drink,Beverages,2,150,95,0.0101,296.98,190,106.98,28,Wholesale,Lahore,CoolBev Ltd
2026-01-31,Green Tea,Beverages,3,220,140,0.023,644.79,420,224.79,90,Retail,Karachi,Highland Tea
2026-01-31,Basmati Gift Box,Grocery,1,1800,900,0.0165,1770.3,900,870.3,16,Retail,Lahore,Punjab Grain Co
2026-01-31,Dish Soap,Household,3,190,120,0.0667,531.97,360,171.97,75,Retail,Karachi,CleanHome
2026-01-31,Mineral Water,Beverages,5,80,45,0.0538,378.48,225,153.48,60,Retail,Islamabad,CoolBev Ltd
2026-01-31,Mineral Water,Beverages,7,80,45,0.0296,543.45,315,228.45,60,Retail,Faisalabad,CoolBev Ltd
2026-01-31,Mineral Water,Beverages,8,80,45,0.0493,608.42,360,248.42,60,Retail,Faisalabad,CoolBev Ltd
2026-02-01,Milk,Dairy,6,180,145,0.0275,1050.27,870,180.27,12,Retail,Karachi,Al-Fajr Dairy
2026-02-01,Milk,Dairy,6,180,145,0.0085,1070.81,870,200.81,12,Retail,Faisalabad,Al-Fajr Dairy
2026-02-01,Cooking Oil,Grocery,4,520,430,0.0382,2000.46,1720,280.46,8,Retail,Faisalabad,Pakistan Oil Mills
2026-02-01,Rice,Grocery,3,280,210,0.0432,803.75,630,173.75,18,Wholesale,Faisalabad,Punjab Grain Co
2026-02-01,Instant Noodles,Grocery,15,60,42,0.0386,865.3,630,235.3,140,Retail,Lahore,City Foods
2026-02-01,Instant Noodles,Grocery,16,60,42,0.0094,951.02,672,279.02,140,Retail,Lahore,City Foods
2026-02-01,Instant Noodles,Grocery,19,60,42,0.0154,1122.5,798,324.5,140,Wholesale,Islamabad,City Foods
2026-02-01,Premium Headphones,Electronics,1,4500,2100,0.0249,4387.76,2100,2287.76,22,Retail,Lahore,TechHub
2026-02-01,Smartphone Case,Electronics,4,650,180,0.0371,2503.66,720,1783.66,55,Wholesale,Karachi,TechHub
2026-02-01,Energy Drink,Beverages,4,150,95,0.0225,586.51,380,206.51,28,Wholesale,Karachi,CoolBev Ltd
2026-02-01,Green Tea,Beverages,5,220,140,0.0249,1072.59,700,372.59,90,Wholesale,Faisalabad,Highland Tea
2026-02-01,Basmati Gift Box,Grocery,1,1800,900,0.0,1800.0,900,900.0,16,Retail,Lahore,Punjab Grain Co
2026-02-01,Dish Soap,Household,3,190,120,0.0375,548.6,360,188.6,75,Retail,Karachi,CleanHome
2026-02-01,Mineral Water,Beverages,9,80,45,0.0549,680.46,405,275.46,60,Retail,Islamabad,CoolBev Ltd
2026-02-01,Mineral Water,Beverages,5,80,45,0.0466,381.37,225,156.37,60,Retail,Faisalabad,CoolBev Ltd
2026-02-01,Mineral Water,Beverages,5,80,45,0.0295,388.19,225,163.19,60,Wholesale,Faisalabad,CoolBev Ltd
2026-02-02,Milk,Dairy,7,180,145,0.0358,1214.86,1015,199.86,12,Retail,Karachi,Al-Fajr Dairy
2026-02-02,Cooking Oil,Grocery,4,520,430,0.0,2080.0,1720,360.0,8,Wholesale,Lahore,Pakistan Oil Mills
2026-02-02,Rice,Grocery,2,280,210,0.0,560.0,420,140.0,18,Retail,Karachi,Punjab Grain Co
2026-02-02,Instant Noodles,Grocery,17,60,42,0.0083,1011.57,714,297.57,140,Retail,Faisalabad,City Foods
2026-02-02,Instant Noodles,Grocery,12,60,42,0.0166,708.08,504,204.08,140,Wholesale,Islamabad,City Foods
2026-02-02,Premium Headphones,Electronics,1,4500,2100,0.0392,4323.4,2100,2223.4,22,Wholesale,Karachi,TechHub
2026-02-02,Smartphone Case,Electronics,6,650,180,0.0421,3735.99,1080,2655.99,55,Retail,Islamabad,TechHub
2026-02-02,Energy Drink,Beverages,4,150,95,0.0018,598.92,380,218.92,28,Retail,Karachi,CoolBev Ltd
2026-02-02,Green Tea,Beverages,4,220,140,0.0259,857.19,560,297.19,90,Wholesale,Karachi,Highland Tea
2026-02-02,Basmati Gift Box,Grocery,1,1800,900,0.0439,1720.99,900,820.99,16,Retail,Faisalabad,Punjab Grain Co
2026-02-02,Dish Soap,Household,3,190,120,0.0298,553.0,360,193.0,75,Wholesale,Karachi,CleanHome
2026-02-02,Mineral Water,Beverages,8,80,45,0.0,640.0,360,280.0,60,Wholesale,Islamabad,CoolBev Ltd
2026-02-02,Mineral Water,Beverages,7,80,45,0.013,552.74,315,237.74,60,Wholesale,Lahore,CoolBev Ltd
2026-02-03,Milk,Dairy,8,180,145,0.0494,1368.83,1160,208.83,12,Wholesale,Lahore,Al-Fajr Dairy
2026-02-03,Cooking Oil,Grocery,3,520,430,0.0258,1519.73,1290,229.73,8,Retail,Karachi,Pakistan Oil Mills
2026-02-03,Rice,Grocery,3,280,210,0.0336,811.75,630,181.75,18,Retail,Islamabad,Punjab Grain Co
2026-02-03,Instant Noodles,Grocery,16,60,42,0.0431,918.63,672,246.63,140,Retail,Faisalabad,City Foods
2026-02-03,Premium Headphones,Electronics,1,4500,2100,0.0114,4448.61,2100,2348.61,22,Retail,Faisalabad,TechHub
2026-02-03,Smartphone Case,Electronics,3,650,180,0.0347,1882.26,540,1342.26,55,Retail,Karachi,TechHub
2026-02-03,Energy Drink,Beverages,3,150,95,0.0,450.0,285,165.0,28,Retail,Karachi,CoolBev Ltd
2026-02-03,Green Tea,Beverages,5,220,140,0.0167,1081.62,700,381.62,90,Retail,Faisalabad,Highland Tea
2026-02-03,Basmati Gift Box,Grocery,1,1800,900,0.0588,1694.21,900,794.21,16,Retail,Islamabad,Punjab Grain Co
2026-02-03,Dish Soap,Household,3,190,120,0.0765,526.39,360,166.39,75,Retail,Karachi,CleanHome
2026-02-03,Mineral Water,Beverages,6,80,45,0.0181,471.29,270,201.29,60,Retail,Karachi,CoolBev Ltd
2026-02-03,Mineral Water,Beverages,7,80,45,0.0279,544.38,315,229.38,60,Retail,Faisalabad,CoolBev Ltd
2026-02-04,Milk,Dairy,7,180,145,0.076,1164.25,1015,149.25,12,Retail,Faisalabad,Al-Fajr Dairy
2026-02-04,Milk,Dairy,9,180,145,0.0371,1559.82,1305,254.82,12,Retail,Faisalabad,Al-Fajr Dairy
2026-02-04,Milk,Dairy,6,180,145,0.0129,1066.04,870,196.04,12,Retail,Islamabad,Al-Fajr Dairy
2026-02-04,Cooking Oil,Grocery,4,520,430,0.0308,2015.93,1720,295.93,8,Retail,Karachi,Pakistan Oil Mills
2026-02-04,Rice,Grocery,2,280,210,0.0015,559.18,420,139.18,18,Retail,Islamabad,Punjab Grain Co
2026-02-04,Instant Noodles,Grocery,14,60,42,0.0525,795.9,588,207.9,140,Retail,Islamabad,City Foods
2026-02-04,Instant Noodles,Grocery,8,60,42,0.0262,467.43,336,131.43,140,Retail,Lahore,City Foods
2026-02-04,Instant Noodles,Grocery,19,60,42,0.0009,1139.02,798,341.02,140,Wholesale,Karachi,City Foods
2026-02-04,Premium Headphones,Electronics,1,4500,2100,0.039,4324.5,2100,2224.5,22,Retail,Islamabad,TechHub
2026-02-04,Smartphone Case,Electronics,5,650,180,0.0366,3131.05,900,2231.05,55,Retail,Islamabad,TechHub
2026-02-04,Energy Drink,Beverages,3,150,95,0.0476,428.6,285,143.6,28,Wholesale,Lahore,CoolBev Ltd
2026-02-04,Green Tea,Beverages,5,220,140,0.0336,1063.07,700,363.07,90,Retail,Lahore,Highland Tea
2026-02-04,Basmati Gift Box,Grocery,1,1800,900,0.0175,1768.41,900,868.41,16,Wholesale,Islamabad,Punjab Grain Co
2026-02-04,Dish Soap,Household,2,190,120,0.0079,376.99,240,136.99,75,Retail,Faisalabad,CleanHome
2026-02-04,Mineral Water,Beverages,7,80,45,0.0064,556.43,315,241.43,60,Retail,Lahore,CoolBev Ltd
2026-02-04,Mineral Water,Beverages,5,80,45,0.0565,377.4,225,152.4,60,Wholesale,Karachi,CoolBev Ltd
2026-02-05,Milk,Dairy,7,180,145,0.04,1209.63,1015,194.63,12,Retail,Karachi,Al-Fajr Dairy
2026-02-05,Cooking Oil,Grocery,3,520,430,0.07,1450.88,1290,160.88,8,Retail,Lahore,Pakistan Oil Mills
2026-02-05,Rice,Grocery,2,280,210,0.041,537.06,420,117.06,18,Retail,Lahore,Punjab Grain Co
2026-02-05,Instant Noodles,Grocery,10,60,42,0.0342,579.48,420,159.48,140,Retail,Karachi,City Foods
2026-02-05,Instant Noodles,Grocery,17,60,42,0.0237,995.83,714,281.83,140,Wholesale,Karachi,City Foods
2026-02-05,Instant Noodles,Grocery,11,60,42,0.0,660.0,462,198.0,140,Wholesale,Lahore,City Foods
2026-02-05,Premium Headphones,Electronics,1,4500,2100,0.0215,4403.2,2100,2303.2,22,Wholesale,Lahore,TechHub
2026-02-05,Smartphone Case,Electronics,5,650,180,0.0266,3163.58,900,2263.58,55,Retail,Islamabad,TechHub
2026-02-05,Energy Drink,Beverages,4,150,95,0.0411,575.34,380,195.34,28,Retail,Lahore,CoolBev Ltd
2026-02-05,Green Tea,Beverages,5,220,140,0.0067,1092.63,700,392.63,90,Retail,Faisalabad,Highland Tea
2026-02-05,Basmati Gift Box,Grocery,1,1800,900,0.045,1719.03,900,819.03,16,Retail,Karachi,Punjab Grain Co
2026-02-05,Dish Soap,Household,2,190,120,0.0603,357.08,240,117.08,75,Wholesale,Karachi,CleanHome
2026-02-05,Mineral Water,Beverages,7,80,45,0.0347,540.55,315,225.55,60,Retail,Lahore,CoolBev Ltd
2026-02-05,Mineral Water,Beverages,7,80,45,0.0253,545.85,315,230.85,60,Retail,Lahore,CoolBev Ltd
2026-02-05,Mineral Water,Beverages,5,80,45,0.041,383.59,225,158.59,60,Retail,Karachi,CoolBev Ltd
2026-02-06,Milk,Dairy,6,180,145,0.0184,1060.17,870,190.17,12,Retail,Faisalabad,Al-Fajr Dairy
2026-02-06,Cooking Oil,Grocery,2,520,430,0.0174,1021.87,860,161.87,8,Retail,Islamabad,Pakistan Oil Mills
2026-02-06,Rice,Grocery,2,280,210,0.0462,534.14,420,114.14,18,Retail,Faisalabad,Punjab Grain Co
2026-02-06,Instant Noodles,Grocery,13,60,42,0.0328,754.42,546,208.42,140,Retail,Islamabad,City Foods
2026-02-06,Premium Headphones,Electronics,1,4500,2100,0.0112,4449.62,2100,2349.62,22,Wholesale,Lahore,TechHub
2026-02-06,Smartphone Case,Electronics,4,650,180,0.0332,2513.57,720,1793.57,55,Retail,Lahore,TechHub
2026-02-06,Energy Drink,Beverages,2,150,95,0.0305,290.85,190,100.85,28,Wholesale,Faisalabad,CoolBev Ltd
2026-02-06,Green Tea,Beverages,5,220,140,0.0297,1067.28,700,367.28,90,Retail,Faisalabad,Highland Tea
2026-02-06,Basmati Gift Box,Grocery,1,1800,900,0.0306,1744.94,900,844.94,16,Retail,Islamabad,Punjab Grain Co
2026-02-06,Dish Soap,Household,1,190,120,0.0369,182.99,120,62.99,75,Retail,Karachi,CleanHome
2026-02-06,Mineral Water,Beverages,7,80,45,0.0159,551.07,315,236.07,60,Retail,Karachi,CoolBev Ltd
2026-02-06,Mineral Water,Beverages,4,80,45,0.0,320.0,180,140.0,60,Retail,Karachi,CoolBev Ltd
2026-02-06,Mineral Water,Beverages,5,80,45,0.0209,391.64,225,166.64,60,Retail,Lahore,CoolBev Ltd
2026-02-07,Milk,Dairy,7,180,145,0.0265,1226.58,1015,211.58,12,Retail,Islamabad,Al-Fajr Dairy
2026-02-07,Milk,Dairy,9,180,145,0.0391,1556.74,1305,251.74,12,Retail,Lahore,Al-Fajr Dairy
2026-02-07,Cooking Oil,Grocery,4,520,430,0.0616,1951.96,1720,231.96,8,Wholesale,Islamabad,Pakistan Oil Mills
2026-02-07,Rice,Grocery,3,280,210,0.0527,795.77,630,165.77,18,Retail,Lahore,Punjab Grain Co
2026-02-07,Instant Noodles,Grocery,17,60,42,0.0572,961.69,714,247.69,140,Retail,Karachi,City Foods
2026-02-07,Premium Headphones,Electronics,1,4500,2100,0.0256,4384.59,2100,2284.59,22,Retail,Islamabad,TechHub
2026-02-07,Smartphone Case,Electronics,6,650,180,0.025,3802.69,1080,2722.69,55,Wholesale,Karachi,TechHub
2026-02-07,Energy Drink,Beverages,4,150,95,0.0164,590.14,380,210.14,28,Retail,Islamabad,CoolBev Ltd
2026-02-07,Green Tea,Beverages,9,220,140,0.0,1980.0,1260,720.0,90,Retail,Islamabad,Highland Tea
2026-02-07,Basmati Gift Box,Grocery,1,1800,900,0.0415,1725.21,900,825.21,16,Retail,Faisalabad,Punjab Grain Co
2026-02-07,Dish Soap,Household,3,190,120,0.0535,539.5,360,179.5,75,Retail,Lahore,CleanHome
2026-02-07,Mineral Water,Beverages,9,80,45,0.0,720.0,405,315.0,60,Retail,Karachi,CoolBev Ltd
2026-02-07,Mineral Water,Beverages,8,80,45,0.0516,607.0,360,247.0,60,Retail,Lahore,CoolBev Ltd
2026-02-07,Mineral Water,Beverages,6,80,45,0.0329,464.2,270,194.2,60,Retail,Karachi,CoolBev Ltd
2026-02-08,Milk,Dairy,10,180,145,0.0,1800.0,1450,350.0,12,Wholesale,Faisalabad,Al-Fajr Dairy
2026-02-08,Cooking Oil,Grocery,4,520,430,0.0259,2026.08,1720,306.08,8,Retail,Faisalabad,Pakistan Oil Mills
2026-02-08,Rice,Grocery,3,280,210,0.0,840.0,630,210.0,18,Retail,Lahore,Punjab Grain Co
2026-02-08,Instant Noodles,Grocery,13,60,42,0.0311,755.77,546,209.77,140,Retail,Islamabad,City Foods
2026-02-08,Premium Headphones,Electronics,1,4500,2100,0.0264,4381.08,2100,2281.08,22,Wholesale,Faisalabad,TechHub
2026-02-08,Smartphone Case,Electronics,5,650,180,0.0555,3069.76,900,2169.76,55,Wholesale,Islamabad,TechHub
2026-02-08,Energy Drink,Beverages,4,150,95,0.0253,584.84,380,204.84,28,Wholesale,Karachi,CoolBev Ltd
2026-02-08,Green Tea,Beverages,6,220,140,0.0,1320.0,840,480.0,90,Retail,Islamabad,Highland Tea
2026-02-08,Basmati Gift Box,Grocery,1,1800,900,0.0777,1660.07,900,760.07,16,Retail,Lahore,Punjab Grain Co
2026-02-08,Dish Soap,Household,3,190,120,0.066,532.4,360,172.4,75,Retail,Faisalabad,CleanHome
2026-02-08,Mineral Water,Beverages,8,80,45,0.03,620.77,360,260.77,60,Retail,Karachi,CoolBev Ltd
2026-02-09,Milk,Dairy,6,180,145,0.0282,1049.53,870,179.53,12,Retail,Faisalabad,Al-Fajr Dairy
2026-02-09,Cooking Oil,Grocery,3,520,430,0.039,1499.16,1290,209.16,8,Retail,Faisalabad,Pakistan Oil Mills
2026-02-09,Rice,Grocery,1,280,210,0.0498,266.06,210,56.06,18,Retail,Islamabad,Punjab Grain Co
2026-02-09,Instant Noodles,Grocery,13,60,42,0.0,780.0,546,234.0,140,Wholesale,Faisalabad,City Foods
2026-02-09,Instant Noodles,Grocery,13,60,42,0.0546,737.44,546,191.44,140,Retail,Lahore,City Foods
2026-02-09,Instant Noodles,Grocery,16,60,42,0.0192,941.54,672,269.54,140,Retail,Faisalabad,City Foods
2026-02-09,Premium Headphones,Electronics,1,4500,2100,0.0475,4286.42,2100,2186.42,22,Retail,Faisalabad,TechHub
2026-02-09,Smartphone Case,Electronics,3,650,180,0.0024,1945.4,540,1405.4,55,Retail,Karachi,TechHub
2026-02-09,Energy Drink,Beverages,3,150,95,0.005,447.74,285,162.74,28,Retail,Islamabad,CoolBev Ltd
2026-02-09,Green Tea,Beverages,4,220,140,0.0775,811.81,560,251.81,90,Retail,Faisalabad,Highland Tea
2026-02-09,Basmati Gift Box,Grocery,1,1800,900,0.0074,1786.61,900,886.61,16,Retail,Lahore,Punjab Grain Co
2026-02-09,Dish Soap,Household,2,190,120,0.0,380.0,240,140.0,75,Retail,Faisalabad,CleanHome
2026-02-09,Mineral Water,Beverages,8,80,45,0.0209,626.6,360,266.6,60,Retail,Islamabad,CoolBev Ltd
2026-02-09,Mineral Water,Beverages,7,80,45,0.0267,545.04,315,230.04,60,Wholesale,Faisalabad,CoolBev Ltd
2026-02-10,Milk,Dairy,8,180,145,0.0277,1400.06,1160,240.06,12,Retail,Lahore,Al-Fajr Dairy
2026-02-10,Cooking Oil,Grocery,3,520,430,0.0183,1531.41,1290,241.41,8,Wholesale,Faisalabad,Pakistan Oil Mills
2026-02-10,Rice,Grocery,2,280,210,0.0032,558.19,420,138.19,18,Retail,Karachi,Punjab Grain Co
2026-02-10,Instant Noodles,Grocery,11,60,42,0.0167,648.95,462,186.95,140,Retail,Faisalabad,City Foods
2026-02-10,Premium Headphones,Electronics,1,4500,2100,0.032,4356.22,2100,2256.22,22,Retail,Faisalabad,TechHub
2026-02-10,Smartphone Case,Electronics,4,650,180,0.0315,2518.19,720,1798.19,55,Retail,Islamabad,TechHub
2026-02-10,Energy Drink,Beverages,3,150,95,0.0294,436.78,285,151.78,28,Retail,Islamabad,CoolBev Ltd
2026-02-10,Green Tea,Beverages,3,220,140,0.0197,647.02,420,227.02,90,Retail,Lahore,Highland Tea
2026-02-10,Basmati Gift Box,Grocery,1,1800,900,0.0262,1752.82,900,852.82,16,Retail,Faisalabad,Punjab Grain Co
2026-02-10,Dish Soap,Household,2,190,120,0.0222,371.55,240,131.55,75,Wholesale,Karachi,CleanHome
2026-02-10,Mineral Water,Beverages,5,80,45,0.0434,382.63,225,157.63,60,Wholesale,Islamabad,CoolBev Ltd
2026-02-10,Mineral Water,Beverages,5,80,45,0.0363,385.49,225,160.49,60,Wholesale,Karachi,CoolBev Ltd
2026-02-10,Mineral Water,Beverages,7,80,45,0.0145,551.87,315,236.87,60,Retail,Islamabad,CoolBev Ltd
2026-02-11,Milk,Dairy,6,180,145,0.0187,1059.82,870,189.82,12,Retail,Lahore,Al-Fajr Dairy
2026-02-11,Milk,Dairy,8,180,145,0.0642,1347.55,1160,187.55,12,Retail,Islamabad,Al-Fajr Dairy
2026-02-11,Milk,Dairy,6,180,145,0.0314,1046.08,870,176.08,12,Retail,Islamabad,Al-Fajr Dairy
2026-02-11,Cooking Oil,Grocery,3,520,430,0.0174,1532.86,1290,242.86,8,Retail,Karachi,Pakistan Oil Mills
2026-02-11,Rice,Grocery,2,280,210,0.0271,544.82,420,124.82,18,Retail,Karachi,Punjab Grain Co
2026-02-11,Instant Noodles,Grocery,12,60,42,0.0862,657.94,504,153.94,140,Retail,Faisalabad,City Foods
2026-02-11,Instant Noodles,Grocery,13,60,42,0.021,763.64,546,217.64,140,Retail,Karachi,City Foods
2026-02-11,Instant Noodles,Grocery,11,60,42,0.0641,617.68,462,155.68,140,Wholesale,Karachi,City Foods
2026-02-11,Premium Headphones,Electronics,1,4500,2100,0.0031,4486.21,2100,2386.21,22,Retail,Faisalabad,TechHub
2026-02-11,Smartphone Case,Electronics,4,650,180,0.0592,2445.96,720,1725.96,55,Retail,Karachi,TechHub
2026-02-11,Energy Drink,Beverages,3,150,95,0.0,450.0,285,165.0,28,Retail,Islamabad,CoolBev Ltd
2026-02-11,Green Tea,Beverages,5,220,140,0.0543,1040.32,700,340.32,90,Wholesale,Faisalabad,Highland Tea
2026-02-11,Basmati Gift Box,Grocery,1,1800,900,0.036,1735.14,900,835.14,16,Wholesale,Lahore,Punjab Grain Co
2026-02-11,Dish Soap,Household,2,190,120,0.0298,368.66,240,128.66,75,Retail,Islamabad,CleanHome
2026-02-11,Mineral Water,Beverages,6,80,45,0.0,480.0,270,210.0,60,Retail,Karachi,CoolBev Ltd
2026-02-11,Mineral Water,Beverages,6,80,45,0.027,467.02,270,197.02,60,Retail,Faisalabad,CoolBev Ltd
2026-02-12,Milk,Dairy,7,180,145,0.0388,1211.05,1015,196.05,12,Retail,Lahore,Al-Fajr Dairy
2026-02-12,Milk,Dairy,7,180,145,0.0318,1219.87,1015,204.87,12,Retail,Karachi,Al-Fajr Dairy
2026-02-12,Milk,Dairy,8,180,145,0.03,1396.82,1160,236.82,12,Retail,Karachi,Al-Fajr Dairy
2026-02-12,Cooking Oil,Grocery,4,520,430,0.0,2080.0,1720,360.0,8,Wholesale,Faisalabad,Pakistan Oil Mills
2026-02-12,Rice,Grocery,2,280,210,0.0299,543.28,420,123.28,18,Retail,Islamabad,Punjab Grain Co
2026-02-12,Instant Noodles,Grocery,13,60,42,0.0433,746.24,546,200.24,140,Retail,Faisalabad,City Foods
2026-02-12,Premium Headphones,Electronics,1,4500,2100,0.0248,4388.47,2100,2288.47,22,Retail,Faisalabad,TechHub
2026-02-12,Smartphone Case,Electronics,5,650,180,0.0544,3073.09,900,2173.09,55,Retail,Islamabad,TechHub
2026-02-12,Energy Drink,Beverages,3,150,95,0.0435,430.44,285,145.44,28,Wholesale,Lahore,CoolBev Ltd
2026-02-12,Green Tea,Beverages,6,220,140,0.0125,1303.53,840,463.53,90,Wholesale,Faisalabad,Highland Tea
2026-02-12,Basmati Gift Box,Grocery,1,1800,900,0.0311,1743.93,900,843.93,16,Retail,Lahore,Punjab Grain Co
2026-02-12,Dish Soap,Household,3,190,120,0.0416,546.3,360,186.3,75,Retail,Islamabad,CleanHome
2026-02-12,Mineral Water,Beverages,6,80,45,0.0596,451.41,270,181.41,60,Retail,Faisalabad,CoolBev Ltd
2026-02-12,Mineral Water,Beverages,5,80,45,0.0302,387.91,225,162.91,60,Retail,Lahore,CoolBev Ltd
2026-02-13,Milk,Dairy,5,180,145,0.0038,896.59,725,171.59,12,Retail,Karachi,Al-Fajr Dairy
2026-02-13,Cooking Oil,Grocery,3,520,430,0.0076,1548.09,1290,258.09,8,Retail,Karachi,Pakistan Oil Mills
2026-02-13,Rice,Grocery,2,280,210,0.0172,550.39,420,130.39,18,Retail,Islamabad,Punjab Grain Co
2026-02-13,Instant Noodles,Grocery,16,60,42,0.0395,922.08,672,250.08,140,Retail,Faisalabad,City Foods
2026-02-13,Instant Noodles,Grocery,14,60,42,0.0509,797.27,588,209.27,140,Retail,Karachi,City Foods
2026-02-13,Instant Noodles,Grocery,11,60,42,0.0431,631.55,462,169.55,140,Retail,Islamabad,City Foods
2026-02-13,Premium Headphones,Electronics,1,4500,2100,0.0505,4272.83,2100,2172.83,22,Retail,Islamabad,TechHub
2026-02-13,Smartphone Case,Electronics,5,650,180,0.0258,3166.09,900,2266.09,55,Wholesale,Islamabad,TechHub
2026-02-13,Energy Drink,Beverages,3,150,95,0.0347,434.38,285,149.38,28,Wholesale,Faisalabad,CoolBev Ltd
2026-02-13,Green Tea,Beverages,4,220,140,0.0177,864.44,560,304.44,90,Retail,Karachi,Highland Tea
2026-02-13,Basmati Gift Box,Grocery,1,1800,900,0.0,1800.0,900,900.0,16,Retail,Islamabad,Punjab Grain Co
2026-02-13,Dish Soap,Household,3,190,120,0.0585,536.65,360,176.65,75,Retail,Islamabad,CleanHome
2026-02-13,Mineral Water,Beverages,7,80,45,0.0584,527.27,315,212.27,60,Retail,Islamabad,CoolBev Ltd
2026-02-14,Milk,Dairy,6,180,145,0.0353,1041.84,870,171.84,12,Retail,Karachi,Al-Fajr Dairy
2026-02-14,Milk,Dairy,9,180,145,0.0,1620.0,1305,315.0,12,Retail,Karachi,Al-Fajr Dairy
2026-02-14,Cooking Oil,Grocery,5,520,430,0.0143,2562.73,2150,412.73,8,Retail,Islamabad,Pakistan Oil Mills
2026-02-14,Rice,Grocery,2,280,210,0.0247,546.18,420,126.18,18,Retail,Faisalabad,Punjab Grain Co
2026-02-14,Instant Noodles,Grocery,13,60,42,0.0391,749.53,546,203.53,140,Retail,Karachi,City Foods
2026-02-14,Premium Headphones,Electronics,1,4500,2100,0.0189,4414.91,2100,2314.91,22,Retail,Karachi,TechHub
2026-02-14,Smartphone Case,Electronics,6,650,180,0.0274,3793.14,1080,2713.14,55,Retail,Faisalabad,TechHub
2026-02-14,Energy Drink,Beverages,3,150,95,0.0306,436.21,285,151.21,28,Wholesale,Faisalabad,CoolBev Ltd
2026-02-14,Green Tea,Beverages,5,220,140,0.0387,1057.42,700,357.42,90,Retail,Faisalabad,Highland Tea
2026-02-14,Basmati Gift Box,Grocery,1,1800,900,0.041,1726.13,900,826.13,16,Retail,Faisalabad,Punjab Grain Co
2026-02-14,Dish Soap,Household,4,190,120,0.0,760.0,480,280.0,75,Retail,Lahore,CleanHome
2026-02-14,Mineral Water,Beverages,7,80,45,0.0007,559.62,315,244.62,60,Retail,Islamabad,CoolBev Ltd
2026-02-14,Mineral Water,Beverages,9,80,45,0.0,720.0,405,315.0,60,Retail,Islamabad,CoolBev Ltd
2026-02-15,Milk,Dairy,9,180,145,0.0062,1610.03,1305,305.03,12,Wholesale,Faisalabad,Al-Fajr Dairy
2026-02-15,Milk,Dairy,7,180,145,0.0473,1200.37,1015,185.37,12,Wholesale,Karachi,Al-Fajr Dairy
2026-02-15,Cooking Oil,Grocery,3,520,430,0.0219,1525.79,1290,235.79,8,Retail,Faisalabad,Pakistan Oil Mills
2026-02-15,Rice,Grocery,3,280,210,0.003,837.48,630,207.48,18,Wholesale,Faisalabad,Punjab Grain Co
2026-02-15,Instant Noodles,Grocery,14,60,42,0.0165,826.18,588,238.18,140,Retail,Islamabad,City Foods
2026-02-15,Instant Noodles,Grocery,14,60,42,0.0319,813.21,588,225.21,140,Retail,Karachi,City Foods
2026-02-15,Premium Headphones,Electronics,1,4500,2100,0.0224,4399.17,2100,2299.17,22,Retail,Lahore,TechHub
2026-02-15,Smartphone Case,Electronics,5,650,180,0.0118,3211.59,900,2311.59,55,Retail,Lahore,TechHub
2026-02-15,Energy Drink,Beverages,6,150,95,0.0311,871.98,570,301.98,28,Retail,Karachi,CoolBev Ltd
2026-02-15,Green Tea,Beverages,4,220,140,0.0169,865.11,560,305.11,90,Retail,Islamabad,Highland Tea
2026-02-15,Basmati Gift Box,Grocery,1,1800,900,0.0482,1713.31,900,813.31,16,Retail,Faisalabad,Punjab Grain Co
2026-02-15,Dish Soap,Household,3,190,120,0.0183,559.58,360,199.58,75,Wholesale,Lahore,CleanHome
2026-02-15,Mineral Water,Beverages,7,80,45,0.0246,546.23,315,231.23,60,Retail,Karachi,CoolBev Ltd
2026-02-15,Mineral Water,Beverages,7,80,45,0.0397,537.77,315,222.77,60,Retail,Lahore,CoolBev Ltd
2026-02-15,Mineral Water,Beverages,7,80,45,0.0214,548.02,315,233.02,60,Retail,Lahore,CoolBev Ltd
2026-02-16,Milk,Dairy,7,180,145,0.0321,1219.56,1015,204.56,12,Retail,Islamabad,Al-Fajr Dairy
2026-02-16,Milk,Dairy,5,180,145,0.0454,859.14,725,134.14,12,Retail,Faisalabad,Al-Fajr Dairy
2026-02-16,Cooking Oil,Grocery,3,520,430,0.0615,1464.06,1290,174.06,8,Retail,Lahore,Pakistan Oil Mills
2026-02-16,Rice,Grocery,2,280,210,0.0188,549.48,420,129.48,18,Retail,Karachi,Punjab Grain Co
2026-02-16,Instant Noodles,Grocery,13,60,42,0.0143,768.86,546,222.86,140,Retail,Karachi,City Foods
2026-02-16,Instant Noodles,Grocery,15,60,42,0.0147,886.81,630,256.81,140,Wholesale,Lahore,City Foods
2026-02-16,Premium Headphones,Electronics,1,4500,2100,0.0378,4329.83,2100,2229.83,22,Wholesale,Faisalabad,TechHub
2026-02-16,Smartphone Case,Electronics,5,650,180,0.0493,3089.76,900,2189.76,55,Retail,Faisalabad,TechHub
2026-02-16,Energy Drink,Beverages,4,150,95,0.0361,578.35,380,198.35,28,Retail,Islamabad,CoolBev Ltd
2026-02-16,Green Tea,Beverages,4,220,140,0.0743,814.63,560,254.63,90,Retail,Karachi,Highland Tea
2026-02-16,Basmati Gift Box,Grocery,1,1800,900,0.0387,1730.38,900,830.38,16,Retail,Karachi,Punjab Grain Co
2026-02-16,Dish Soap,Household,2,190,120,0.0525,360.07,240,120.07,75,Retail,Karachi,CleanHome
2026-02-16,Mineral Water,Beverages,7,80,45,0.0425,536.19,315,221.19,60,Retail,Karachi,CoolBev Ltd
2026-02-17,Milk,Dairy,9,180,145,0.0432,1550.05,1305,245.05,12,Retail,Karachi,Al-Fajr Dairy
2026-02-17,Milk,Dairy,7,180,145,0.0294,1222.91,1015,207.91,12,Retail,Karachi,Al-Fajr Dairy
2026-02-17,Cooking Oil,Grocery,4,520,430,0.0395,1997.77,1720,277.77,8,Retail,Islamabad,Pakistan Oil Mills
2026-02-17,Rice,Grocery,2,280,210,0.0326,541.74,420,121.74,18,Wholesale,Islamabad,Punjab Grain Co
2026-02-17,Instant Noodles,Grocery,10,60,42,0.0413,575.22,420,155.22,140,Wholesale,Lahore,City Foods
2026-02-17,Instant Noodles,Grocery,15,60,42,0.0204,881.61,630,251.61,140,Wholesale,Faisalabad,City Foods
2026-02-17,Instant Noodles,Grocery,13,60,42,0.0432,746.31,546,200.31,140,Wholesale,Karachi,City Foods
2026-02-17,Premium Headphones,Electronics,1,4500,2100,0.0447,4298.68,2100,2198.68,22,Retail,Islamabad,TechHub
2026-02-17,Smartphone Case,Electronics,5,650,180,0.0101,3217.09,900,2317.09,55,Retail,Lahore,TechHub
2026-02-17,Energy Drink,Beverages,4,150,95,0.0432,574.08,380,194.08,28,Retail,Lahore,CoolBev Ltd
2026-02-17,Green Tea,Beverages,4,220,140,0.0024,877.87,560,317.87,90,Retail,Karachi,Highland Tea
2026-02-17,Basmati Gift Box,Grocery,1,1800,900,0.04,1728.07,900,828.07,16,Wholesale,Karachi,Punjab Grain Co
2026-02-17,Dish Soap,Household,2,190,120,0.0453,362.77,240,122.77,75,Wholesale,Islamabad,CleanHome
2026-02-17,Mineral Water,Beverages,7,80,45,0.0871,511.2,315,196.2,60,Retail,Islamabad,CoolBev Ltd
2026-02-17,Mineral Water,Beverages,6,80,45,0.0417,460.0,270,190.0,60,Wholesale,Faisalabad,CoolBev Ltd
2026-02-18,Milk,Dairy,6,180,145,0.0081,1071.21,870,201.21,12,Retail,Islamabad,Al-Fajr Dairy
2026-02-18,Cooking Oil,Grocery,4,520,430,0.0355,2006.25,1720,286.25,8,Wholesale,Karachi,Pakistan Oil Mills
2026-02-18,Rice,Grocery,2,280,210,0.0265,545.14,420,125.14,18,Retail,Lahore,Punjab Grain Co
2026-02-18,Instant Noodles,Grocery,14,60,42,0.0406,805.88,588,217.88,140,Retail,Lahore,City Foods
2026-02-18,Instant Noodles,Grocery,13,60,42,0.0019,778.55,546,232.55,140,Wholesale,Karachi,City Foods
2026-02-18,Premium Headphones,Electronics,1,4500,2100,0.0311,4359.92,2100,2259.92,22,Retail,Karachi,TechHub
2026-02-18,Smartphone Case,Electronics,4,650,180,0.0311,2519.2,720,1799.2,55,Wholesale,Lahore,TechHub
2026-02-18,Energy Drink,Beverages,3,150,95,0.0381,432.83,285,147.83,28,Retail,Karachi,CoolBev Ltd
2026-02-18,Green Tea,Beverages,3,220,140,0.0332,638.11,420,218.11,90,Retail,Faisalabad,Highland Tea
2026-02-18,Basmati Gift Box,Grocery,1,1800,900,0.0281,1749.43,900,849.43,16,Wholesale,Islamabad,Punjab Grain Co
2026-02-18,Dish Soap,Household,2,190,120,0.0394,365.04,240,125.04,75,Retail,Faisalabad,CleanHome
2026-02-18,Mineral Water,Beverages,6,80,45,0.0464,457.74,270,187.74,60,Wholesale,Karachi,CoolBev Ltd
2026-02-18,Mineral Water,Beverages,7,80,45,0.0474,533.45,315,218.45,60,Wholesale,Karachi,CoolBev Ltd
2026-02-18,Mineral Water,Beverages,4,80,45,0.0609,300.52,180,120.52,60,Wholesale,Lahore,CoolBev Ltd
2026-02-19,Milk,Dairy,5,180,145,0.0157,885.85,725,160.85,12,Retail,Karachi,Al-Fajr Dairy
2026-02-19,Milk,Dairy,7,180,145,0.0198,1235.1,1015,220.1,12,Wholesale,Islamabad,Al-Fajr Dairy
2026-02-19,Milk,Dairy,6,180,145,0.014,1064.84,870,194.84,12,Wholesale,Lahore,Al-Fajr Dairy
2026-02-19,Cooking Oil,Grocery,3,520,430,0.0399,1497.71,1290,207.71,8,Retail,Lahore,Pakistan Oil Mills
2026-02-19,Rice,Grocery,2,280,210,0.0398,537.72,420,117.72,18,Wholesale,Lahore,Punjab Grain Co
2026-02-19,Instant Noodles,Grocery,14,60,42,0.0343,811.19,588,223.19,140,Wholesale,Faisalabad,City Foods
2026-02-19,Premium Headphones,Electronics,1,4500,2100,0.0309,4361.02,2100,2261.02,22,Retail,Karachi,TechHub
2026-02-19,Smartphone Case,Electronics,5,650,180,0.0294,3154.32,900,2254.32,55,Retail,Karachi,TechHub
2026-02-19,Energy Drink,Beverages,5,150,95,0.0195,735.36,475,260.36,28,Retail,Islamabad,CoolBev Ltd
2026-02-19,Green Tea,Beverages,5,220,140,0.032,1064.84,700,364.84,90,Retail,Islamabad,Highland Tea
2026-02-19,Basmati Gift Box,Grocery,1,1800,900,0.0365,1734.33,900,834.33,16,Wholesale,Islamabad,Punjab Grain Co
2026-02-19,Dish Soap,Household,2,190,120,0.035,366.71,240,126.71,75,Wholesale,Islamabad,CleanHome
2026-02-19,Mineral Water,Beverages,6,80,45,0.0552,453.51,270,183.51,60,Retail,Lahore,CoolBev Ltd
2026-02-20,Milk,Dairy,10,180,145,0.0379,1731.81,1450,281.81,12,Wholesale,Lahore,Al-Fajr Dairy
2026-02-20,Cooking Oil,Grocery,3,520,430,0.0111,1542.61,1290,252.61,8,Retail,Karachi,Pakistan Oil Mills
2026-02-20,Rice,Grocery,2,280,210,0.0325,541.77,420,121.77,18,Wholesale,Lahore,Punjab Grain Co
2026-02-20,Instant Noodles,Grocery,16,60,42,0.0131,947.46,672,275.46,140,Retail,Faisalabad,City Foods
2026-02-20,Premium Headphones,Electronics,1,4500,2100,0.042,4310.91,2100,2210.91,22,Retail,Lahore,TechHub
2026-02-20,Smartphone Case,Electronics,4,650,180,0.0435,2486.77,720,1766.77,55,Retail,Lahore,TechHub
2026-02-20,Energy Drink,Beverages,3,150,95,0.0111,445.0,285,160.0,28,Retail,Faisalabad,CoolBev Ltd
2026-02-20,Green Tea,Beverages,5,220,140,0.056,1038.37,700,338.37,90,Retail,Lahore,Highland Tea
2026-02-20,Basmati Gift Box,Grocery,1,1800,900,0.0549,1701.1,900,801.1,16,Wholesale,Karachi,Punjab Grain Co
2026-02-20,Dish Soap,Household,2,190,120,0.0152,374.21,240,134.21,75,Retail,Lahore,CleanHome
2026-02-20,Mineral Water,Beverages,5,80,45,0.024,390.4,225,165.4,60,Retail,Lahore,CoolBev Ltd
2026-02-21,Milk,Dairy,9,180,145,0.031,1569.72,1305,264.72,12,Retail,Islamabad,Al-Fajr Dairy
2026-02-21,Cooking Oil,Grocery,4,520,430,0.0421,1992.51,1720,272.51,8,Retail,Islamabad,Pakistan Oil Mills
2026-02-21,Rice,Grocery,4,280,210,0.0347,1081.15,840,241.15,18,Retail,Karachi,Punjab Grain Co
2026-02-21,Instant Noodles,Grocery,12,60,42,0.0303,698.15,504,194.15,140,Wholesale,Lahore,City Foods
2026-02-21,Instant Noodles,Grocery,16,60,42,0.0702,892.59,672,220.59,140,Retail,Faisalabad,City Foods
2026-02-21,Instant Noodles,Grocery,20,60,42,0.0114,1186.35,840,346.35,140,Retail,Lahore,City Foods
2026-02-21,Premium Headphones,Electronics,1,4500,2100,0.0335,4349.43,2100,2249.43,22,Retail,Karachi,TechHub
2026-02-21,Smartphone Case,Electronics,5,650,180,0.0303,3151.59,900,2251.59,55,Retail,Lahore,TechHub
2026-02-21,Energy Drink,Beverages,4,150,95,0.0192,588.47,380,208.47,28,Retail,Faisalabad,CoolBev Ltd
2026-02-21,Green Tea,Beverages,5,220,140,0.0421,1053.69,700,353.69,90,Wholesale,Lahore,Highland Tea
2026-02-21,Basmati Gift Box,Grocery,1,1800,900,0.0209,1762.42,900,862.42,16,Wholesale,Faisalabad,Punjab Grain Co
2026-02-21,Dish Soap,Household,3,190,120,0.0213,557.85,360,197.85,75,Wholesale,Faisalabad,CleanHome
2026-02-21,Mineral Water,Beverages,9,80,45,0.0558,679.8,405,274.8,60,Retail,Karachi,CoolBev Ltd
2026-02-21,Mineral Water,Beverages,6,80,45,0.0303,465.47,270,195.47,60,Retail,Faisalabad,CoolBev Ltd
2026-02-21,Mineral Water,Beverages,7,80,45,0.017,550.47,315,235.47,60,Wholesale,Faisalabad,CoolBev Ltd
2026-02-22,Milk,Dairy,8,180,145,0.0317,1394.32,1160,234.32,12,Retail,Islamabad,Al-Fajr Dairy
2026-02-22,Milk,Dairy,7,180,145,0.0347,1216.3,1015,201.3,12,Wholesale,Karachi,Al-Fajr Dairy
2026-02-22,Cooking Oil,Grocery,4,520,430,0.0737,1926.67,1720,206.67,8,Retail,Faisalabad,Pakistan Oil Mills
2026-02-22,Rice,Grocery,3,280,210,0.0084,832.9,630,202.9,18,Retail,Faisalabad,Punjab Grain Co
2026-02-22,Instant Noodles,Grocery,23,60,42,0.0115,1364.09,966,398.09,140,Retail,Karachi,City Foods
2026-02-22,Instant Noodles,Grocery,17,60,42,0.0282,991.24,714,277.24,140,Retail,Karachi,City Foods
2026-02-22,Premium Headphones,Electronics,1,4500,2100,0.0546,4254.36,2100,2154.36,22,Retail,Islamabad,TechHub
2026-02-22,Smartphone Case,Electronics,4,650,180,0.0489,2472.99,720,1752.99,55,Retail,Lahore,TechHub
2026-02-22,Energy Drink,Beverages,4,150,95,0.0,600.0,380,220.0,28,Retail,Karachi,CoolBev Ltd
2026-02-22,Green Tea,Beverages,5,220,140,0.0533,1041.36,700,341.36,90,Wholesale,Faisalabad,Highland Tea
2026-02-22,Basmati Gift Box,Grocery,1,1800,900,0.0435,1721.69,900,821.69,16,Retail,Lahore,Punjab Grain Co
2026-02-22,Dish Soap,Household,4,190,120,0.0064,755.17,480,275.17,75,Wholesale,Islamabad,CleanHome
2026-02-22,Mineral Water,Beverages,9,80,45,0.041,690.47,405,285.47,60,Retail,Islamabad,CoolBev Ltd
2026-02-22,Mineral Water,Beverages,6,80,45,0.0328,464.27,270,194.27,60,Wholesale,Karachi,CoolBev Ltd
2026-02-23,Milk,Dairy,8,180,145,0.0458,1374.07,1160,214.07,12,Retail,Karachi,Al-Fajr Dairy
2026-02-23,Cooking Oil,Grocery,3,520,430,0.0,1560.0,1290,270.0,8,Retail,Faisalabad,Pakistan Oil Mills
2026-02-23,Rice,Grocery,2,280,210,0.0082,555.41,420,135.41,18,Retail,Lahore,Punjab Grain Co
2026-02-23,Instant Noodles,Grocery,14,60,42,0.0,840.0,588,252.0,140,Retail,Lahore,City Foods
2026-02-23,Instant Noodles,Grocery,19,60,42,0.0191,1118.26,798,320.26,140,Retail,Lahore,City Foods
2026-02-23,Instant Noodles,Grocery,17,60,42,0.0303,989.13,714,275.13,140,Retail,Lahore,City Foods
2026-02-23,Premium Headphones,Electronics,1,4500,2100,0.0392,4323.73,2100,2223.73,22,Wholesale,Karachi,TechHub
2026-02-23,Smartphone Case,Electronics,5,650,180,0.0755,3004.47,900,2104.47,55,Retail,Islamabad,TechHub
2026-02-23,Energy Drink,Beverages,2,150,95,0.0389,288.32,190,98.32,28,Retail,Islamabad,CoolBev Ltd
2026-02-23,Green Tea,Beverages,5,220,140,0.0215,1076.39,700,376.39,90,Retail,Karachi,Highland Tea
2026-02-23,Basmati Gift Box,Grocery,1,1800,900,0.0815,1653.39,900,753.39,16,Retail,Islamabad,Punjab Grain Co
2026-02-23,Dish Soap,Household,2,190,120,0.0239,370.93,240,130.93,75,Wholesale,Faisalabad,CleanHome
2026-02-23,Mineral Water,Beverages,5,80,45,0.0,400.0,225,175.0,60,Retail,Islamabad,CoolBev Ltd
2026-02-24,Milk,Dairy,6,180,145,0.0687,1005.8,870,135.8,12,Retail,Karachi,Al-Fajr Dairy
2026-02-24,Milk,Dairy,9,180,145,0.0352,1562.93,1305,257.93,12,Retail,Islamabad,Al-Fajr Dairy
2026-02-24,Milk,Dairy,7,180,145,0.0574,1187.71,1015,172.71,12,Wholesale,Karachi,Al-Fajr Dairy
2026-02-24,Cooking Oil,Grocery,4,520,430,0.0373,2002.36,1720,282.36,8,Wholesale,Faisalabad,Pakistan Oil Mills
2026-02-24,Rice,Grocery,2,280,210,0.0747,518.17,420,98.17,18,Retail,Lahore,Punjab Grain Co
2026-02-24,Instant Noodles,Grocery,15,60,42,0.0552,850.36,630,220.36,140,Retail,Lahore,City Foods
2026-02-24,Instant Noodles,Grocery,14,60,42,0.0,840.0,588,252.0,140,Retail,Karachi,City Foods
2026-02-24,Smartphone Case,Electronics,6,650,180,0.0334,3769.78,1080,2689.78,55,Retail,Islamabad,TechHub
2026-02-24,Energy Drink,Beverages,3,150,95,0.0,450.0,285,165.0,28,Retail,Karachi,CoolBev Ltd
2026-02-24,Green Tea,Beverages,4,220,140,0.0202,862.25,560,302.25,90,Retail,Faisalabad,Highland Tea
2026-02-24,Basmati Gift Box,Grocery,1,1800,900,0.0467,1715.96,900,815.96,16,Retail,Islamabad,Punjab Grain Co
2026-02-24,Dish Soap,Household,3,190,120,0.0596,536.03,360,176.03,75,Retail,Faisalabad,CleanHome
2026-02-24,Mineral Water,Beverages,6,80,45,0.0462,457.81,270,187.81,60,Retail,Karachi,CoolBev Ltd
2026-02-24,Mineral Water,Beverages,6,80,45,0.0162,472.24,270,202.24,60,Wholesale,Islamabad,CoolBev Ltd
2026-02-24,Mineral Water,Beverages,7,80,45,0.043,535.9,315,220.9,60,Retail,Karachi,CoolBev Ltd
2026-02-25,Milk,Dairy,7,180,145,0.034,1217.22,1015,202.22,12,Retail,Faisalabad,Al-Fajr Dairy
2026-02-25,Milk,Dairy,4,180,145,0.033,696.24,580,116.24,12,Retail,Lahore,Al-Fajr Dairy
2026-02-25,Milk,Dairy,9,180,145,0.0614,1520.49,1305,215.49,12,Retail,Islamabad,Al-Fajr Dairy
2026-02-25,Cooking Oil,Grocery,3,520,430,0.023,1524.19,1290,234.19,8,Retail,Islamabad,Pakistan Oil Mills
2026-02-25,Rice,Grocery,3,280,210,0.0596,789.93,630,159.93,18,Retail,Karachi,Punjab Grain Co
2026-02-25,Instant Noodles,Grocery,12,60,42,0.0458,687.04,504,183.04,140,Retail,Faisalabad,City Foods
2026-02-25,Instant Noodles,Grocery,13,60,42,0.0277,758.39,546,212.39,140,Retail,Faisalabad,City Foods
2026-02-25,Instant Noodles,Grocery,13,60,42,0.0,780.0,546,234.0,140,Retail,Karachi,City Foods
2026-02-25,Premium Headphones,Electronics,1,4500,2100,0.0309,4361.16,2100,2261.16,22,Retail,Lahore,TechHub
2026-02-25,Smartphone Case,Electronics,4,650,180,0.0458,2480.9,720,1760.9,55,Wholesale,Faisalabad,TechHub
2026-02-25,Energy Drink,Beverages,3,150,95,0.0437,430.34,285,145.34,28,Retail,Karachi,CoolBev Ltd
2026-02-25,Green Tea,Beverages,3,220,140,0.0434,631.38,420,211.38,90,Wholesale,Lahore,Highland Tea
2026-02-25,Basmati Gift Box,Grocery,1,1800,900,0.0,1800.0,900,900.0,16,Retail,Lahore,Punjab Grain Co
2026-02-25,Dish Soap,Household,2,190,120,0.0362,366.25,240,126.25,75,Retail,Lahore,CleanHome
2026-02-25,Mineral Water,Beverages,5,80,45,0.0212,391.54,225,166.54,60,Retail,Lahore,CoolBev Ltd
2026-02-25,Mineral Water,Beverages,5,80,45,0.0418,383.29,225,158.29,60,Retail,Islamabad,CoolBev Ltd
2026-02-26,Milk,Dairy,7,180,145,0.016,1239.78,1015,224.78,12,Retail,Faisalabad,Al-Fajr Dairy
2026-02-26,Milk,Dairy,8,180,145,0.0127,1421.74,1160,261.74,12,Retail,Faisalabad,Al-Fajr Dairy
2026-02-26,Cooking Oil,Grocery,3,520,430,0.0229,1524.26,1290,234.26,8,Retail,Faisalabad,Pakistan Oil Mills
2026-02-26,Rice,Grocery,2,280,210,0.012,553.29,420,133.29,18,Wholesale,Lahore,Punjab Grain Co
2026-02-26,Instant Noodles,Grocery,10,60,42,0.0012,599.3,420,179.3,140,Wholesale,Faisalabad,City Foods
2026-02-26,Instant Noodles,Grocery,18,60,42,0.0151,1063.69,756,307.69,140,Retail,Lahore,City Foods
2026-02-26,Premium Headphones,Electronics,1,4500,2100,0.0,4500.0,2100,2400.0,22,Retail,Islamabad,TechHub
2026-02-26,Smartphone Case,Electronics,4,650,180,0.061,2441.41,720,1721.41,55,Retail,Karachi,TechHub
2026-02-26,Energy Drink,Beverages,3,150,95,0.0527,426.3,285,141.3,28,Retail,Lahore,CoolBev Ltd
2026-02-26,Green Tea,Beverages,4,220,140,0.0297,853.9,560,293.9,90,Wholesale,Karachi,Highland Tea
2026-02-26,Basmati Gift Box,Grocery,1,1800,900,0.0506,1709.01,900,809.01,16,Retail,Faisalabad,Punjab Grain Co
2026-02-26,Dish Soap,Household,2,190,120,0.0251,370.44,240,130.44,75,Wholesale,Faisalabad,CleanHome
2026-02-26,Mineral Water,Beverages,4,80,45,0.0103,316.69,180,136.69,60,Retail,Karachi,CoolBev Ltd
2026-02-26,Mineral Water,Beverages,7,80,45,0.0274,544.65,315,229.65,60,Retail,Faisalabad,CoolBev Ltd
2026-02-27,Milk,Dairy,8,180,145,0.0106,1424.78,1160,264.78,12,Retail,Karachi,Al-Fajr Dairy
2026-02-27,Milk,Dairy,8,180,145,0.0821,1321.82,1160,161.82,12,Retail,Karachi,Al-Fajr Dairy
2026-02-27,Milk,Dairy,6,180,145,0.0454,1030.99,870,160.99,12,Retail,Faisalabad,Al-Fajr Dairy
2026-02-27,Cooking Oil,Grocery,3,520,430,0.0219,1525.78,1290,235.78,8,Retail,Faisalabad,Pakistan Oil Mills
2026-02-27,Rice,Grocery,2,280,210,0.0218,547.8,420,127.8,18,Wholesale,Islamabad,Punjab Grain Co
2026-02-27,Instant Noodles,Grocery,13,60,42,0.0,780.0,546,234.0,140,Retail,Lahore,City Foods
2026-02-27,Instant Noodles,Grocery,11,60,42,0.0037,657.53,462,195.53,140,Retail,Lahore,City Foods
2026-02-27,Instant Noodles,Grocery,11,60,42,0.0159,649.48,462,187.48,140,Retail,Faisalabad,City Foods
2026-02-27,Premium Headphones,Electronics,1,4500,2100,0.0565,4245.97,2100,2145.97,22,Retail,Faisalabad,TechHub
2026-02-27,Smartphone Case,Electronics,5,650,180,0.0208,3182.47,900,2282.47,55,Retail,Lahore,TechHub
2026-02-27,Energy Drink,Beverages,4,150,95,0.0417,574.99,380,194.99,28,Retail,Faisalabad,CoolBev Ltd
2026-02-27,Green Tea,Beverages,4,220,140,0.0,880.0,560,320.0,90,Wholesale,Islamabad,Highland Tea
2026-02-27,Basmati Gift Box,Grocery,1,1800,900,0.0244,1756.08,900,856.08,16,Retail,Karachi,Punjab Grain Co
2026-02-27,Dish Soap,Household,2,190,120,0.0343,366.95,240,126.95,75,Wholesale,Karachi,CleanHome
2026-02-27,Mineral Water,Beverages,6,80,45,0.0277,466.7,270,196.7,60,Retail,Islamabad,CoolBev Ltd
2026-02-27,Mineral Water,Beverages,7,80,45,0.0576,527.77,315,212.77,60,Wholesale,Karachi,CoolBev Ltd
2026-02-28,Milk,Dairy,9,180,145,0.0463,1544.98,1305,239.98,12,Retail,Lahore,Al-Fajr Dairy
2026-02-28,Cooking Oil,Grocery,5,520,430,0.0148,2561.62,2150,411.62,8,Retail,Islamabad,Pakistan Oil Mills
2026-02-28,Rice,Grocery,4,280,210,0.0276,1089.13,840,249.13,18,Retail,Faisalabad,Punjab Grain Co
2026-02-28,Instant Noodles,Grocery,16,60,42,0.0546,907.55,672,235.55,140,Wholesale,Karachi,City Foods
2026-02-28,Instant Noodles,Grocery,18,60,42,0.0502,1025.81,756,269.81,140,Wholesale,Karachi,City Foods
2026-02-28,Instant Noodles,Grocery,21,60,42,0.0484,1199.03,882,317.03,140,Retail,Islamabad,City Foods
2026-02-28,Premium Headphones,Electronics,1,4500,2100,0.0481,4283.53,2100,2183.53,22,Retail,Lahore,TechHub
2026-02-28,Smartphone Case,Electronics,5,650,180,0.0641,3041.56,900,2141.56,55,Retail,Islamabad,TechHub
2026-02-28,Energy Drink,Beverages,5,150,95,0.0325,725.64,475,250.64,28,Retail,Islamabad,CoolBev Ltd
2026-02-28,Green Tea,Beverages,5,220,140,0.0587,1035.41,700,335.41,90,Retail,Islamabad,Highland Tea
2026-02-28,Basmati Gift Box,Grocery,1,1800,900,0.0257,1753.75,900,853.75,16,Wholesale,Faisalabad,Punjab Grain Co
2026-02-28,Dish Soap,Household,3,190,120,0.0,570.0,360,210.0,75,Retail,Karachi,CleanHome
2026-02-28,Mineral Water,Beverages,7,80,45,0.0226,547.36,315,232.36,60,Retail,Faisalabad,CoolBev Ltd
2026-02-28,Mineral Water,Beverages,7,80,45,0.053,530.34,315,215.34,60,Retail,Karachi,CoolBev Ltd
2026-02-28,Mineral Water,Beverages,8,80,45,0.0329,618.94,360,258.94,60,Retail,Faisalabad,CoolBev Ltd
2026-03-01,Milk,Dairy,10,180,145,0.0127,1777.15,1450,327.15,12,Retail,Karachi,Al-Fajr Dairy
2026-03-01,Milk,Dairy,10,180,145,0.0426,1723.28,1450,273.28,12,Retail,Faisalabad,Al-Fajr Dairy
2026-03-01,Cooking Oil,Grocery,4,520,430,0.0236,2030.93,1720,310.93,8,Retail,Lahore,Pakistan Oil Mills
2026-03-01,Rice,Grocery,3,280,210,0.0203,822.98,630,192.98,18,Retail,Karachi,Punjab Grain Co
2026-03-01,Instant Noodles,Grocery,12,60,42,0.04,691.2,504,187.2,140,Retail,Karachi,City Foods
2026-03-01,Instant Noodles,Grocery,17,60,42,0.0213,998.25,714,284.25,140,Retail,Islamabad,City Foods
2026-03-01,Premium Headphones,Electronics,1,4500,2100,0.0224,4399.2,2100,2299.2,22,Retail,Karachi,TechHub
2026-03-01,Smartphone Case,Electronics,6,650,180,0.0587,3671.07,1080,2591.07,55,Retail,Islamabad,TechHub
2026-03-01,Energy Drink,Beverages,5,150,95,0.0309,726.81,475,251.81,28,Wholesale,Faisalabad,CoolBev Ltd
2026-03-01,Green Tea,Beverages,7,220,140,0.0527,1458.89,980,478.89,90,Wholesale,Faisalabad,Highland Tea
2026-03-01,Basmati Gift Box,Grocery,1,1800,900,0.0388,1730.18,900,830.18,16,Retail,Lahore,Punjab Grain Co
2026-03-01,Dish Soap,Household,3,190,120,0.0755,526.99,360,166.99,75,Retail,Faisalabad,CleanHome
2026-03-01,Mineral Water,Beverages,9,80,45,0.0337,695.77,405,290.77,60,Retail,Islamabad,CoolBev Ltd
2026-03-02,Milk,Dairy,6,180,145,0.0107,1068.42,870,198.42,12,Retail,Islamabad,Al-Fajr Dairy
2026-03-02,Milk,Dairy,9,180,145,0.0102,1603.51,1305,298.51,12,Retail,Islamabad,Al-Fajr Dairy
2026-03-02,Milk,Dairy,7,180,145,0.0368,1213.64,1015,198.64,12,Retail,Lahore,Al-Fajr Dairy
2026-03-02,Cooking Oil,Grocery,4,520,430,0.0317,2014.16,1720,294.16,8,Wholesale,Lahore,Pakistan Oil Mills
2026-03-02,Rice,Grocery,2,280,210,0.0425,536.21,420,116.21,18,Retail,Karachi,Punjab Grain Co
2026-03-02,Instant Noodles,Grocery,20,60,42,0.0394,1152.72,840,312.72,140,Retail,Faisalabad,City Foods
2026-03-02,Instant Noodles,Grocery,10,60,42,0.0135,591.87,420,171.87,140,Wholesale,Faisalabad,City Foods
2026-03-02,Instant Noodles,Grocery,15,60,42,0.0,900.0,630,270.0,140,Retail,Karachi,City Foods
2026-03-02,Premium Headphones,Electronics,1,4500,2100,0.0582,4237.98,2100,2137.98,22,Retail,Lahore,TechHub
2026-03-02,Smartphone Case,Electronics,5,650,180,0.0536,3075.87,900,2175.87,55,Retail,Lahore,TechHub
2026-03-02,Energy Drink,Beverages,3,150,95,0.0261,438.27,285,153.27,28,Retail,Karachi,CoolBev Ltd
2026-03-02,Green Tea,Beverages,3,220,140,0.0,660.0,420,240.0,90,Retail,Islamabad,Highland Tea
2026-03-02,Basmati Gift Box,Grocery,1,1800,900,0.0222,1760.12,900,860.12,16,Retail,Lahore,Punjab Grain Co
2026-03-02,Dish Soap,Household,2,190,120,0.0298,368.66,240,128.66,75,Retail,Lahore,CleanHome
2026-03-02,Mineral Water,Beverages,8,80,45,0.0163,629.56,360,269.56,60,Wholesale,Islamabad,CoolBev Ltd
2026-03-02,Mineral Water,Beverages,8,80,45,0.0342,618.09,360,258.09,60,Wholesale,Karachi,CoolBev Ltd
2026-03-02,Mineral Water,Beverages,6,80,45,0.0571,452.61,270,182.61,60,Retail,Lahore,CoolBev Ltd
2026-03-03,Milk,Dairy,6,180,145,0.0292,1048.52,870,178.52,12,Retail,Islamabad,Al-Fajr Dairy
2026-03-03,Cooking Oil,Grocery,3,520,430,0.0289,1514.94,1290,224.94,8,Retail,Faisalabad,Pakistan Oil Mills
2026-03-03,Rice,Grocery,3,280,210,0.0541,794.52,630,164.52,18,Retail,Karachi,Punjab Grain Co
2026-03-03,Instant Noodles,Grocery,16,60,42,0.0183,942.44,672,270.44,140,Retail,Islamabad,City Foods
2026-03-03,Instant Noodles,Grocery,14,60,42,0.0106,831.09,588,243.09,140,Retail,Islamabad,City Foods
2026-03-03,Instant Noodles,Grocery,18,60,42,0.0269,1050.98,756,294.98,140,Retail,Lahore,City Foods
2026-03-03,Premium Headphones,Electronics,1,4500,2100,0.0358,4338.79,2100,2238.79,22,Retail,Faisalabad,TechHub
2026-03-03,Smartphone Case,Electronics,4,650,180,0.0,2600.0,720,1880.0,55,Wholesale,Karachi,TechHub
2026-03-03,Energy Drink,Beverages,3,150,95,0.0296,436.69,285,151.69,28,Wholesale,Islamabad,CoolBev Ltd
2026-03-03,Green Tea,Beverages,4,220,140,0.011,870.33,560,310.33,90,Wholesale,Islamabad,Highland Tea
2026-03-03,Basmati Gift Box,Grocery,1,1800,900,0.0098,1782.3,900,882.3,16,Retail,Islamabad,Punjab Grain Co
2026-03-03,Dish Soap,Household,2,190,120,0.0014,379.46,240,139.46,75,Retail,Faisalabad,CleanHome
2026-03-03,Mineral Water,Beverages,6,80,45,0.022,469.44,270,199.44,60,Retail,Faisalabad,CoolBev Ltd
2026-03-03,Mineral Water,Beverages,6,80,45,0.0169,471.9,270,201.9,60,Retail,Islamabad,CoolBev Ltd
2026-03-03,Mineral Water,Beverages,8,80,45,0.0207,626.74,360,266.74,60,Retail,Lahore,CoolBev Ltd
2026-03-04,Milk,Dairy,7,180,145,0.0613,1182.74,1015,167.74,12,Retail,Karachi,Al-Fajr Dairy
2026-03-04,Milk,Dairy,5,180,145,0.0391,864.83,725,139.83,12,Retail,Islamabad,Al-Fajr Dairy
2026-03-04,Milk,Dairy,7,180,145,0.0499,1197.11,1015,182.11,12,Retail,Lahore,Al-Fajr Dairy
2026-03-04,Cooking Oil,Grocery,2,520,430,0.0328,1005.86,860,145.86,8,Wholesale,Faisalabad,Pakistan Oil Mills
2026-03-04,Rice,Grocery,2,280,210,0.0557,528.79,420,108.79,18,Retail,Karachi,Punjab Grain Co
2026-03-04,Instant Noodles,Grocery,11,60,42,0.0094,653.82,462,191.82,140,Retail,Faisalabad,City Foods
2026-03-04,Instant Noodles,Grocery,13,60,42,0.058,734.77,546,188.77,140,Retail,Islamabad,City Foods
2026-03-04,Instant Noodles,Grocery,15,60,42,0.0329,870.38,630,240.38,140,Retail,Islamabad,City Foods
2026-03-04,Premium Headphones,Electronics,1,4500,2100,0.0471,4287.85,2100,2187.85,22,Retail,Lahore,TechHub
2026-03-04,Smartphone Case,Electronics,5,650,180,0.0537,3075.4,900,2175.4,55,Retail,Lahore,TechHub
2026-03-04,Energy Drink,Beverages,3,150,95,0.038,432.9,285,147.9,28,Wholesale,Faisalabad,CoolBev Ltd
2026-03-04,Green Tea,Beverages,4,220,140,0.0277,855.6,560,295.6,90,Retail,Faisalabad,Highland Tea
2026-03-04,Basmati Gift Box,Grocery,1,1800,900,0.0285,1748.69,900,848.69,16,Retail,Lahore,Punjab Grain Co
2026-03-04,Dish Soap,Household,2,190,120,0.0314,368.09,240,128.09,75,Retail,Lahore,CleanHome
2026-03-04,Mineral Water,Beverages,7,80,45,0.0083,555.36,315,240.36,60,Retail,Karachi,CoolBev Ltd
2026-03-04,Mineral Water,Beverages,7,80,45,0.0,560.0,315,245.0,60,Retail,Faisalabad,CoolBev Ltd
2026-03-05,Milk,Dairy,6,180,145,0.0226,1055.61,870,185.61,12,Retail,Faisalabad,Al-Fajr Dairy
2026-03-05,Milk,Dairy,7,180,145,0.0668,1175.8,1015,160.8,12,Retail,Karachi,Al-Fajr Dairy
2026-03-05,Milk,Dairy,6,180,145,0.004,1075.72,870,205.72,12,Wholesale,Faisalabad,Al-Fajr Dairy
2026-03-05,Cooking Oil,Grocery,3,520,430,0.0295,1514.0,1290,224.0,8,Wholesale,Lahore,Pakistan Oil Mills
2026-03-05,Rice,Grocery,2,280,210,0.0253,545.83,420,125.83,18,Retail,Faisalabad,Punjab Grain Co
2026-03-05,Instant Noodles,Grocery,12,60,42,0.043,689.07,504,185.07,140,Retail,Islamabad,City Foods
2026-03-05,Smartphone Case,Electronics,5,650,180,0.0532,3077.09,900,2177.09,55,Retail,Faisalabad,TechHub
2026-03-05,Energy Drink,Beverages,3,150,95,0.0267,438.0,285,153.0,28,Retail,Karachi,CoolBev Ltd
2026-03-05,Green Tea,Beverages,3,220,140,0.0378,635.03,420,215.03,90,Wholesale,Lahore,Highland Tea
2026-03-05,Basmati Gift Box,Grocery,1,1800,900,0.0323,1741.9,900,841.9,16,Retail,Faisalabad,Punjab Grain Co
2026-03-05,Dish Soap,Household,2,190,120,0.0428,363.75,240,123.75,75,Retail,Faisalabad,CleanHome
2026-03-05,Mineral Water,Beverages,7,80,45,0.0474,533.43,315,218.43,60,Wholesale,Faisalabad,CoolBev Ltd
2026-03-06,Milk,Dairy,6,180,145,0.0478,1028.39,870,158.39,12,Wholesale,Karachi,Al-Fajr Dairy
2026-03-06,Milk,Dairy,6,180,145,0.0,1080.0,870,210.0,12,Retail,Karachi,Al-Fajr Dairy
2026-03-06,Milk,Dairy,8,180,145,0.0454,1374.63,1160,214.63,12,Retail,Karachi,Al-Fajr Dairy
2026-03-06,Cooking Oil,Grocery,4,520,430,0.0251,2027.76,1720,307.76,8,Wholesale,Faisalabad,Pakistan Oil Mills
2026-03-06,Rice,Grocery,2,280,210,0.0827,513.69,420,93.69,18,Retail,Islamabad,Punjab Grain Co
2026-03-06,Instant Noodles,Grocery,13,60,42,0.0393,749.34,546,203.34,140,Retail,Lahore,City Foods
2026-03-06,Premium Headphones,Electronics,1,4500,2100,0.0168,4424.5,2100,2324.5,22,Retail,Islamabad,TechHub
2026-03-06,Smartphone Case,Electronics,5,650,180,0.0377,3127.49,900,2227.49,55,Retail,Faisalabad,TechHub
2026-03-06,Energy Drink,Beverages,3,150,95,0.0289,437.01,285,152.01,28,Retail,Lahore,CoolBev Ltd
2026-03-06,Green Tea,Beverages,4,220,140,0.0596,827.56,560,267.56,90,Retail,Faisalabad,Highland Tea
2026-03-06,Basmati Gift Box,Grocery,1,1800,900,0.0197,1764.59,900,864.59,16,Wholesale,Lahore,Punjab Grain Co
2026-03-06,Dish Soap,Household,3,190,120,0.0412,546.51,360,186.51,75,Retail,Islamabad,CleanHome
2026-03-06,Mineral Water,Beverages,5,80,45,0.0248,390.08,225,165.08,60,Retail,Faisalabad,CoolBev Ltd
2026-03-07,Milk,Dairy,10,180,145,0.0104,1781.35,1450,331.35,12,Retail,Faisalabad,Al-Fajr Dairy
2026-03-07,Cooking Oil,Grocery,4,520,430,0.0645,1945.79,1720,225.79,8,Wholesale,Lahore,Pakistan Oil Mills
2026-03-07,Rice,Grocery,3,280,210,0.0025,837.92,630,207.92,18,Wholesale,Karachi,Punjab Grain Co
2026-03-07,Instant Noodles,Grocery,16,60,42,0.0193,941.45,672,269.45,140,Retail,Islamabad,City Foods
2026-03-07,Premium Headphones,Electronics,1,4500,2100,0.0008,4496.62,2100,2396.62,22,Retail,Lahore,TechHub
2026-03-07,Smartphone Case,Electronics,6,650,180,0.0469,3717.23,1080,2637.23,55,Retail,Lahore,TechHub
2026-03-07,Energy Drink,Beverages,5,150,95,0.0435,717.36,475,242.36,28,Retail,Lahore,CoolBev Ltd
2026-03-07,Green Tea,Beverages,5,220,140,0.0277,1069.56,700,369.56,90,Retail,Faisalabad,Highland Tea
2026-03-07,Basmati Gift Box,Grocery,1,1800,900,0.0,1800.0,900,900.0,16,Wholesale,Islamabad,Punjab Grain Co
2026-03-07,Dish Soap,Household,3,190,120,0.0496,541.72,360,181.72,75,Wholesale,Lahore,CleanHome
2026-03-07,Mineral Water,Beverages,6,80,45,0.0399,460.86,270,190.86,60,Retail,Lahore,CoolBev Ltd
2026-03-08,Milk,Dairy,9,180,145,0.0539,1532.64,1305,227.64,12,Wholesale,Lahore,Al-Fajr Dairy
2026-03-08,Milk,Dairy,9,180,145,0.0519,1535.89,1305,230.89,12,Retail,Islamabad,Al-Fajr Dairy
2026-03-08,Cooking Oil,Grocery,5,520,430,0.0167,2556.56,2150,406.56,8,Retail,Islamabad,Pakistan Oil Mills
2026-03-08,Rice,Grocery,2,280,210,0.0176,550.15,420,130.15,18,Retail,Karachi,Punjab Grain Co
2026-03-08,Instant Noodles,Grocery,21,60,42,0.0269,1226.11,882,344.11,140,Wholesale,Karachi,City Foods
2026-03-08,Instant Noodles,Grocery,22,60,42,0.0349,1273.97,924,349.97,140,Retail,Islamabad,City Foods
2026-03-08,Instant Noodles,Grocery,23,60,42,0.0288,1340.28,966,374.28,140,Wholesale,Karachi,City Foods
2026-03-08,Premium Headphones,Electronics,1,4500,2100,0.0122,4445.08,2100,2345.08,22,Retail,Islamabad,TechHub
2026-03-08,Smartphone Case,Electronics,6,650,180,0.0143,3844.11,1080,2764.11,55,Retail,Lahore,TechHub
2026-03-08,Energy Drink,Beverages,3,150,95,0.0049,447.82,285,162.82,28,Retail,Karachi,CoolBev Ltd
2026-03-08,Green Tea,Beverages,7,220,140,0.0313,1491.81,980,511.81,90,Wholesale,Islamabad,Highland Tea
2026-03-08,Basmati Gift Box,Grocery,1,1800,900,0.0164,1770.39,900,870.39,16,Retail,Karachi,Punjab Grain Co
2026-03-08,Dish Soap,Household,2,190,120,0.0323,367.71,240,127.71,75,Retail,Faisalabad,CleanHome
2026-03-08,Mineral Water,Beverages,7,80,45,0.0134,552.51,315,237.51,60,Retail,Islamabad,CoolBev Ltd
2026-03-08,Mineral Water,Beverages,8,80,45,0.0479,609.36,360,249.36,60,Retail,Islamabad,CoolBev Ltd
2026-03-08,Mineral Water,Beverages,9,80,45,0.03,698.43,405,293.43,60,Wholesale,Faisalabad,CoolBev Ltd
2026-03-09,Milk,Dairy,8,180,145,0.0328,1392.72,1160,232.72,12,Retail,Faisalabad,Al-Fajr Dairy
2026-03-09,Cooking Oil,Grocery,3,520,430,0.0136,1538.71,1290,248.71,8,Retail,Karachi,Pakistan Oil Mills
2026-03-09,Rice,Grocery,2,280,210,0.0167,550.63,420,130.63,18,Retail,Faisalabad,Punjab Grain Co
2026-03-09,Instant Noodles,Grocery,17,60,42,0.0316,987.8,714,273.8,140,Retail,Faisalabad,City Foods
2026-03-09,Instant Noodles,Grocery,16,60,42,0.0188,941.96,672,269.96,140,Retail,Karachi,City Foods
2026-03-09,Instant Noodles,Grocery,17,60,42,0.0193,1000.36,714,286.36,140,Retail,Karachi,City Foods
2026-03-09,Premium Headphones,Electronics,1,4500,2100,0.0529,4262.17,2100,2162.17,22,Retail,Faisalabad,TechHub
2026-03-09,Smartphone Case,Electronics,4,650,180,0.0409,2493.72,720,1773.72,55,Retail,Islamabad,TechHub
2026-03-09,Energy Drink,Beverages,5,150,95,0.03,727.52,475,252.52,28,Retail,Karachi,CoolBev Ltd
2026-03-09,Green Tea,Beverages,4,220,140,0.0689,819.38,560,259.38,90,Retail,Islamabad,Highland Tea
2026-03-09,Basmati Gift Box,Grocery,1,1800,900,0.0096,1782.71,900,882.71,16,Retail,Lahore,Punjab Grain Co
2026-03-09,Dish Soap,Household,2,190,120,0.0345,366.9,240,126.9,75,Retail,Karachi,CleanHome
2026-03-09,Mineral Water,Beverages,5,80,45,0.0165,393.41,225,168.41,60,Retail,Lahore,CoolBev Ltd
2026-03-09,Mineral Water,Beverages,7,80,45,0.0355,540.1,315,225.1,60,Retail,Lahore,CoolBev Ltd
2026-03-10,Milk,Dairy,6,180,145,0.0474,1028.82,870,158.82,12,Retail,Faisalabad,Al-Fajr Dairy
2026-03-10,Milk,Dairy,8,180,145,0.0149,1418.55,1160,258.55,12,Retail,Lahore,Al-Fajr Dairy
2026-03-10,Milk,Dairy,5,180,145,0.0584,847.41,725,122.41,12,Retail,Lahore,Al-Fajr Dairy
2026-03-10,Cooking Oil,Grocery,3,520,430,0.0629,1461.95,1290,171.95,8,Wholesale,Lahore,Pakistan Oil Mills
2026-03-10,Rice,Grocery,2,280,210,0.0241,546.49,420,126.49,18,Retail,Lahore,Punjab Grain Co
2026-03-10,Instant Noodles,Grocery,15,60,42,0.062,844.2,630,214.2,140,Retail,Lahore,City Foods
2026-03-10,Instant Noodles,Grocery,16,60,42,0.0534,908.75,672,236.75,140,Retail,Karachi,City Foods
2026-03-10,Instant Noodles,Grocery,16,60,42,0.0241,936.86,672,264.86,140,Retail,Islamabad,City Foods
2026-03-10,Smartphone Case,Electronics,4,650,180,0.0406,2494.38,720,1774.38,55,Retail,Karachi,TechHub
2026-03-10,Energy Drink,Beverages,4,150,95,0.069,558.59,380,178.59,28,Retail,Islamabad,CoolBev Ltd
2026-03-10,Green Tea,Beverages,4,220,140,0.0361,848.24,560,288.24,90,Retail,Karachi,Highland Tea
2026-03-10,Basmati Gift Box,Grocery,1,1800,900,0.0,1800.0,900,900.0,16,Retail,Faisalabad,Punjab Grain Co
2026-03-10,Dish Soap,Household,2,190,120,0.0706,353.16,240,113.16,75,Wholesale,Karachi,CleanHome
2026-03-10,Mineral Water,Beverages,6,80,45,0.0294,465.9,270,195.9,60,Retail,Karachi,CoolBev Ltd
2026-03-11,Milk,Dairy,7,180,145,0.0364,1214.19,1015,199.19,12,Retail,Islamabad,Al-Fajr Dairy
2026-03-11,Milk,Dairy,5,180,145,0.0143,887.12,725,162.12,12,Retail,Islamabad,Al-Fajr Dairy
2026-03-11,Milk,Dairy,6,180,145,0.076,997.93,870,127.93,12,Retail,Faisalabad,Al-Fajr Dairy
2026-03-11,Cooking Oil,Grocery,4,520,430,0.0261,2025.74,1720,305.74,8,Retail,Faisalabad,Pakistan Oil Mills
2026-03-11,Rice,Grocery,2,280,210,0.0211,548.21,420,128.21,18,Retail,Karachi,Punjab Grain Co
2026-03-11,Instant Noodles,Grocery,15,60,42,0.0577,848.09,630,218.09,140,Retail,Faisalabad,City Foods
2026-03-11,Instant Noodles,Grocery,18,60,42,0.0288,1048.88,756,292.88,140,Retail,Lahore,City Foods
2026-03-11,Instant Noodles,Grocery,13,60,42,0.0147,768.56,546,222.56,140,Retail,Islamabad,City Foods
2026-03-11,Premium Headphones,Electronics,1,4500,2100,0.0464,4291.25,2100,2191.25,22,Retail,Lahore,TechHub
2026-03-11,Smartphone Case,Electronics,6,650,180,0.0438,3729.36,1080,2649.36,55,Retail,Islamabad,TechHub
2026-03-11,Energy Drink,Beverages,3,150,95,0.0247,438.89,285,153.89,28,Retail,Islamabad,CoolBev Ltd
2026-03-11,Green Tea,Beverages,3,220,140,0.0512,626.2,420,206.2,90,Retail,Faisalabad,Highland Tea
2026-03-11,Basmati Gift Box,Grocery,1,1800,900,0.0772,1661.05,900,761.05,16,Retail,Karachi,Punjab Grain Co
2026-03-11,Dish Soap,Household,2,190,120,0.0324,367.7,240,127.7,75,Retail,Islamabad,CleanHome
2026-03-11,Mineral Water,Beverages,5,80,45,0.0174,393.05,225,168.05,60,Retail,Islamabad,CoolBev Ltd
2026-03-12,Milk,Dairy,4,180,145,0.0055,716.05,580,136.05,12,Wholesale,Karachi,Al-Fajr Dairy
2026-03-12,Milk,Dairy,8,180,145,0.0148,1418.75,1160,258.75,12,Retail,Lahore,Al-Fajr Dairy
2026-03-12,Milk,Dairy,7,180,145,0.0447,1203.66,1015,188.66,12,Retail,Karachi,Al-Fajr Dairy
2026-03-12,Cooking Oil,Grocery,3,520,430,0.0355,1504.68,1290,214.68,8,Retail,Lahore,Pakistan Oil Mills
2026-03-12,Rice,Grocery,2,280,210,0.0054,556.97,420,136.97,18,Retail,Islamabad,Punjab Grain Co
2026-03-12,Instant Noodles,Grocery,17,60,42,0.0397,979.47,714,265.47,140,Retail,Lahore,City Foods
2026-03-12,Instant Noodles,Grocery,14,60,42,0.0133,828.83,588,240.83,140,Retail,Islamabad,City Foods
2026-03-12,Premium Headphones,Electronics,1,4500,2100,0.0276,4375.71,2100,2275.71,22,Retail,Karachi,TechHub
2026-03-12,Smartphone Case,Electronics,4,650,180,0.034,2511.56,720,1791.56,55,Wholesale,Lahore,TechHub
2026-03-12,Energy Drink,Beverages,4,150,95,0.0405,575.73,380,195.73,28,Wholesale,Lahore,CoolBev Ltd
2026-03-12,Green Tea,Beverages,5,220,140,0.0499,1045.09,700,345.09,90,Retail,Karachi,Highland Tea
2026-03-12,Basmati Gift Box,Grocery,1,1800,900,0.0285,1748.73,900,848.73,16,Retail,Islamabad,Punjab Grain Co
2026-03-12,Dish Soap,Household,2,190,120,0.0212,371.96,240,131.96,75,Retail,Faisalabad,CleanHome
2026-03-12,Mineral Water,Beverages,6,80,45,0.0536,454.29,270,184.29,60,Retail,Islamabad,CoolBev Ltd
2026-03-12,Mineral Water,Beverages,9,80,45,0.0334,695.94,405,290.94,60,Wholesale,Karachi,CoolBev Ltd
2026-03-13,Milk,Dairy,7,180,145,0.0351,1215.74,1015,200.74,12,Retail,Karachi,Al-Fajr Dairy
2026-03-13,Milk,Dairy,10,180,145,0.0131,1776.43,1450,326.43,12,Retail,Faisalabad,Al-Fajr Dairy
2026-03-13,Milk,Dairy,7,180,145,0.0,1260.0,1015,245.0,12,Retail,Islamabad,Al-Fajr Dairy
2026-03-13,Cooking Oil,Grocery,4,520,430,0.0129,2053.26,1720,333.26,8,Retail,Karachi,Pakistan Oil Mills
2026-03-13,Rice,Grocery,1,280,210,0.0048,278.65,210,68.65,18,Wholesale,Karachi,Punjab Grain Co
2026-03-13,Instant Noodles,Grocery,11,60,42,0.0346,637.17,462,175.17,140,Retail,Faisalabad,City Foods
2026-03-13,Instant Noodles,Grocery,13,60,42,0.0448,745.07,546,199.07,140,Retail,Faisalabad,City Foods
2026-03-13,Premium Headphones,Electronics,1,4500,2100,0.0331,4351.13,2100,2251.13,22,Wholesale,Karachi,TechHub
2026-03-13,Smartphone Case,Electronics,6,650,180,0.0167,3834.87,1080,2754.87,55,Retail,Karachi,TechHub
2026-03-13,Energy Drink,Beverages,3,150,95,0.0665,420.06,285,135.06,28,Retail,Faisalabad,CoolBev Ltd
2026-03-13,Green Tea,Beverages,5,220,140,0.0169,1081.44,700,381.44,90,Retail,Karachi,Highland Tea
2026-03-13,Basmati Gift Box,Grocery,1,1800,900,0.0097,1782.58,900,882.58,16,Retail,Lahore,Punjab Grain Co
2026-03-13,Dish Soap,Household,3,190,120,0.0511,540.9,360,180.9,75,Retail,Islamabad,CleanHome
2026-03-13,Mineral Water,Beverages,6,80,45,0.0452,458.32,270,188.32,60,Wholesale,Lahore,CoolBev Ltd
2026-03-14,Milk,Dairy,8,180,145,0.0347,1390.03,1160,230.03,12,Retail,Faisalabad,Al-Fajr Dairy
2026-03-14,Milk,Dairy,11,180,145,0.0456,1889.73,1595,294.73,12,Retail,Karachi,Al-Fajr Dairy
2026-03-14,Milk,Dairy,10,180,145,0.0167,1770.0,1450,320.0,12,Retail,Islamabad,Al-Fajr Dairy
2026-03-14,Cooking Oil,Grocery,3,520,430,0.005,1552.16,1290,262.16,8,Retail,Karachi,Pakistan Oil Mills
2026-03-14,Rice,Grocery,3,280,210,0.0438,803.25,630,173.25,18,Retail,Islamabad,Punjab Grain Co
2026-03-14,Instant Noodles,Grocery,18,60,42,0.0411,1035.58,756,279.58,140,Retail,Faisalabad,City Foods
2026-03-14,Premium Headphones,Electronics,1,4500,2100,0.0155,4430.35,2100,2330.35,22,Retail,Islamabad,TechHub
2026-03-14,Smartphone Case,Electronics,6,650,180,0.0166,3835.24,1080,2755.24,55,Retail,Karachi,TechHub
2026-03-14,Energy Drink,Beverages,4,150,95,0.0195,588.32,380,208.32,28,Wholesale,Karachi,CoolBev Ltd
2026-03-14,Green Tea,Beverages,6,220,140,0.0513,1252.27,840,412.27,90,Wholesale,Faisalabad,Highland Tea
2026-03-14,Basmati Gift Box,Grocery,1,1800,900,0.0262,1752.81,900,852.81,16,Wholesale,Islamabad,Punjab Grain Co
2026-03-14,Dish Soap,Household,3,190,120,0.0254,555.49,360,195.49,75,Wholesale,Lahore,CleanHome
2026-03-14,Mineral Water,Beverages,8,80,45,0.0467,610.1,360,250.1,60,Retail,Karachi,CoolBev Ltd
2026-03-15,Milk,Dairy,12,180,145,0.0348,2084.87,1740,344.87,12,Wholesale,Faisalabad,Al-Fajr Dairy
2026-03-15,Milk,Dairy,7,180,145,0.0384,1211.65,1015,196.65,12,Retail,Islamabad,Al-Fajr Dairy
2026-03-15,Milk,Dairy,8,180,145,0.0145,1419.16,1160,259.16,12,Retail,Karachi,Al-Fajr Dairy
2026-03-15,Cooking Oil,Grocery,4,520,430,0.0009,2078.21,1720,358.21,8,Retail,Karachi,Pakistan Oil Mills
2026-03-15,Rice,Grocery,3,280,210,0.0409,805.62,630,175.62,18,Retail,Lahore,Punjab Grain Co
2026-03-15,Instant Noodles,Grocery,16,60,42,0.0368,924.66,672,252.66,140,Retail,Faisalabad,City Foods
2026-03-15,Premium Headphones,Electronics,1,4500,2100,0.0116,4447.59,2100,2347.59,22,Retail,Karachi,TechHub
2026-03-15,Smartphone Case,Electronics,7,650,180,0.0438,4350.84,1260,3090.84,55,Retail,Lahore,TechHub
2026-03-15,Energy Drink,Beverages,4,150,95,0.0455,572.68,380,192.68,28,Wholesale,Karachi,CoolBev Ltd
2026-03-15,Green Tea,Beverages,6,220,140,0.0335,1275.72,840,435.72,90,Wholesale,Faisalabad,Highland Tea
2026-03-15,Basmati Gift Box,Grocery,1,1800,900,0.0103,1781.53,900,881.53,16,Retail,Karachi,Punjab Grain Co
2026-03-15,Dish Soap,Household,3,190,120,0.0413,546.46,360,186.46,75,Retail,Karachi,CleanHome
2026-03-15,Mineral Water,Beverages,6,80,45,0.0104,475.02,270,205.02,60,Retail,Karachi,CoolBev Ltd
2026-03-16,Milk,Dairy,5,180,145,0.0016,898.6,725,173.6,12,Retail,Lahore,Al-Fajr Dairy
2026-03-16,Cooking Oil,Grocery,3,520,430,0.0064,1550.03,1290,260.03,8,Retail,Lahore,Pakistan Oil Mills
2026-03-16,Rice,Grocery,3,280,210,0.004,836.67,630,206.67,18,Retail,Karachi,Punjab Grain Co
2026-03-16,Instant Noodles,Grocery,17,60,42,0.0216,997.93,714,283.93,140,Retail,Faisalabad,City Foods
2026-03-16,Instant Noodles,Grocery,17,60,42,0.0239,995.65,714,281.65,140,Retail,Lahore,City Foods
2026-03-16,Premium Headphones,Electronics,1,4500,2100,0.0231,4395.86,2100,2295.86,22,Retail,Karachi,TechHub
2026-03-16,Smartphone Case,Electronics,5,650,180,0.0504,3086.14,900,2186.14,55,Retail,Karachi,TechHub
2026-03-16,Energy Drink,Beverages,4,150,95,0.0288,582.74,380,202.74,28,Retail,Lahore,CoolBev Ltd
2026-03-16,Green Tea,Beverages,3,220,140,0.0503,626.78,420,206.78,90,Retail,Lahore,Highland Tea
2026-03-16,Basmati Gift Box,Grocery,1,1800,900,0.0542,1702.5,900,802.5,16,Retail,Lahore,Punjab Grain Co
2026-03-16,Dish Soap,Household,3,190,120,0.0585,536.63,360,176.63,75,Retail,Faisalabad,CleanHome
2026-03-16,Mineral Water,Beverages,4,80,45,0.0351,308.77,180,128.77,60,Retail,Karachi,CoolBev Ltd
2026-03-16,Mineral Water,Beverages,5,80,45,0.0287,388.5,225,163.5,60,Wholesale,Faisalabad,CoolBev Ltd
2026-03-16,Mineral Water,Beverages,5,80,45,0.0423,383.08,225,158.08,60,Wholesale,Faisalabad,CoolBev Ltd
2026-03-17,Milk,Dairy,6,180,145,0.0602,1014.99,870,144.99,12,Retail,Karachi,Al-Fajr Dairy
2026-03-17,Cooking Oil,Grocery,4,520,430,0.0203,2037.76,1720,317.76,8,Retail,Islamabad,Pakistan Oil Mills
2026-03-17,Rice,Grocery,3,280,210,0.0448,802.35,630,172.35,18,Retail,Karachi,Punjab Grain Co
2026-03-17,Instant Noodles,Grocery,17,60,42,0.0129,1006.79,714,292.79,140,Retail,Faisalabad,City Foods
2026-03-17,Premium Headphones,Electronics,1,4500,2100,0.0397,4321.34,2100,2221.34,22,Retail,Faisalabad,TechHub
2026-03-17,Smartphone Case,Electronics,4,650,180,0.003,2592.19,720,1872.19,55,Retail,Karachi,TechHub
2026-03-17,Energy Drink,Beverages,4,150,95,0.053,568.21,380,188.21,28,Wholesale,Faisalabad,CoolBev Ltd
2026-03-17,Green Tea,Beverages,3,220,140,0.0493,627.45,420,207.45,90,Retail,Lahore,Highland Tea
2026-03-17,Basmati Gift Box,Grocery,1,1800,900,0.0171,1769.31,900,869.31,16,Retail,Lahore,Punjab Grain Co
2026-03-17,Dish Soap,Household,2,190,120,0.0233,371.16,240,131.16,75,Retail,Islamabad,CleanHome
2026-03-17,Mineral Water,Beverages,5,80,45,0.0366,385.36,225,160.36,60,Retail,Lahore,CoolBev Ltd
2026-03-17,Mineral Water,Beverages,5,80,45,0.0379,384.84,225,159.84,60,Retail,Karachi,CoolBev Ltd
2026-03-17,Mineral Water,Beverages,6,80,45,0.0237,468.61,270,198.61,60,Wholesale,Faisalabad,CoolBev Ltd
2026-03-18,Milk,Dairy,7,180,145,0.0265,1226.67,1015,211.67,12,Retail,Faisalabad,Al-Fajr Dairy
2026-03-18,Cooking Oil,Grocery,2,520,430,0.0074,1032.35,860,172.35,8,Retail,Karachi,Pakistan Oil Mills
2026-03-18,Rice,Grocery,1,280,210,0.0147,275.89,210,65.89,18,Retail,Islamabad,Punjab Grain Co
2026-03-18,Instant Noodles,Grocery,19,60,42,0.0454,1088.28,798,290.28,140,Retail,Islamabad,City Foods
2026-03-18,Instant Noodles,Grocery,17,60,42,0.0152,1004.51,714,290.51,140,Retail,Islamabad,City Foods
2026-03-18,Premium Headphones,Electronics,1,4500,2100,0.0515,4268.41,2100,2168.41,22,Retail,Lahore,TechHub
2026-03-18,Smartphone Case,Electronics,4,650,180,0.0257,2533.29,720,1813.29,55,Retail,Karachi,TechHub
2026-03-18,Energy Drink,Beverages,3,150,95,0.0411,431.51,285,146.51,28,Retail,Karachi,CoolBev Ltd
2026-03-18,Green Tea,Beverages,4,220,140,0.0388,845.82,560,285.82,90,Retail,Islamabad,Highland Tea
2026-03-18,Basmati Gift Box,Grocery,1,1800,900,0.033,1740.54,900,840.54,16,Retail,Faisalabad,Punjab Grain Co
2026-03-18,Dish Soap,Household,3,190,120,0.0488,542.19,360,182.19,75,Retail,Lahore,CleanHome
2026-03-18,Mineral Water,Beverages,7,80,45,0.0397,537.77,315,222.77,60,Wholesale,Islamabad,CoolBev Ltd
2026-03-19,Milk,Dairy,6,180,145,0.0211,1057.19,870,187.19,12,Wholesale,Faisalabad,Al-Fajr Dairy
2026-03-19,Cooking Oil,Grocery,4,520,430,0.0265,2024.85,1720,304.85,8,Wholesale,Karachi,Pakistan Oil Mills
2026-03-19,Rice,Grocery,3,280,210,0.0473,800.3,630,170.3,18,Retail,Karachi,Punjab Grain Co
2026-03-19,Instant Noodles,Grocery,17,60,42,0.0455,973.61,714,259.61,140,Retail,Islamabad,City Foods
2026-03-19,Premium Headphones,Electronics,1,4500,2100,0.0333,4350.1,2100,2250.1,22,Retail,Faisalabad,TechHub
2026-03-19,Smartphone Case,Electronics,5,650,180,0.0357,3134.05,900,2234.05,55,Retail,Lahore,TechHub
2026-03-19,Energy Drink,Beverages,4,150,95,0.0165,590.09,380,210.09,28,Wholesale,Lahore,CoolBev Ltd
2026-03-19,Green Tea,Beverages,4,220,140,0.0293,854.21,560,294.21,90,Retail,Islamabad,Highland Tea
2026-03-19,Basmati Gift Box,Grocery,1,1800,900,0.0311,1743.98,900,843.98,16,Retail,Islamabad,Punjab Grain Co
2026-03-19,Dish Soap,Household,2,190,120,0.0398,364.89,240,124.89,75,Retail,Islamabad,CleanHome
2026-03-19,Mineral Water,Beverages,4,80,45,0.023,312.63,180,132.63,60,Retail,Karachi,CoolBev Ltd
2026-03-20,Milk,Dairy,8,180,145,0.0006,1439.09,1160,279.09,12,Wholesale,Lahore,Al-Fajr Dairy
2026-03-20,Cooking Oil,Grocery,3,520,430,0.0336,1507.66,1290,217.66,8,Retail,Lahore,Pakistan Oil Mills
2026-03-20,Rice,Grocery,2,280,210,0.0313,542.47,420,122.47,18,Retail,Islamabad,Punjab Grain Co
2026-03-20,Instant Noodles,Grocery,16,60,42,0.0139,946.67,672,274.67,140,Retail,Islamabad,City Foods
2026-03-20,Instant Noodles,Grocery,7,60,42,0.0176,412.62,294,118.62,140,Retail,Islamabad,City Foods
2026-03-20,Instant Noodles,Grocery,12,60,42,0.0333,696.02,504,192.02,140,Retail,Karachi,City Foods
2026-03-20,Smartphone Case,Electronics,5,650,180,0.0114,3212.84,900,2312.84,55,Retail,Karachi,TechHub
2026-03-20,Energy Drink,Beverages,3,150,95,0.0306,436.23,285,151.23,28,Retail,Lahore,CoolBev Ltd
2026-03-20,Green Tea,Beverages,4,220,140,0.0325,851.41,560,291.41,90,Retail,Lahore,Highland Tea
2026-03-20,Basmati Gift Box,Grocery,1,1800,900,0.0005,1799.18,900,899.18,16,Wholesale,Islamabad,Punjab Grain Co
2026-03-20,Dish Soap,Household,2,190,120,0.0178,373.22,240,133.22,75,Retail,Faisalabad,CleanHome
2026-03-20,Mineral Water,Beverages,5,80,45,0.0244,390.22,225,165.22,60,Wholesale,Karachi,CoolBev Ltd
2026-03-20,Mineral Water,Beverages,6,80,45,0.0676,447.57,270,177.57,60,Retail,Lahore,CoolBev Ltd
2026-03-21,Milk,Dairy,9,180,145,0.0385,1557.59,1305,252.59,12,Retail,Faisalabad,Al-Fajr Dairy
2026-03-21,Milk,Dairy,8,180,145,0.0,1440.0,1160,280.0,12,Retail,Lahore,Al-Fajr Dairy
2026-03-21,Milk,Dairy,7,180,145,0.0,1260.0,1015,245.0,12,Wholesale,Lahore,Al-Fajr Dairy
2026-03-21,Cooking Oil,Grocery,3,520,430,0.0417,1494.99,1290,204.99,8,Retail,Lahore,Pakistan Oil Mills
2026-03-21,Rice,Grocery,2,280,210,0.0248,546.11,420,126.11,18,Wholesale,Faisalabad,Punjab Grain Co
2026-03-21,Instant Noodles,Grocery,19,60,42,0.0465,1086.99,798,288.99,140,Wholesale,Lahore,City Foods
2026-03-21,Instant Noodles,Grocery,21,60,42,0.0,1260.0,882,378.0,140,Retail,Faisalabad,City Foods
2026-03-21,Premium Headphones,Electronics,1,4500,2100,0.0634,4214.6,2100,2114.6,22,Retail,Faisalabad,TechHub
2026-03-21,Smartphone Case,Electronics,6,650,180,0.0,3900.0,1080,2820.0,55,Retail,Islamabad,TechHub
2026-03-21,Energy Drink,Beverages,5,150,95,0.0228,732.87,475,257.87,28,Retail,Karachi,CoolBev Ltd
2026-03-21,Green Tea,Beverages,5,220,140,0.0323,1064.47,700,364.47,90,Retail,Lahore,Highland Tea
2026-03-21,Basmati Gift Box,Grocery,1,1800,900,0.0546,1701.78,900,801.78,16,Wholesale,Lahore,Punjab Grain Co
2026-03-21,Dish Soap,Household,3,190,120,0.0513,540.77,360,180.77,75,Retail,Karachi,CleanHome
2026-03-21,Mineral Water,Beverages,11,80,45,0.0375,847.0,495,352.0,60,Retail,Islamabad,CoolBev Ltd
2026-03-21,Mineral Water,Beverages,8,80,45,0.0675,596.77,360,236.77,60,Retail,Islamabad,CoolBev Ltd
2026-03-22,Milk,Dairy,11,180,145,0.0232,1934.1,1595,339.1,12,Wholesale,Faisalabad,Al-Fajr Dairy
2026-03-22,Cooking Oil,Grocery,3,520,430,0.0405,1496.78,1290,206.78,8,Wholesale,Karachi,Pakistan Oil Mills
2026-03-22,Rice,Grocery,3,280,210,0.0243,819.57,630,189.57,18,Retail,Islamabad,Punjab Grain Co
2026-03-22,Instant Noodles,Grocery,24,60,42,0.0309,1395.46,1008,387.46,140,Wholesale,Islamabad,City Foods
2026-03-22,Instant Noodles,Grocery,16,60,42,0.0521,909.96,672,237.96,140,Wholesale,Karachi,City Foods
2026-03-22,Instant Noodles,Grocery,16,60,42,0.0496,912.41,672,240.41,140,Retail,Karachi,City Foods
2026-03-22,Premium Headphones,Electronics,1,4500,2100,0.0,4500.0,2100,2400.0,22,Retail,Karachi,TechHub
2026-03-22,Smartphone Case,Electronics,8,650,180,0.0444,4968.99,1440,3528.99,55,Retail,Karachi,TechHub
2026-03-22,Energy Drink,Beverages,4,150,95,0.0347,579.16,380,199.16,28,Retail,Lahore,CoolBev Ltd
2026-03-22,Green Tea,Beverages,5,220,140,0.0454,1050.01,700,350.01,90,Retail,Faisalabad,Highland Tea
2026-03-22,Basmati Gift Box,Grocery,1,1800,900,0.0037,1793.34,900,893.34,16,Retail,Lahore,Punjab Grain Co
2026-03-22,Dish Soap,Household,3,190,120,0.0713,529.37,360,169.37,75,Retail,Karachi,CleanHome
2026-03-22,Mineral Water,Beverages,9,80,45,0.0487,684.92,405,279.92,60,Wholesale,Lahore,CoolBev Ltd
2026-03-23,Milk,Dairy,7,180,145,0.0519,1194.59,1015,179.59,12,Retail,Faisalabad,Al-Fajr Dairy
2026-03-23,Milk,Dairy,5,180,145,0.0422,862.01,725,137.01,12,Retail,Islamabad,Al-Fajr Dairy
2026-03-23,Cooking Oil,Grocery,3,520,430,0.0528,1477.7,1290,187.7,8,Retail,Islamabad,Pakistan Oil Mills
2026-03-23,Rice,Grocery,2,280,210,0.0478,533.24,420,113.24,18,Retail,Faisalabad,Punjab Grain Co
2026-03-23,Instant Noodles,Grocery,16,60,42,0.0516,910.44,672,238.44,140,Wholesale,Islamabad,City Foods
2026-03-23,Premium Headphones,Electronics,1,4500,2100,0.0318,4356.94,2100,2256.94,22,Wholesale,Faisalabad,TechHub
2026-03-23,Smartphone Case,Electronics,4,650,180,0.0109,2571.68,720,1851.68,55,Retail,Lahore,TechHub
2026-03-23,Energy Drink,Beverages,4,150,95,0.0588,564.71,380,184.71,28,Retail,Lahore,CoolBev Ltd
2026-03-23,Green Tea,Beverages,5,220,140,0.0516,1043.26,700,343.26,90,Retail,Karachi,Highland Tea
2026-03-23,Basmati Gift Box,Grocery,1,1800,900,0.0251,1754.77,900,854.77,16,Wholesale,Islamabad,Punjab Grain Co
2026-03-23,Dish Soap,Household,3,190,120,0.0062,566.47,360,206.47,75,Retail,Faisalabad,CleanHome
2026-03-23,Mineral Water,Beverages,8,80,45,0.0264,623.12,360,263.12,60,Retail,Lahore,CoolBev Ltd
2026-03-23,Mineral Water,Beverages,7,80,45,0.0093,554.81,315,239.81,60,Retail,Faisalabad,CoolBev Ltd
2026-03-24,Milk,Dairy,6,180,145,0.0515,1024.36,870,154.36,12,Retail,Islamabad,Al-Fajr Dairy
2026-03-24,Milk,Dairy,7,180,145,0.0371,1213.21,1015,198.21,12,Wholesale,Karachi,Al-Fajr Dairy
2026-03-24,Cooking Oil,Grocery,4,520,430,0.0288,2020.1,1720,300.1,8,Retail,Karachi,Pakistan Oil Mills
2026-03-24,Rice,Grocery,2,280,210,0.0155,551.35,420,131.35,18,Retail,Faisalabad,Punjab Grain Co
2026-03-24,Instant Noodles,Grocery,13,60,42,0.0,780.0,546,234.0,140,Retail,Karachi,City Foods
2026-03-24,Premium Headphones,Electronics,1,4500,2100,0.0377,4330.37,2100,2230.37,22,Retail,Lahore,TechHub
2026-03-24,Smartphone Case,Electronics,3,650,180,0.0278,1895.87,540,1355.87,55,Wholesale,Islamabad,TechHub
2026-03-24,Energy Drink,Beverages,3,150,95,0.0561,424.74,285,139.74,28,Retail,Karachi,CoolBev Ltd
2026-03-24,Green Tea,Beverages,4,220,140,0.0033,877.11,560,317.11,90,Retail,Islamabad,Highland Tea
2026-03-24,Basmati Gift Box,Grocery,1,1800,900,0.0473,1714.93,900,814.93,16,Retail,Faisalabad,Punjab Grain Co
2026-03-24,Dish Soap,Household,2,190,120,0.037,365.92,240,125.92,75,Wholesale,Faisalabad,CleanHome
2026-03-24,Mineral Water,Beverages,6,80,45,0.017,471.83,270,201.83,60,Retail,Karachi,CoolBev Ltd
2026-03-25,Milk,Dairy,8,180,145,0.0148,1418.71,1160,258.71,12,Wholesale,Lahore,Al-Fajr Dairy
2026-03-25,Cooking Oil,Grocery,3,520,430,0.0063,1550.16,1290,260.16,8,Retail,Faisalabad,Pakistan Oil Mills
2026-03-25,Rice,Grocery,1,280,210,0.0485,266.41,210,56.41,18,Retail,Islamabad,Punjab Grain Co
2026-03-25,Instant Noodles,Grocery,15,60,42,0.0416,862.54,630,232.54,140,Retail,Islamabad,City Foods
2026-03-25,Instant Noodles,Grocery,16,60,42,0.0323,929.02,672,257.02,140,Retail,Lahore,City Foods
2026-03-25,Premium Headphones,Electronics,1,4500,2100,0.0576,4240.68,2100,2140.68,22,Retail,Lahore,TechHub
2026-03-25,Smartphone Case,Electronics,5,650,180,0.0062,3229.87,900,2329.87,55,Wholesale,Faisalabad,TechHub
2026-03-25,Energy Drink,Beverages,4,150,95,0.0445,573.29,380,193.29,28,Retail,Faisalabad,CoolBev Ltd
2026-03-25,Green Tea,Beverages,4,220,140,0.0286,854.87,560,294.87,90,Retail,Islamabad,Highland Tea
2026-03-25,Basmati Gift Box,Grocery,1,1800,900,0.0368,1733.77,900,833.77,16,Retail,Lahore,Punjab Grain Co
2026-03-25,Dish Soap,Household,3,190,120,0.0032,568.15,360,208.15,75,Wholesale,Lahore,CleanHome
2026-03-25,Mineral Water,Beverages,8,80,45,0.0316,619.8,360,259.8,60,Wholesale,Lahore,CoolBev Ltd
2026-03-25,Mineral Water,Beverages,6,80,45,0.0706,446.09,270,176.09,60,Wholesale,Islamabad,CoolBev Ltd
2026-03-26,Milk,Dairy,6,180,145,0.0191,1059.42,870,189.42,12,Retail,Faisalabad,Al-Fajr Dairy
2026-03-26,Milk,Dairy,9,180,145,0.066,1513.05,1305,208.05,12,Wholesale,Lahore,Al-Fajr Dairy
2026-03-26,Milk,Dairy,7,180,145,0.0799,1159.38,1015,144.38,12,Retail,Karachi,Al-Fajr Dairy
2026-03-26,Cooking Oil,Grocery,3,520,430,0.0,1560.0,1290,270.0,8,Retail,Karachi,Pakistan Oil Mills
2026-03-26,Rice,Grocery,2,280,210,0.0784,516.12,420,96.12,18,Retail,Lahore,Punjab Grain Co
2026-03-26,Instant Noodles,Grocery,18,60,42,0.0314,1046.09,756,290.09,140,Retail,Karachi,City Foods
2026-03-26,Instant Noodles,Grocery,10,60,42,0.0594,564.38,420,144.38,140,Wholesale,Islamabad,City Foods
2026-03-26,Instant Noodles,Grocery,14,60,42,0.0429,803.96,588,215.96,140,Retail,Lahore,City Foods
2026-03-26,Premium Headphones,Electronics,1,4500,2100,0.0207,4406.71,2100,2306.71,22,Retail,Lahore,TechHub
2026-03-26,Smartphone Case,Electronics,5,650,180,0.0,3250.0,900,2350.0,55,Retail,Islamabad,TechHub
2026-03-26,Energy Drink,Beverages,4,150,95,0.016,590.42,380,210.42,28,Retail,Karachi,CoolBev Ltd
2026-03-26,Green Tea,Beverages,4,220,140,0.0366,847.82,560,287.82,90,Wholesale,Lahore,Highland Tea
2026-03-26,Basmati Gift Box,Grocery,1,1800,900,0.051,1708.13,900,808.13,16,Retail,Faisalabad,Punjab Grain Co
2026-03-26,Dish Soap,Household,3,190,120,0.0309,552.37,360,192.37,75,Wholesale,Faisalabad,CleanHome
2026-03-26,Mineral Water,Beverages,7,80,45,0.0445,535.06,315,220.06,60,Wholesale,Faisalabad,CoolBev Ltd
2026-03-26,Mineral Water,Beverages,5,80,45,0.0275,389.02,225,164.02,60,Wholesale,Islamabad,CoolBev Ltd
2026-03-26,Mineral Water,Beverages,5,80,45,0.0247,390.11,225,165.11,60,Retail,Islamabad,CoolBev Ltd
2026-03-27,Milk,Dairy,7,180,145,0.0031,1256.12,1015,241.12,12,Retail,Karachi,Al-Fajr Dairy
2026-03-27,Milk,Dairy,9,180,145,0.0282,1574.33,1305,269.33,12,Retail,Faisalabad,Al-Fajr Dairy
2026-03-27,Milk,Dairy,7,180,145,0.0005,1259.43,1015,244.43,12,Retail,Islamabad,Al-Fajr Dairy
2026-03-27,Cooking Oil,Grocery,3,520,430,0.0573,1470.54,1290,180.54,8,Retail,Lahore,Pakistan Oil Mills
2026-03-27,Rice,Grocery,3,280,210,0.0351,810.49,630,180.49,18,Wholesale,Lahore,Punjab Grain Co
2026-03-27,Instant Noodles,Grocery,16,60,42,0.037,924.52,672,252.52,140,Retail,Faisalabad,City Foods
2026-03-27,Instant Noodles,Grocery,19,60,42,0.0119,1126.48,798,328.48,140,Retail,Karachi,City Foods
2026-03-27,Premium Headphones,Electronics,1,4500,2100,0.038,4328.78,2100,2228.78,22,Retail,Islamabad,TechHub
2026-03-27,Smartphone Case,Electronics,5,650,180,0.0266,3163.47,900,2263.47,55,Retail,Faisalabad,TechHub
2026-03-27,Energy Drink,Beverages,4,150,95,0.008,595.21,380,215.21,28,Retail,Lahore,CoolBev Ltd
2026-03-27,Green Tea,Beverages,4,220,140,0.0398,845.01,560,285.01,90,Retail,Karachi,Highland Tea
2026-03-27,Basmati Gift Box,Grocery,1,1800,900,0.0,1800.0,900,900.0,16,Wholesale,Lahore,Punjab Grain Co
2026-03-27,Dish Soap,Household,3,190,120,0.0091,564.84,360,204.84,75,Retail,Faisalabad,CleanHome
2026-03-27,Mineral Water,Beverages,5,80,45,0.0316,387.36,225,162.36,60,Retail,Lahore,CoolBev Ltd
2026-03-28,Milk,Dairy,9,180,145,0.021,1585.92,1305,280.92,12,Retail,Lahore,Al-Fajr Dairy
2026-03-28,Cooking Oil,Grocery,4,520,430,0.0057,2068.05,1720,348.05,8,Wholesale,Lahore,Pakistan Oil Mills
2026-03-28,Rice,Grocery,4,280,210,0.057,1056.16,840,216.16,18,Wholesale,Islamabad,Punjab Grain Co
2026-03-28,Instant Noodles,Grocery,17,60,42,0.0,1020.0,714,306.0,140,Retail,Karachi,City Foods
2026-03-28,Premium Headphones,Electronics,1,4500,2100,0.0142,4436.08,2100,2336.08,22,Retail,Karachi,TechHub
2026-03-28,Smartphone Case,Electronics,5,650,180,0.0088,3221.53,900,2321.53,55,Retail,Faisalabad,TechHub
2026-03-28,Energy Drink,Beverages,4,150,95,0.0122,592.7,380,212.7,28,Retail,Islamabad,CoolBev Ltd
2026-03-28,Green Tea,Beverages,4,220,140,0.0404,844.41,560,284.41,90,Retail,Karachi,Highland Tea
2026-03-28,Basmati Gift Box,Grocery,1,1800,900,0.0419,1724.51,900,824.51,16,Retail,Islamabad,Punjab Grain Co
2026-03-28,Dish Soap,Household,3,190,120,0.0394,547.54,360,187.54,75,Retail,Lahore,CleanHome
2026-03-28,Mineral Water,Beverages,8,80,45,0.0144,630.81,360,270.81,60,Retail,Karachi,CoolBev Ltd
2026-03-29,Milk,Dairy,10,180,145,0.0389,1729.98,1450,279.98,12,Retail,Karachi,Al-Fajr Dairy
2026-03-29,Cooking Oil,Grocery,4,520,430,0.0309,2015.68,1720,295.68,8,Retail,Faisalabad,Pakistan Oil Mills
2026-03-29,Rice,Grocery,3,280,210,0.0482,799.49,630,169.49,18,Wholesale,Karachi,Punjab Grain Co
2026-03-29,Instant Noodles,Grocery,18,60,42,0.0426,1033.94,756,277.94,140,Retail,Lahore,City Foods
2026-03-29,Instant Noodles,Grocery,18,60,42,0.0153,1063.49,756,307.49,140,Retail,Karachi,City Foods
2026-03-29,Instant Noodles,Grocery,27,60,42,0.0225,1583.54,1134,449.54,140,Retail,Lahore,City Foods
2026-03-29,Premium Headphones,Electronics,1,4500,2100,0.0202,4408.92,2100,2308.92,22,Retail,Islamabad,TechHub
2026-03-29,Smartphone Case,Electronics,5,650,180,0.0205,3183.32,900,2283.32,55,Retail,Karachi,TechHub
2026-03-29,Energy Drink,Beverages,4,150,95,0.0,600.0,380,220.0,28,Retail,Islamabad,CoolBev Ltd
2026-03-29,Green Tea,Beverages,7,220,140,0.0227,1505.09,980,525.09,90,Retail,Islamabad,Highland Tea
2026-03-29,Basmati Gift Box,Grocery,1,1800,900,0.0155,1772.17,900,872.17,16,Retail,Islamabad,Punjab Grain Co
2026-03-29,Dish Soap,Household,3,190,120,0.0174,560.1,360,200.1,75,Retail,Lahore,CleanHome
2026-03-29,Mineral Water,Beverages,9,80,45,0.0255,701.67,405,296.67,60,Retail,Islamabad,CoolBev Ltd
2026-03-30,Milk,Dairy,7,180,145,0.0046,1254.25,1015,239.25,12,Retail,Islamabad,Al-Fajr Dairy
2026-03-30,Cooking Oil,Grocery,2,520,430,0.0211,1018.04,860,158.04,8,Retail,Islamabad,Pakistan Oil Mills
2026-03-30,Rice,Grocery,2,280,210,0.0418,536.59,420,116.59,18,Retail,Faisalabad,Punjab Grain Co
2026-03-30,Instant Noodles,Grocery,17,60,42,0.0485,970.54,714,256.54,140,Retail,Faisalabad,City Foods
2026-03-30,Instant Noodles,Grocery,17,60,42,0.045,974.09,714,260.09,140,Retail,Karachi,City Foods
2026-03-30,Premium Headphones,Electronics,1,4500,2100,0.0384,4327.17,2100,2227.17,22,Wholesale,Islamabad,TechHub
2026-03-30,Smartphone Case,Electronics,5,650,180,0.0113,3213.36,900,2313.36,55,Retail,Lahore,TechHub
2026-03-30,Energy Drink,Beverages,4,150,95,0.0286,582.85,380,202.85,28,Retail,Islamabad,CoolBev Ltd
2026-03-30,Green Tea,Beverages,4,220,140,0.0,880.0,560,320.0,90,Wholesale,Karachi,Highland Tea
2026-03-30,Basmati Gift Box,Grocery,1,1800,900,0.0665,1680.3,900,780.3,16,Retail,Faisalabad,Punjab Grain Co
2026-03-30,Dish Soap,Household,2,190,120,0.0309,368.28,240,128.28,75,Retail,Faisalabad,CleanHome
2026-03-30,Mineral Water,Beverages,5,80,45,0.061,375.61,225,150.61,60,Retail,Islamabad,CoolBev Ltd
2026-03-31,Milk,Dairy,8,180,145,0.0005,1439.34,1160,279.34,12,Retail,Faisalabad,Al-Fajr Dairy
2026-03-31,Milk,Dairy,8,180,145,0.0,1440.0,1160,280.0,12,Retail,Faisalabad,Al-Fajr Dairy
2026-03-31,Milk,Dairy,8,180,145,0.029,1398.24,1160,238.24,12,Retail,Karachi,Al-Fajr Dairy
2026-03-31,Cooking Oil,Grocery,3,520,430,0.0256,1520.08,1290,230.08,8,Retail,Islamabad,Pakistan Oil Mills
2026-03-31,Rice,Grocery,2,280,210,0.0,560.0,420,140.0,18,Retail,Lahore,Punjab Grain Co
2026-03-31,Instant Noodles,Grocery,14,60,42,0.0381,808.02,588,220.02,140,Retail,Lahore,City Foods
2026-03-31,Premium Headphones,Electronics,1,4500,2100,0.0195,4412.42,2100,2312.42,22,Retail,Karachi,TechHub
2026-03-31,Smartphone Case,Electronics,5,650,180,0.0154,3200.08,900,2300.08,55,Retail,Lahore,TechHub
2026-03-31,Energy Drink,Beverages,4,150,95,0.0612,563.28,380,183.28,28,Wholesale,Karachi,CoolBev Ltd
2026-03-31,Green Tea,Beverages,4,220,140,0.0546,831.92,560,271.92,90,Retail,Lahore,Highland Tea
2026-03-31,Basmati Gift Box,Grocery,1,1800,900,0.0234,1757.85,900,857.85,16,Retail,Lahore,Punjab Grain Co
2026-03-31,Dish Soap,Household,3,190,120,0.0346,550.27,360,190.27,75,Retail,Faisalabad,CleanHome
2026-03-31,Mineral Water,Beverages,5,80,45,0.0107,395.74,225,170.74,60,Retail,Lahore,CoolBev Ltd
2026-03-31,Mineral Water,Beverages,6,80,45,0.0145,473.04,270,203.04,60,Retail,Islamabad,CoolBev Ltd
2026-04-01,Milk,Dairy,8,180,145,0.0272,1400.78,1160,240.78,12,Retail,Karachi,Al-Fajr Dairy
2026-04-01,Cooking Oil,Grocery,3,520,430,0.0023,1556.34,1290,266.34,8,Wholesale,Karachi,Pakistan Oil Mills
2026-04-01,Rice,Grocery,2,280,210,0.067,522.47,420,102.47,18,Retail,Karachi,Punjab Grain Co
2026-04-01,Instant Noodles,Grocery,8,60,42,0.0281,466.5,336,130.5,140,Retail,Lahore,City Foods
2026-04-01,Premium Headphones,Electronics,1,4500,2100,0.0138,4437.98,2100,2337.98,22,Wholesale,Karachi,TechHub
2026-04-01,Smartphone Case,Electronics,4,650,180,0.0029,2592.4,720,1872.4,55,Wholesale,Karachi,TechHub
2026-04-01,Energy Drink,Beverages,4,150,95,0.0,600.0,380,220.0,28,Retail,Karachi,CoolBev Ltd
2026-04-01,Green Tea,Beverages,4,220,140,0.0218,860.78,560,300.78,90,Retail,Lahore,Highland Tea
2026-04-01,Basmati Gift Box,Grocery,1,1800,900,0.0443,1720.29,900,820.29,16,Wholesale,Islamabad,Punjab Grain Co
2026-04-01,Dish Soap,Household,3,190,120,0.0,570.0,360,210.0,75,Retail,Faisalabad,CleanHome
2026-04-01,Mineral Water,Beverages,8,80,45,0.0363,616.77,360,256.77,60,Wholesale,Lahore,CoolBev Ltd
2026-04-02,Milk,Dairy,7,180,145,0.0095,1248.07,1015,233.07,12,Wholesale,Lahore,Al-Fajr Dairy
2026-04-02,Cooking Oil,Grocery,3,520,430,0.0044,1553.1,1290,263.1,8,Retail,Lahore,Pakistan Oil Mills
2026-04-02,Rice,Grocery,2,280,210,0.0075,555.78,420,135.78,18,Retail,Karachi,Punjab Grain Co
2026-04-02,Instant Noodles,Grocery,15,60,42,0.0202,881.8,630,251.8,140,Wholesale,Islamabad,City Foods
2026-04-02,Instant Noodles,Grocery,15,60,42,0.0547,850.76,630,220.76,140,Retail,Faisalabad,City Foods
2026-04-02,Premium Headphones,Electronics,1,4500,2100,0.0104,4453.3,2100,2353.3,22,Retail,Faisalabad,TechHub
2026-04-02,Smartphone Case,Electronics,4,650,180,0.0155,2559.74,720,1839.74,55,Retail,Karachi,TechHub
2026-04-02,Energy Drink,Beverages,3,150,95,0.0,450.0,285,165.0,28,Retail,Karachi,CoolBev Ltd
2026-04-02,Green Tea,Beverages,4,220,140,0.0,880.0,560,320.0,90,Retail,Karachi,Highland Tea
2026-04-02,Basmati Gift Box,Grocery,1,1800,900,0.0173,1768.91,900,868.91,16,Wholesale,Islamabad,Punjab Grain Co
2026-04-02,Dish Soap,Household,3,190,120,0.0433,545.35,360,185.35,75,Retail,Karachi,CleanHome
2026-04-02,Mineral Water,Beverages,6,80,45,0.0,480.0,270,210.0,60,Wholesale,Lahore,CoolBev Ltd
2026-04-03,Milk,Dairy,6,180,145,0.0092,1070.08,870,200.08,12,Retail,Lahore,Al-Fajr Dairy
2026-04-03,Milk,Dairy,9,180,145,0.0784,1492.91,1305,187.91,12,Retail,Lahore,Al-Fajr Dairy
2026-04-03,Milk,Dairy,5,180,145,0.0,900.0,725,175.0,12,Retail,Faisalabad,Al-Fajr Dairy
2026-04-03,Cooking Oil,Grocery,3,520,430,0.017,1533.52,1290,243.52,8,Retail,Lahore,Pakistan Oil Mills
2026-04-03,Rice,Grocery,2,280,210,0.0365,539.58,420,119.58,18,Retail,Islamabad,Punjab Grain Co
2026-04-03,Instant Noodles,Grocery,11,60,42,0.0433,631.41,462,169.41,140,Retail,Lahore,City Foods
2026-04-03,Premium Headphones,Electronics,1,4500,2100,0.0458,4293.89,2100,2193.89,22,Retail,Islamabad,TechHub
2026-04-03,Smartphone Case,Electronics,3,650,180,0.0149,1920.97,540,1380.97,55,Retail,Lahore,TechHub
2026-04-03,Energy Drink,Beverages,4,150,95,0.037,577.78,380,197.78,28,Retail,Faisalabad,CoolBev Ltd
2026-04-03,Green Tea,Beverages,4,220,140,0.0342,849.93,560,289.93,90,Retail,Lahore,Highland Tea
2026-04-03,Basmati Gift Box,Grocery,1,1800,900,0.0314,1743.55,900,843.55,16,Retail,Lahore,Punjab Grain Co
2026-04-03,Dish Soap,Household,2,190,120,0.0239,370.91,240,130.91,75,Wholesale,Karachi,CleanHome
2026-04-03,Mineral Water,Beverages,7,80,45,0.0547,529.35,315,214.35,60,Retail,Islamabad,CoolBev Ltd
2026-04-04,Milk,Dairy,11,180,145,0.0,1980.0,1595,385.0,12,Retail,Faisalabad,Al-Fajr Dairy
2026-04-04,Milk,Dairy,9,180,145,0.0155,1594.95,1305,289.95,12,Wholesale,Lahore,Al-Fajr Dairy
2026-04-04,Cooking Oil,Grocery,4,520,430,0.0218,2034.56,1720,314.56,8,Retail,Lahore,Pakistan Oil Mills
2026-04-04,Rice,Grocery,3,280,210,0.0,840.0,630,210.0,18,Retail,Faisalabad,Punjab Grain Co
2026-04-04,Instant Noodles,Grocery,16,60,42,0.0134,947.11,672,275.11,140,Retail,Islamabad,City Foods
2026-04-04,Premium Headphones,Electronics,1,4500,2100,0.0403,4318.47,2100,2218.47,22,Wholesale,Lahore,TechHub
2026-04-04,Smartphone Case,Electronics,5,650,180,0.0139,3204.77,900,2304.77,55,Wholesale,Lahore,TechHub
2026-04-04,Energy Drink,Beverages,4,150,95,0.0176,589.42,380,209.42,28,Wholesale,Lahore,CoolBev Ltd
2026-04-04,Green Tea,Beverages,3,220,140,0.0344,637.3,420,217.3,90,Retail,Islamabad,Highland Tea
2026-04-04,Basmati Gift Box,Grocery,1,1800,900,0.0166,1770.06,900,870.06,16,Retail,Faisalabad,Punjab Grain Co
2026-04-04,Dish Soap,Household,3,190,120,0.0249,555.79,360,195.79,75,Retail,Islamabad,CleanHome
2026-04-04,Mineral Water,Beverages,9,80,45,0.0365,693.69,405,288.69,60,Wholesale,Lahore,CoolBev Ltd
2026-04-04,Mineral Water,Beverages,7,80,45,0.0026,558.52,315,243.52,60,Retail,Karachi,CoolBev Ltd
2026-04-05,Milk,Dairy,7,180,145,0.0388,1211.11,1015,196.11,12,Retail,Lahore,Al-Fajr Dairy
2026-04-05,Milk,Dairy,7,180,145,0.0357,1215.06,1015,200.06,12,Retail,Faisalabad,Al-Fajr Dairy
2026-04-05,Milk,Dairy,8,180,145,0.0162,1416.68,1160,256.68,12,Wholesale,Karachi,Al-Fajr Dairy
2026-04-05,Cooking Oil,Grocery,4,520,430,0.0502,1975.51,1720,255.51,8,Retail,Islamabad,Pakistan Oil Mills
2026-04-05,Rice,Grocery,2,280,210,0.0049,557.24,420,137.24,18,Wholesale,Karachi,Punjab Grain Co
2026-04-05,Instant Noodles,Grocery,21,60,42,0.0355,1215.31,882,333.31,140,Retail,Islamabad,City Foods
2026-04-05,Premium Headphones,Electronics,1,4500,2100,0.0238,4392.68,2100,2292.68,22,Retail,Lahore,TechHub
2026-04-05,Smartphone Case,Electronics,6,650,180,0.0132,3848.37,1080,2768.37,55,Retail,Lahore,TechHub
2026-04-05,Energy Drink,Beverages,5,150,95,0.0351,723.65,475,248.65,28,Wholesale,Islamabad,CoolBev Ltd
2026-04-05,Green Tea,Beverages,6,220,140,0.0334,1275.89,840,435.89,90,Retail,Islamabad,Highland Tea
2026-04-05,Basmati Gift Box,Grocery,1,1800,900,0.0494,1711.17,900,811.17,16,Wholesale,Faisalabad,Punjab Grain Co
2026-04-05,Dish Soap,Household,3,190,120,0.0339,550.67,360,190.67,75,Retail,Lahore,CleanHome
2026-04-05,Mineral Water,Beverages,5,80,45,0.0123,395.1,225,170.1,60,Retail,Islamabad,CoolBev Ltd
2026-04-05,Mineral Water,Beverages,7,80,45,0.0427,536.09,315,221.09,60,Retail,Islamabad,CoolBev Ltd
2026-04-05,Mineral Water,Beverages,8,80,45,0.0055,636.47,360,276.47,60,Wholesale,Islamabad,CoolBev Ltd
2026-04-06,Milk,Dairy,8,180,145,0.0419,1379.67,1160,219.67,12,Retail,Faisalabad,Al-Fajr Dairy
2026-04-06,Cooking Oil,Grocery,3,520,430,0.074,1444.6,1290,154.6,8,Wholesale,Islamabad,Pakistan Oil Mills
2026-04-06,Rice,Grocery,2,280,210,0.0265,545.15,420,125.15,18,Retail,Islamabad,Punjab Grain Co
2026-04-06,Instant Noodles,Grocery,14,60,42,0.0011,839.05,588,251.05,140,Retail,Faisalabad,City Foods
2026-04-06,Instant Noodles,Grocery,14,60,42,0.0267,817.58,588,229.58,140,Retail,Karachi,City Foods
2026-04-06,Premium Headphones,Electronics,1,4500,2100,0.0312,4359.51,2100,2259.51,22,Retail,Islamabad,TechHub
2026-04-06,Smartphone Case,Electronics,4,650,180,0.038,2501.25,720,1781.25,55,Retail,Karachi,TechHub
2026-04-06,Energy Drink,Beverages,4,150,95,0.0375,577.49,380,197.49,28,Retail,Faisalabad,CoolBev Ltd
2026-04-06,Green Tea,Beverages,3,220,140,0.0473,628.77,420,208.77,90,Retail,Lahore,Highland Tea
2026-04-06,Basmati Gift Box,Grocery,1,1800,900,0.028,1749.54,900,849.54,16,Retail,Lahore,Punjab Grain Co
2026-04-06,Dish Soap,Household,3,190,120,0.017,560.33,360,200.33,75,Wholesale,Karachi,CleanHome
2026-04-06,Mineral Water,Beverages,6,80,45,0.0383,461.61,270,191.61,60,Retail,Faisalabad,CoolBev Ltd
2026-04-07,Milk,Dairy,7,180,145,0.0,1260.0,1015,245.0,12,Retail,Islamabad,Al-Fajr Dairy
2026-04-07,Cooking Oil,Grocery,3,520,430,0.0268,1518.2,1290,228.2,8,Retail,Islamabad,Pakistan Oil Mills
2026-04-07,Rice,Grocery,2,280,210,0.0135,552.44,420,132.44,18,Retail,Lahore,Punjab Grain Co
2026-04-07,Instant Noodles,Grocery,13,60,42,0.0221,762.77,546,216.77,140,Retail,Islamabad,City Foods
2026-04-07,Instant Noodles,Grocery,17,60,42,0.0472,971.84,714,257.84,140,Wholesale,Islamabad,City Foods
2026-04-07,Instant Noodles,Grocery,13,60,42,0.0505,740.59,546,194.59,140,Wholesale,Karachi,City Foods
2026-04-07,Premium Headphones,Electronics,1,4500,2100,0.0,4500.0,2100,2400.0,22,Retail,Faisalabad,TechHub
2026-04-07,Smartphone Case,Electronics,5,650,180,0.0755,3004.52,900,2104.52,55,Wholesale,Karachi,TechHub
2026-04-07,Energy Drink,Beverages,3,150,95,0.0063,447.16,285,162.16,28,Retail,Karachi,CoolBev Ltd
2026-04-07,Green Tea,Beverages,3,220,140,0.041,632.94,420,212.94,90,Retail,Faisalabad,Highland Tea
2026-04-07,Basmati Gift Box,Grocery,1,1800,900,0.0256,1753.91,900,853.91,16,Wholesale,Karachi,Punjab Grain Co
2026-04-07,Dish Soap,Household,2,190,120,0.0144,374.51,240,134.51,75,Wholesale,Karachi,CleanHome
2026-04-07,Mineral Water,Beverages,7,80,45,0.0,560.0,315,245.0,60,Retail,Karachi,CoolBev Ltd
2026-04-07,Mineral Water,Beverages,8,80,45,0.0306,620.42,360,260.42,60,Retail,Karachi,CoolBev Ltd
2026-04-07,Mineral Water,Beverages,7,80,45,0.0171,550.4,315,235.4,60,Retail,Islamabad,CoolBev Ltd
2026-04-08,Milk,Dairy,6,180,145,0.0178,1060.75,870,190.75,12,Retail,Lahore,Al-Fajr Dairy
2026-04-08,Cooking Oil,Grocery,4,520,430,0.0159,2046.99,1720,326.99,8,Retail,Karachi,Pakistan Oil Mills
2026-04-08,Rice,Grocery,2,280,210,0.0447,534.99,420,114.99,18,Retail,Faisalabad,Punjab Grain Co
2026-04-08,Instant Noodles,Grocery,16,60,42,0.0282,932.89,672,260.89,140,Retail,Islamabad,City Foods
2026-04-08,Premium Headphones,Electronics,1,4500,2100,0.0257,4384.25,2100,2284.25,22,Retail,Islamabad,TechHub
2026-04-08,Smartphone Case,Electronics,5,650,180,0.0147,3202.32,900,2302.32,55,Wholesale,Faisalabad,TechHub
2026-04-08,Energy Drink,Beverages,4,150,95,0.0089,594.63,380,214.63,28,Retail,Islamabad,CoolBev Ltd
2026-04-08,Green Tea,Beverages,5,220,140,0.034,1062.56,700,362.56,90,Retail,Islamabad,Highland Tea
2026-04-08,Basmati Gift Box,Grocery,1,1800,900,0.0271,1751.26,900,851.26,16,Retail,Faisalabad,Punjab Grain Co
2026-04-08,Dish Soap,Household,2,190,120,0.0357,366.43,240,126.43,75,Wholesale,Islamabad,CleanHome
2026-04-08,Mineral Water,Beverages,8,80,45,0.0,640.0,360,280.0,60,Retail,Islamabad,CoolBev Ltd
2026-04-08,Mineral Water,Beverages,8,80,45,0.0277,622.29,360,262.29,60,Retail,Faisalabad,CoolBev Ltd
2026-04-08,Mineral Water,Beverages,6,80,45,0.0591,451.64,270,181.64,60,Retail,Faisalabad,CoolBev Ltd
2026-04-09,Milk,Dairy,6,180,145,0.0188,1059.69,870,189.69,12,Retail,Lahore,Al-Fajr Dairy
2026-04-09,Cooking Oil,Grocery,4,520,430,0.051,1973.82,1720,253.82,8,Retail,Faisalabad,Pakistan Oil Mills
2026-04-09,Rice,Grocery,2,280,210,0.0034,558.07,420,138.07,18,Retail,Faisalabad,Punjab Grain Co
2026-04-09,Instant Noodles,Grocery,11,60,42,0.0255,643.18,462,181.18,140,Retail,Lahore,City Foods
2026-04-09,Premium Headphones,Electronics,1,4500,2100,0.0095,4457.18,2100,2357.18,22,Retail,Islamabad,TechHub
2026-04-09,Smartphone Case,Electronics,5,650,180,0.0512,3083.5,900,2183.5,55,Retail,Faisalabad,TechHub
2026-04-09,Energy Drink,Beverages,4,150,95,0.0151,590.95,380,210.95,28,Retail,Faisalabad,CoolBev Ltd
2026-04-09,Green Tea,Beverages,3,220,140,0.0382,634.79,420,214.79,90,Retail,Lahore,Highland Tea
2026-04-09,Basmati Gift Box,Grocery,1,1800,900,0.0143,1774.28,900,874.28,16,Retail,Islamabad,Punjab Grain Co
2026-04-09,Dish Soap,Household,2,190,120,0.0017,379.37,240,139.37,75,Retail,Islamabad,CleanHome
2026-04-09,Mineral Water,Beverages,6,80,45,0.038,461.76,270,191.76,60,Retail,Faisalabad,CoolBev Ltd
2026-04-09,Mineral Water,Beverages,5,80,45,0.0724,371.03,225,146.03,60,Wholesale,Faisalabad,CoolBev Ltd
2026-04-09,Mineral Water,Beverages,7,80,45,0.0415,536.75,315,221.75,60,Retail,Karachi,CoolBev Ltd
2026-04-10,Milk,Dairy,9,180,145,0.0131,1598.72,1305,293.72,12,Retail,Lahore,Al-Fajr Dairy
2026-04-10,Cooking Oil,Grocery,2,520,430,0.0,1040.0,860,180.0,8,Wholesale,Islamabad,Pakistan Oil Mills
2026-04-10,Rice,Grocery,2,280,210,0.0,560.0,420,140.0,18,Retail,Islamabad,Punjab Grain Co
2026-04-10,Instant Noodles,Grocery,18,60,42,0.0249,1053.16,756,297.16,140,Wholesale,Karachi,City Foods
2026-04-10,Premium Headphones,Electronics,1,4500,2100,0.0524,4264.01,2100,2164.01,22,Retail,Faisalabad,TechHub
2026-04-10,Smartphone Case,Electronics,5,650,180,0.036,3132.96,900,2232.96,55,Wholesale,Faisalabad,TechHub
2026-04-10,Energy Drink,Beverages,4,150,95,0.0276,583.44,380,203.44,28,Wholesale,Lahore,CoolBev Ltd
2026-04-10,Green Tea,Beverages,4,220,140,0.0395,845.2,560,285.2,90,Retail,Karachi,Highland Tea
2026-04-10,Basmati Gift Box,Grocery,1,1800,900,0.0625,1687.57,900,787.57,16,Wholesale,Faisalabad,Punjab Grain Co
2026-04-10,Dish Soap,Household,4,190,120,0.0062,755.33,480,275.33,75,Retail,Faisalabad,CleanHome
2026-04-10,Mineral Water,Beverages,6,80,45,0.0379,461.79,270,191.79,60,Retail,Islamabad,CoolBev Ltd
2026-04-11,Milk,Dairy,10,180,145,0.0532,1704.15,1450,254.15,12,Wholesale,Islamabad,Al-Fajr Dairy
2026-04-11,Milk,Dairy,7,180,145,0.0582,1186.72,1015,171.72,12,Wholesale,Karachi,Al-Fajr Dairy
2026-04-11,Cooking Oil,Grocery,5,520,430,0.0341,2511.37,2150,361.37,8,Wholesale,Faisalabad,Pakistan Oil Mills
2026-04-11,Rice,Grocery,3,280,210,0.0428,804.03,630,174.03,18,Retail,Faisalabad,Punjab Grain Co
2026-04-11,Instant Noodles,Grocery,15,60,42,0.009,891.87,630,261.87,140,Retail,Faisalabad,City Foods
2026-04-11,Premium Headphones,Electronics,1,4500,2100,0.0295,4367.43,2100,2267.43,22,Retail,Islamabad,TechHub
2026-04-11,Smartphone Case,Electronics,6,650,180,0.0175,3831.93,1080,2751.93,55,Wholesale,Karachi,TechHub
2026-04-11,Energy Drink,Beverages,4,150,95,0.0213,587.2,380,207.2,28,Retail,Faisalabad,CoolBev Ltd
2026-04-11,Green Tea,Beverages,3,220,140,0.0142,650.64,420,230.64,90,Retail,Lahore,Highland Tea
2026-04-11,Basmati Gift Box,Grocery,1,1800,900,0.0524,1705.77,900,805.77,16,Retail,Karachi,Punjab Grain Co
2026-04-11,Dish Soap,Household,3,190,120,0.0358,549.57,360,189.57,75,Wholesale,Faisalabad,CleanHome
2026-04-11,Mineral Water,Beverages,6,80,45,0.0474,457.27,270,187.27,60,Retail,Faisalabad,CoolBev Ltd
2026-04-11,Mineral Water,Beverages,7,80,45,0.014,552.15,315,237.15,60,Retail,Karachi,CoolBev Ltd
2026-04-11,Mineral Water,Beverages,9,80,45,0.0263,701.05,405,296.05,60,Retail,Karachi,CoolBev Ltd
2026-04-12,Milk,Dairy,7,180,145,0.0379,1212.26,1015,197.26,12,Retail,Islamabad,Al-Fajr Dairy
2026-04-12,Cooking Oil,Grocery,4,520,430,0.0223,2033.69,1720,313.69,8,Retail,Karachi,Pakistan Oil Mills
2026-04-12,Rice,Grocery,3,280,210,0.0224,821.16,630,191.16,18,Retail,Karachi,Punjab Grain Co
2026-04-12,Instant Noodles,Grocery,10,60,42,0.046,572.43,420,152.43,140,Retail,Islamabad,City Foods
2026-04-12,Premium Headphones,Electronics,1,4500,2100,0.0638,4212.69,2100,2112.69,22,Retail,Karachi,TechHub
2026-04-12,Smartphone Case,Electronics,5,650,180,0.0274,3160.98,900,2260.98,55,Retail,Lahore,TechHub
2026-04-12,Energy Drink,Beverages,4,150,95,0.0,600.0,380,220.0,28,Retail,Islamabad,CoolBev Ltd
2026-04-12,Green Tea,Beverages,6,220,140,0.0315,1278.43,840,438.43,90,Retail,Lahore,Highland Tea
2026-04-12,Basmati Gift Box,Grocery,1,1800,900,0.0168,1769.74,900,869.74,16,Retail,Faisalabad,Punjab Grain Co
2026-04-12,Dish Soap,Household,3,190,120,0.0211,557.95,360,197.95,75,Retail,Faisalabad,CleanHome
2026-04-12,Mineral Water,Beverages,7,80,45,0.0181,549.86,315,234.86,60,Retail,Lahore,CoolBev Ltd
2026-04-12,Mineral Water,Beverages,8,80,45,0.0352,617.48,360,257.48,60,Retail,Lahore,CoolBev Ltd
2026-04-13,Milk,Dairy,4,180,145,0.0365,693.7,580,113.7,12,Retail,Islamabad,Al-Fajr Dairy
2026-04-13,Milk,Dairy,7,180,145,0.0349,1216.0,1015,201.0,12,Retail,Lahore,Al-Fajr Dairy
2026-04-13,Cooking Oil,Grocery,3,520,430,0.0423,1494.07,1290,204.07,8,Retail,Islamabad,Pakistan Oil Mills
2026-04-13,Rice,Grocery,2,280,210,0.0905,509.33,420,89.33,18,Retail,Lahore,Punjab Grain Co
2026-04-13,Instant Noodles,Grocery,14,60,42,0.0001,839.93,588,251.93,140,Retail,Karachi,City Foods
2026-04-13,Instant Noodles,Grocery,12,60,42,0.0212,704.77,504,200.77,140,Wholesale,Lahore,City Foods
2026-04-13,Premium Headphones,Electronics,1,4500,2100,0.0414,4313.84,2100,2213.84,22,Retail,Lahore,TechHub
2026-04-13,Smartphone Case,Electronics,6,650,180,0.0062,3875.97,1080,2795.97,55,Wholesale,Faisalabad,TechHub
2026-04-13,Energy Drink,Beverages,4,150,95,0.0415,575.07,380,195.07,28,Retail,Lahore,CoolBev Ltd
2026-04-13,Green Tea,Beverages,4,220,140,0.0206,861.89,560,301.89,90,Retail,Faisalabad,Highland Tea
2026-04-13,Basmati Gift Box,Grocery,1,1800,900,0.0,1800.0,900,900.0,16,Wholesale,Lahore,Punjab Grain Co
2026-04-13,Dish Soap,Household,2,190,120,0.0203,372.28,240,132.28,75,Retail,Islamabad,CleanHome
2026-04-13,Mineral Water,Beverages,5,80,45,0.0,400.0,225,175.0,60,Retail,Islamabad,CoolBev Ltd
2026-04-13,Mineral Water,Beverages,7,80,45,0.026,545.44,315,230.44,60,Retail,Karachi,CoolBev Ltd
2026-04-13,Mineral Water,Beverages,6,80,45,0.0007,479.66,270,209.66,60,Retail,Lahore,CoolBev Ltd
2026-04-14,Milk,Dairy,6,180,145,0.0469,1029.37,870,159.37,12,Retail,Lahore,Al-Fajr Dairy
2026-04-14,Cooking Oil,Grocery,3,520,430,0.0691,1452.21,1290,162.21,8,Retail,Karachi,Pakistan Oil Mills
2026-04-14,Rice,Grocery,2,280,210,0.0226,547.34,420,127.34,18,Retail,Islamabad,Punjab Grain Co
2026-04-14,Instant Noodles,Grocery,17,60,42,0.039,980.25,714,266.25,140,Wholesale,Faisalabad,City Foods
2026-04-14,Instant Noodles,Grocery,14,60,42,0.0447,802.43,588,214.43,140,Retail,Faisalabad,City Foods
2026-04-14,Instant Noodles,Grocery,13,60,42,0.0073,774.33,546,228.33,140,Retail,Faisalabad,City Foods
2026-04-14,Premium Headphones,Electronics,1,4500,2100,0.0,4500.0,2100,2400.0,22,Retail,Lahore,TechHub
2026-04-14,Smartphone Case,Electronics,4,650,180,0.0206,2546.57,720,1826.57,55,Retail,Islamabad,TechHub
2026-04-14,Energy Drink,Beverages,5,150,95,0.0363,722.81,475,247.81,28,Retail,Lahore,CoolBev Ltd
2026-04-14,Green Tea,Beverages,3,220,140,0.0444,630.67,420,210.67,90,Wholesale,Faisalabad,Highland Tea
2026-04-14,Basmati Gift Box,Grocery,1,1800,900,0.0422,1724.0,900,824.0,16,Retail,Karachi,Punjab Grain Co
2026-04-14,Dish Soap,Household,3,190,120,0.0336,550.82,360,190.82,75,Wholesale,Karachi,CleanHome
2026-04-14,Mineral Water,Beverages,5,80,45,0.0115,395.39,225,170.39,60,Retail,Faisalabad,CoolBev Ltd
2026-04-14,Mineral Water,Beverages,6,80,45,0.0313,464.97,270,194.97,60,Retail,Lahore,CoolBev Ltd
2026-04-15,Milk,Dairy,5,180,145,0.029,873.87,725,148.87,12,Retail,Lahore,Al-Fajr Dairy
2026-04-15,Milk,Dairy,6,180,145,0.0609,1014.18,870,144.18,12,Retail,Lahore,Al-Fajr Dairy
2026-04-15,Milk,Dairy,9,180,145,0.0193,1588.68,1305,283.68,12,Wholesale,Faisalabad,Al-Fajr Dairy
2026-04-15,Cooking Oil,Grocery,3,520,430,0.0,1560.0,1290,270.0,8,Retail,Islamabad,Pakistan Oil Mills
2026-04-15,Rice,Grocery,2,280,210,0.0449,534.84,420,114.84,18,Retail,Faisalabad,Punjab Grain Co
2026-04-15,Instant Noodles,Grocery,14,60,42,0.0127,829.36,588,241.36,140,Retail,Karachi,City Foods
2026-04-15,Premium Headphones,Electronics,1,4500,2100,0.0373,4331.97,2100,2231.97,22,Wholesale,Faisalabad,TechHub
2026-04-15,Smartphone Case,Electronics,5,650,180,0.0453,3102.75,900,2202.75,55,Retail,Islamabad,TechHub
2026-04-15,Energy Drink,Beverages,3,150,95,0.0099,445.53,285,160.53,28,Wholesale,Islamabad,CoolBev Ltd
2026-04-15,Green Tea,Beverages,4,220,140,0.0022,878.07,560,318.07,90,Retail,Islamabad,Highland Tea
2026-04-15,Basmati Gift Box,Grocery,1,1800,900,0.0289,1747.91,900,847.91,16,Retail,Karachi,Punjab Grain Co
2026-04-15,Dish Soap,Household,3,190,120,0.0376,548.59,360,188.59,75,Retail,Lahore,CleanHome
2026-04-15,Mineral Water,Beverages,6,80,45,0.0464,457.75,270,187.75,60,Retail,Islamabad,CoolBev Ltd
2026-04-15,Mineral Water,Beverages,5,80,45,0.0367,385.33,225,160.33,60,Retail,Islamabad,CoolBev Ltd
2026-04-15,Mineral Water,Beverages,6,80,45,0.0096,475.39,270,205.39,60,Wholesale,Lahore,CoolBev Ltd
2026-04-16,Milk,Dairy,6,180,145,0.0385,1038.44,870,168.44,12,Retail,Karachi,Al-Fajr Dairy
2026-04-16,Cooking Oil,Grocery,4,520,430,0.0301,2017.32,1720,297.32,8,Retail,Islamabad,Pakistan Oil Mills
2026-04-16,Rice,Grocery,2,280,210,0.0031,558.26,420,138.26,18,Retail,Karachi,Punjab Grain Co
2026-04-16,Instant Noodles,Grocery,20,60,42,0.0176,1178.92,840,338.92,140,Retail,Karachi,City Foods
2026-04-16,Instant Noodles,Grocery,13,60,42,0.0342,753.29,546,207.29,140,Retail,Islamabad,City Foods
2026-04-16,Premium Headphones,Electronics,1,4500,2100,0.0517,4267.23,2100,2167.23,22,Retail,Islamabad,TechHub
2026-04-16,Smartphone Case,Electronics,5,650,180,0.0408,3117.5,900,2217.5,55,Retail,Karachi,TechHub
2026-04-16,Energy Drink,Beverages,4,150,95,0.0785,552.88,380,172.88,28,Wholesale,Lahore,CoolBev Ltd
2026-04-16,Green Tea,Beverages,4,220,140,0.015,866.8,560,306.8,90,Wholesale,Faisalabad,Highland Tea
2026-04-16,Basmati Gift Box,Grocery,1,1800,900,0.0164,1770.42,900,870.42,16,Retail,Islamabad,Punjab Grain Co
2026-04-16,Dish Soap,Household,3,190,120,0.0197,558.79,360,198.79,75,Retail,Islamabad,CleanHome
2026-04-16,Mineral Water,Beverages,6,80,45,0.0343,463.53,270,193.53,60,Retail,Islamabad,CoolBev Ltd
2026-04-16,Mineral Water,Beverages,6,80,45,0.0346,463.4,270,193.4,60,Retail,Faisalabad,CoolBev Ltd
2026-04-16,Mineral Water,Beverages,5,80,45,0.0639,374.45,225,149.45,60,Wholesale,Islamabad,CoolBev Ltd
2026-04-17,Milk,Dairy,7,180,145,0.0652,1177.86,1015,162.86,12,Retail,Faisalabad,Al-Fajr Dairy
2026-04-17,Cooking Oil,Grocery,3,520,430,0.0106,1543.46,1290,253.46,8,Retail,Karachi,Pakistan Oil Mills
2026-04-17,Rice,Grocery,2,280,210,0.0204,548.56,420,128.56,18,Retail,Islamabad,Punjab Grain Co
2026-04-17,Instant Noodles,Grocery,15,60,42,0.02,882.0,630,252.0,140,Retail,Lahore,City Foods
2026-04-17,Instant Noodles,Grocery,17,60,42,0.0038,1016.08,714,302.08,140,Retail,Karachi,City Foods
2026-04-17,Instant Noodles,Grocery,12,60,42,0.062,675.34,504,171.34,140,Retail,Lahore,City Foods
2026-04-17,Premium Headphones,Electronics,1,4500,2100,0.0117,4447.54,2100,2347.54,22,Wholesale,Lahore,TechHub
2026-04-17,Smartphone Case,Electronics,4,650,180,0.0266,2530.81,720,1810.81,55,Retail,Islamabad,TechHub
2026-04-17,Energy Drink,Beverages,3,150,95,0.0318,435.68,285,150.68,28,Retail,Karachi,CoolBev Ltd
2026-04-17,Green Tea,Beverages,4,220,140,0.0268,856.41,560,296.41,90,Wholesale,Faisalabad,Highland Tea
2026-04-17,Basmati Gift Box,Grocery,1,1800,900,0.0089,1784.02,900,884.02,16,Retail,Karachi,Punjab Grain Co
2026-04-17,Dish Soap,Household,2,190,120,0.0315,368.03,240,128.03,75,Retail,Lahore,CleanHome
2026-04-17,Mineral Water,Beverages,6,80,45,0.0338,463.79,270,193.79,60,Retail,Faisalabad,CoolBev Ltd
2026-04-17,Mineral Water,Beverages,8,80,45,0.0482,609.17,360,249.17,60,Retail,Karachi,CoolBev Ltd
2026-04-18,Milk,Dairy,12,180,145,0.0,2159.95,1740,419.95,12,Retail,Karachi,Al-Fajr Dairy
2026-04-18,Cooking Oil,Grocery,4,520,430,0.0117,2055.65,1720,335.65,8,Retail,Lahore,Pakistan Oil Mills
2026-04-18,Rice,Grocery,2,280,210,0.0438,535.47,420,115.47,18,Retail,Karachi,Punjab Grain Co
2026-04-18,Instant Noodles,Grocery,12,60,42,0.0107,712.32,504,208.32,140,Retail,Islamabad,City Foods
2026-04-18,Instant Noodles,Grocery,18,60,42,0.0,1080.0,756,324.0,140,Wholesale,Faisalabad,City Foods
2026-04-18,Instant Noodles,Grocery,18,60,42,0.0136,1065.29,756,309.29,140,Wholesale,Faisalabad,City Foods
2026-04-18,Premium Headphones,Electronics,1,4500,2100,0.0162,4426.96,2100,2326.96,22,Retail,Faisalabad,TechHub
2026-04-18,Smartphone Case,Electronics,7,650,180,0.0625,4265.75,1260,3005.75,55,Wholesale,Lahore,TechHub
2026-04-18,Energy Drink,Beverages,5,150,95,0.0458,715.63,475,240.63,28,Retail,Faisalabad,CoolBev Ltd
2026-04-18,Green Tea,Beverages,5,220,140,0.0153,1083.15,700,383.15,90,Retail,Faisalabad,Highland Tea
2026-04-18,Basmati Gift Box,Grocery,1,1800,900,0.04,1727.96,900,827.96,16,Retail,Islamabad,Punjab Grain Co
2026-04-18,Dish Soap,Household,1,190,120,0.0336,183.62,120,63.62,75,Retail,Islamabad,CleanHome
2026-04-18,Mineral Water,Beverages,8,80,45,0.0279,622.11,360,262.11,60,Retail,Islamabad,CoolBev Ltd
2026-04-19,Milk,Dairy,7,180,145,0.0362,1214.35,1015,199.35,12,Wholesale,Lahore,Al-Fajr Dairy
2026-04-19,Milk,Dairy,10,180,145,0.0373,1732.95,1450,282.95,12,Retail,Karachi,Al-Fajr Dairy
2026-04-19,Milk,Dairy,5,180,145,0.0205,881.59,725,156.59,12,Retail,Faisalabad,Al-Fajr Dairy
2026-04-19,Cooking Oil,Grocery,4,520,430,0.046,1984.27,1720,264.27,8,Wholesale,Lahore,Pakistan Oil Mills
2026-04-19,Rice,Grocery,3,280,210,0.0241,819.76,630,189.76,18,Retail,Faisalabad,Punjab Grain Co
2026-04-19,Instant Noodles,Grocery,19,60,42,0.06,1071.56,798,273.56,140,Wholesale,Lahore,City Foods
2026-04-19,Instant Noodles,Grocery,16,60,42,0.047,914.91,672,242.91,140,Wholesale,Karachi,City Foods
2026-04-19,Instant Noodles,Grocery,19,60,42,0.0241,1112.47,798,314.47,140,Retail,Lahore,City Foods
2026-04-19,Premium Headphones,Electronics,1,4500,2100,0.0451,4296.86,2100,2196.86,22,Retail,Islamabad,TechHub
2026-04-19,Smartphone Case,Electronics,5,650,180,0.0366,3131.03,900,2231.03,55,Retail,Karachi,TechHub
2026-04-19,Energy Drink,Beverages,6,150,95,0.0449,859.63,570,289.63,28,Retail,Islamabad,CoolBev Ltd
2026-04-19,Green Tea,Beverages,4,220,140,0.0411,843.79,560,283.79,90,Retail,Islamabad,Highland Tea
2026-04-19,Basmati Gift Box,Grocery,1,1800,900,0.0088,1784.08,900,884.08,16,Wholesale,Karachi,Punjab Grain Co
2026-04-19,Dish Soap,Household,2,190,120,0.0214,371.88,240,131.88,75,Retail,Lahore,CleanHome
2026-04-19,Mineral Water,Beverages,7,80,45,0.0167,550.66,315,235.66,60,Retail,Lahore,CoolBev Ltd
2026-04-20,Milk,Dairy,9,180,145,0.0,1620.0,1305,315.0,12,Wholesale,Faisalabad,Al-Fajr Dairy
2026-04-20,Milk,Dairy,11,180,145,0.0418,1897.2,1595,302.2,12,Retail,Karachi,Al-Fajr Dairy
2026-04-20,Milk,Dairy,7,180,145,0.0313,1220.5,1015,205.5,12,Retail,Karachi,Al-Fajr Dairy
2026-04-20,Cooking Oil,Grocery,4,520,430,0.0378,2001.44,1720,281.44,8,Retail,Lahore,Pakistan Oil Mills
2026-04-20,Rice,Grocery,2,280,210,0.016,551.02,420,131.02,18,Retail,Lahore,Punjab Grain Co
2026-04-20,Instant Noodles,Grocery,10,60,42,0.0121,592.76,420,172.76,140,Retail,Faisalabad,City Foods
2026-04-20,Instant Noodles,Grocery,15,60,42,0.006,894.59,630,264.59,140,Retail,Karachi,City Foods
2026-04-20,Premium Headphones,Electronics,1,4500,2100,0.0206,4407.47,2100,2307.47,22,Retail,Lahore,TechHub
2026-04-20,Smartphone Case,Electronics,6,650,180,0.0177,3830.86,1080,2750.86,55,Retail,Faisalabad,TechHub
2026-04-20,Energy Drink,Beverages,4,150,95,0.0292,582.51,380,202.51,28,Wholesale,Lahore,CoolBev Ltd
2026-04-20,Green Tea,Beverages,3,220,140,0.0147,650.3,420,230.3,90,Wholesale,Islamabad,Highland Tea
2026-04-20,Basmati Gift Box,Grocery,1,1800,900,0.0111,1780.01,900,880.01,16,Retail,Islamabad,Punjab Grain Co
2026-04-20,Dish Soap,Household,3,190,120,0.021,558.01,360,198.01,75,Retail,Lahore,CleanHome
2026-04-20,Mineral Water,Beverages,6,80,45,0.0126,473.93,270,203.93,60,Wholesale,Karachi,CoolBev Ltd
2026-04-20,Mineral Water,Beverages,5,80,45,0.0111,395.56,225,170.56,60,Retail,Karachi,CoolBev Ltd
2026-04-21,Milk,Dairy,8,180,145,0.0161,1416.81,1160,256.81,12,Retail,Islamabad,Al-Fajr Dairy
2026-04-21,Milk,Dairy,8,180,145,0.0561,1359.24,1160,199.24,12,Wholesale,Lahore,Al-Fajr Dairy
2026-04-21,Milk,Dairy,9,180,145,0.0143,1596.9,1305,291.9,12,Wholesale,Islamabad,Al-Fajr Dairy
2026-04-21,Cooking Oil,Grocery,3,520,430,0.0211,1527.12,1290,237.12,8,Retail,Lahore,Pakistan Oil Mills
2026-04-21,Rice,Grocery,2,280,210,0.0355,540.11,420,120.11,18,Retail,Faisalabad,Punjab Grain Co
2026-04-21,Instant Noodles,Grocery,15,60,42,0.046,858.62,630,228.62,140,Wholesale,Karachi,City Foods
2026-04-21,Instant Noodles,Grocery,11,60,42,0.0623,618.89,462,156.89,140,Retail,Faisalabad,City Foods
2026-04-21,Instant Noodles,Grocery,13,60,42,0.0176,766.29,546,220.29,140,Retail,Karachi,City Foods
2026-04-21,Premium Headphones,Electronics,1,4500,2100,0.0043,4480.48,2100,2380.48,22,Wholesale,Islamabad,TechHub
2026-04-21,Smartphone Case,Electronics,4,650,180,0.0181,2552.83,720,1832.83,55,Retail,Lahore,TechHub
2026-04-21,Energy Drink,Beverages,4,150,95,0.0353,578.82,380,198.82,28,Retail,Islamabad,CoolBev Ltd
2026-04-21,Green Tea,Beverages,3,220,140,0.0372,635.43,420,215.43,90,Retail,Lahore,Highland Tea
2026-04-21,Basmati Gift Box,Grocery,1,1800,900,0.0516,1707.15,900,807.15,16,Retail,Islamabad,Punjab Grain Co
2026-04-21,Dish Soap,Household,3,190,120,0.0202,558.48,360,198.48,75,Retail,Islamabad,CleanHome
2026-04-21,Mineral Water,Beverages,7,80,45,0.0415,536.76,315,221.76,60,Retail,Faisalabad,CoolBev Ltd
2026-04-21,Mineral Water,Beverages,6,80,45,0.0139,473.34,270,203.34,60,Retail,Faisalabad,CoolBev Ltd
2026-04-22,Milk,Dairy,8,180,145,0.0188,1412.95,1160,252.95,12,Retail,Islamabad,Al-Fajr Dairy
2026-04-22,Milk,Dairy,6,180,145,0.0183,1060.2,870,190.2,12,Retail,Islamabad,Al-Fajr Dairy
2026-04-22,Cooking Oil,Grocery,4,520,430,0.0228,2032.49,1720,312.49,8,Wholesale,Karachi,Pakistan Oil Mills
2026-04-22,Rice,Grocery,2,280,210,0.0,560.0,420,140.0,18,Wholesale,Karachi,Punjab Grain Co
2026-04-22,Instant Noodles,Grocery,13,60,42,0.0349,752.75,546,206.75,140,Wholesale,Islamabad,City Foods
2026-04-22,Premium Headphones,Electronics,1,4500,2100,0.0088,4460.19,2100,2360.19,22,Retail,Islamabad,TechHub
2026-04-22,Smartphone Case,Electronics,4,650,180,0.0269,2530.12,720,1810.12,55,Retail,Islamabad,TechHub
2026-04-22,Energy Drink,Beverages,5,150,95,0.0,750.0,475,275.0,28,Wholesale,Karachi,CoolBev Ltd
2026-04-22,Green Tea,Beverages,4,220,140,0.0144,867.35,560,307.35,90,Wholesale,Karachi,Highland Tea
2026-04-22,Basmati Gift Box,Grocery,1,1800,900,0.029,1747.72,900,847.72,16,Wholesale,Islamabad,Punjab Grain Co
2026-04-22,Dish Soap,Household,2,190,120,0.0279,369.4,240,129.4,75,Retail,Karachi,CleanHome
2026-04-22,Mineral Water,Beverages,6,80,45,0.035,463.18,270,193.18,60,Wholesale,Islamabad,CoolBev Ltd
2026-04-22,Mineral Water,Beverages,5,80,45,0.009,396.41,225,171.41,60,Retail,Karachi,CoolBev Ltd
2026-04-22,Mineral Water,Beverages,7,80,45,0.035,540.4,315,225.4,60,Retail,Lahore,CoolBev Ltd
2026-04-23,Milk,Dairy,9,180,145,0.0178,1591.13,1305,286.13,12,Retail,Islamabad,Al-Fajr Dairy
2026-04-23,Milk,Dairy,8,180,145,0.0103,1425.23,1160,265.23,12,Retail,Islamabad,Al-Fajr Dairy
2026-04-23,Cooking Oil,Grocery,3,520,430,0.0871,1424.05,1290,134.05,8,Retail,Islamabad,Pakistan Oil Mills
2026-04-23,Rice,Grocery,3,280,210,0.0541,794.54,630,164.54,18,Retail,Lahore,Punjab Grain Co
2026-04-23,Instant Noodles,Grocery,12,60,42,0.0512,683.14,504,179.14,140,Wholesale,Karachi,City Foods
2026-04-23,Instant Noodles,Grocery,18,60,42,0.034,1043.28,756,287.28,140,Retail,Faisalabad,City Foods
2026-04-23,Premium Headphones,Electronics,1,4500,2100,0.0232,4395.65,2100,2295.65,22,Retail,Lahore,TechHub
2026-04-23,Smartphone Case,Electronics,4,650,180,0.0443,2484.82,720,1764.82,55,Retail,Lahore,TechHub
2026-04-23,Energy Drink,Beverages,3,150,95,0.0286,437.14,285,152.14,28,Retail,Faisalabad,CoolBev Ltd
2026-04-23,Green Tea,Beverages,3,220,140,0.0545,624.0,420,204.0,90,Retail,Lahore,Highland Tea
2026-04-23,Basmati Gift Box,Grocery,1,1800,900,0.0314,1743.55,900,843.55,16,Retail,Islamabad,Punjab Grain Co
2026-04-23,Dish Soap,Household,2,190,120,0.0302,368.51,240,128.51,75,Retail,Karachi,CleanHome
2026-04-23,Mineral Water,Beverages,4,80,45,0.0,320.0,180,140.0,60,Retail,Karachi,CoolBev Ltd
2026-04-24,Milk,Dairy,7,180,145,0.0528,1193.44,1015,178.44,12,Wholesale,Lahore,Al-Fajr Dairy
2026-04-24,Milk,Dairy,8,180,145,0.0469,1372.43,1160,212.43,12,Retail,Faisalabad,Al-Fajr Dairy
2026-04-24,Cooking Oil,Grocery,3,520,430,0.0305,1512.41,1290,222.41,8,Retail,Lahore,Pakistan Oil Mills
2026-04-24,Rice,Grocery,2,280,210,0.0495,532.29,420,112.29,18,Retail,Lahore,Punjab Grain Co
2026-04-24,Instant Noodles,Grocery,19,60,42,0.0179,1119.59,798,321.59,140,Retail,Lahore,City Foods
2026-04-24,Instant Noodles,Grocery,14,60,42,0.0313,813.67,588,225.67,140,Retail,Islamabad,City Foods
2026-04-24,Instant Noodles,Grocery,14,60,42,0.0292,815.47,588,227.47,140,Wholesale,Islamabad,City Foods
2026-04-24,Smartphone Case,Electronics,6,650,180,0.0271,3794.49,1080,2714.49,55,Retail,Islamabad,TechHub
2026-04-24,Energy Drink,Beverages,3,150,95,0.0206,440.74,285,155.74,28,Retail,Karachi,CoolBev Ltd
2026-04-24,Green Tea,Beverages,4,220,140,0.0183,863.91,560,303.91,90,Retail,Islamabad,Highland Tea
2026-04-24,Basmati Gift Box,Grocery,1,1800,900,0.0209,1762.29,900,862.29,16,Wholesale,Faisalabad,Punjab Grain Co
2026-04-24,Dish Soap,Household,3,190,120,0.0,570.0,360,210.0,75,Retail,Lahore,CleanHome
2026-04-24,Mineral Water,Beverages,4,80,45,0.0082,317.36,180,137.36,60,Retail,Karachi,CoolBev Ltd
2026-04-24,Mineral Water,Beverages,4,80,45,0.0153,315.1,180,135.1,60,Retail,Karachi,CoolBev Ltd
2026-04-24,Mineral Water,Beverages,5,80,45,0.054,378.4,225,153.4,60,Retail,Karachi,CoolBev Ltd
2026-04-25,Milk,Dairy,7,180,145,0.0,1260.0,1015,245.0,12,Retail,Karachi,Al-Fajr Dairy
2026-04-25,Milk,Dairy,9,180,145,0.0474,1543.27,1305,238.27,12,Retail,Karachi,Al-Fajr Dairy
2026-04-25,Milk,Dairy,10,180,145,0.0152,1772.55,1450,322.55,12,Retail,Islamabad,Al-Fajr Dairy
2026-04-25,Cooking Oil,Grocery,4,520,430,0.026,2025.97,1720,305.97,8,Retail,Islamabad,Pakistan Oil Mills
2026-04-25,Rice,Grocery,2,280,210,0.0253,545.83,420,125.83,18,Wholesale,Karachi,Punjab Grain Co
2026-04-25,Instant Noodles,Grocery,13,60,42,0.0171,766.64,546,220.64,140,Retail,Faisalabad,City Foods
2026-04-25,Instant Noodles,Grocery,17,60,42,0.0,1020.0,714,306.0,140,Retail,Lahore,City Foods
2026-04-25,Premium Headphones,Electronics,1,4500,2100,0.0402,4319.25,2100,2219.25,22,Retail,Lahore,TechHub
2026-04-25,Smartphone Case,Electronics,6,650,180,0.012,3853.16,1080,2773.16,55,Retail,Faisalabad,TechHub
2026-04-25,Energy Drink,Beverages,7,150,95,0.0319,1016.49,665,351.49,28,Retail,Faisalabad,CoolBev Ltd
2026-04-25,Green Tea,Beverages,4,220,140,0.003,877.39,560,317.39,90,Retail,Islamabad,Highland Tea
2026-04-25,Basmati Gift Box,Grocery,1,1800,900,0.0211,1762.0,900,862.0,16,Wholesale,Lahore,Punjab Grain Co
2026-04-25,Dish Soap,Household,3,190,120,0.0405,546.94,360,186.94,75,Retail,Karachi,CleanHome
2026-04-25,Mineral Water,Beverages,8,80,45,0.0174,628.84,360,268.84,60,Retail,Faisalabad,CoolBev Ltd
2026-04-25,Mineral Water,Beverages,8,80,45,0.023,625.26,360,265.26,60,Retail,Islamabad,CoolBev Ltd
2026-04-26,Milk,Dairy,11,180,145,0.0266,1927.41,1595,332.41,12,Retail,Karachi,Al-Fajr Dairy
2026-04-26,Milk,Dairy,10,180,145,0.0007,1798.82,1450,348.82,12,Wholesale,Islamabad,Al-Fajr Dairy
2026-04-26,Cooking Oil,Grocery,3,520,430,0.0129,1539.87,1290,249.87,8,Wholesale,Islamabad,Pakistan Oil Mills
2026-04-26,Rice,Grocery,3,280,210,0.0551,793.71,630,163.71,18,Wholesale,Lahore,Punjab Grain Co
2026-04-26,Instant Noodles,Grocery,11,60,42,0.0314,639.27,462,177.27,140,Wholesale,Lahore,City Foods
2026-04-26,Instant Noodles,Grocery,18,60,42,0.0721,1002.11,756,246.11,140,Retail,Faisalabad,City Foods
2026-04-26,Premium Headphones,Electronics,1,4500,2100,0.0108,4451.59,2100,2351.59,22,Retail,Islamabad,TechHub
2026-04-26,Smartphone Case,Electronics,6,650,180,0.0145,3843.48,1080,2763.48,55,Retail,Karachi,TechHub
2026-04-26,Energy Drink,Beverages,5,150,95,0.0082,743.82,475,268.82,28,Retail,Karachi,CoolBev Ltd
2026-04-26,Green Tea,Beverages,4,220,140,0.0,880.0,560,320.0,90,Retail,Islamabad,Highland Tea
2026-04-26,Basmati Gift Box,Grocery,1,1800,900,0.0495,1710.98,900,810.98,16,Wholesale,Karachi,Punjab Grain Co
2026-04-26,Dish Soap,Household,3,190,120,0.0337,550.77,360,190.77,75,Retail,Lahore,CleanHome
2026-04-26,Mineral Water,Beverages,6,80,45,0.0525,454.82,270,184.82,60,Wholesale,Faisalabad,CoolBev Ltd
2026-04-27,Milk,Dairy,9,180,145,0.0511,1537.17,1305,232.17,12,Retail,Faisalabad,Al-Fajr Dairy
2026-04-27,Milk,Dairy,6,180,145,0.0646,1010.2,870,140.2,12,Retail,Islamabad,Al-Fajr Dairy
2026-04-27,Milk,Dairy,7,180,145,0.0166,1239.04,1015,224.04,12,Wholesale,Islamabad,Al-Fajr Dairy
2026-04-27,Cooking Oil,Grocery,2,520,430,0.044,994.25,860,134.25,8,Retail,Islamabad,Pakistan Oil Mills
2026-04-27,Rice,Grocery,2,280,210,0.0196,549.04,420,129.04,18,Retail,Lahore,Punjab Grain Co
2026-04-27,Instant Noodles,Grocery,12,60,42,0.0268,700.72,504,196.72,140,Wholesale,Islamabad,City Foods
2026-04-27,Premium Headphones,Electronics,1,4500,2100,0.0371,4333.1,2100,2233.1,22,Retail,Islamabad,TechHub
2026-04-27,Smartphone Case,Electronics,5,650,180,0.0526,3079.05,900,2179.05,55,Retail,Lahore,TechHub
2026-04-27,Energy Drink,Beverages,4,150,95,0.0,600.0,380,220.0,28,Retail,Karachi,CoolBev Ltd
2026-04-27,Green Tea,Beverages,5,220,140,0.0316,1065.24,700,365.24,90,Retail,Lahore,Highland Tea
2026-04-27,Basmati Gift Box,Grocery,1,1800,900,0.0119,1778.55,900,878.55,16,Retail,Islamabad,Punjab Grain Co
2026-04-27,Dish Soap,Household,3,190,120,0.0351,550.0,360,190.0,75,Wholesale,Faisalabad,CleanHome
2026-04-27,Mineral Water,Beverages,6,80,45,0.0218,469.53,270,199.53,60,Retail,Islamabad,CoolBev Ltd
2026-04-28,Milk,Dairy,7,180,145,0.0368,1213.64,1015,198.64,12,Retail,Faisalabad,Al-Fajr Dairy
2026-04-28,Milk,Dairy,5,180,145,0.0498,855.2,725,130.2,12,Retail,Faisalabad,Al-Fajr Dairy
2026-04-28,Milk,Dairy,6,180,145,0.0176,1061.0,870,191.0,12,Wholesale,Islamabad,Al-Fajr Dairy
2026-04-28,Cooking Oil,Grocery,4,520,430,0.0525,1970.73,1720,250.73,8,Retail,Islamabad,Pakistan Oil Mills
2026-04-28,Rice,Grocery,2,280,210,0.0339,541.01,420,121.01,18,Wholesale,Islamabad,Punjab Grain Co
2026-04-28,Instant Noodles,Grocery,11,60,42,0.0384,634.66,462,172.66,140,Wholesale,Faisalabad,City Foods
2026-04-28,Instant Noodles,Grocery,15,60,42,0.0201,881.9,630,251.9,140,Retail,Lahore,City Foods
2026-04-28,Instant Noodles,Grocery,10,60,42,0.0287,582.79,420,162.79,140,Retail,Lahore,City Foods
2026-04-28,Premium Headphones,Electronics,1,4500,2100,0.0386,4326.41,2100,2226.41,22,Wholesale,Karachi,TechHub
2026-04-28,Smartphone Case,Electronics,4,650,180,0.0456,2481.4,720,1761.4,55,Retail,Lahore,TechHub
2026-04-28,Energy Drink,Beverages,3,150,95,0.0248,438.82,285,153.82,28,Retail,Karachi,CoolBev Ltd
2026-04-28,Green Tea,Beverages,3,220,140,0.0386,634.54,420,214.54,90,Retail,Islamabad,Highland Tea
2026-04-28,Basmati Gift Box,Grocery,1,1800,900,0.0,1800.0,900,900.0,16,Retail,Faisalabad,Punjab Grain Co
2026-04-28,Dish Soap,Household,2,190,120,0.036,366.3,240,126.3,75,Wholesale,Faisalabad,CleanHome
2026-04-28,Mineral Water,Beverages,5,80,45,0.0018,399.29,225,174.29,60,Retail,Faisalabad,CoolBev Ltd
2026-04-29,Milk,Dairy,8,180,145,0.0216,1408.87,1160,248.87,12,Retail,Faisalabad,Al-Fajr Dairy
2026-04-29,Milk,Dairy,6,180,145,0.0062,1073.32,870,203.32,12,Retail,Karachi,Al-Fajr Dairy
2026-04-29,Milk,Dairy,6,180,145,0.0519,1023.98,870,153.98,12,Retail,Lahore,Al-Fajr Dairy
2026-04-29,Cooking Oil,Grocery,3,520,430,0.0215,1526.5,1290,236.5,8,Retail,Faisalabad,Pakistan Oil Mills
2026-04-29,Rice,Grocery,2,280,210,0.0266,545.11,420,125.11,18,Retail,Karachi,Punjab Grain Co
2026-04-29,Instant Noodles,Grocery,9,60,42,0.0532,511.25,378,133.25,140,Retail,Karachi,City Foods
2026-04-29,Instant Noodles,Grocery,17,60,42,0.0289,990.48,714,276.48,140,Retail,Lahore,City Foods
2026-04-29,Premium Headphones,Electronics,1,4500,2100,0.0443,4300.83,2100,2200.83,22,Retail,Lahore,TechHub
2026-04-29,Smartphone Case,Electronics,3,650,180,0.0075,1935.34,540,1395.34,55,Retail,Karachi,TechHub
2026-04-29,Energy Drink,Beverages,3,150,95,0.0375,433.12,285,148.12,28,Retail,Islamabad,CoolBev Ltd
2026-04-29,Green Tea,Beverages,2,220,140,0.0574,414.72,280,134.72,90,Retail,Karachi,Highland Tea
2026-04-29,Basmati Gift Box,Grocery,1,1800,900,0.009,1783.77,900,883.77,16,Wholesale,Islamabad,Punjab Grain Co
2026-04-29,Dish Soap,Household,3,190,120,0.0384,548.12,360,188.12,75,Retail,Karachi,CleanHome
2026-04-29,Mineral Water,Beverages,5,80,45,0.0306,387.75,225,162.75,60,Retail,Karachi,CoolBev Ltd
2026-04-29,Mineral Water,Beverages,6,80,45,0.0222,469.34,270,199.34,60,Retail,Islamabad,CoolBev Ltd
2026-04-29,Mineral Water,Beverages,6,80,45,0.009,475.66,270,205.66,60,Retail,Lahore,CoolBev Ltd
2026-04-30,Milk,Dairy,6,180,145,0.0256,1052.31,870,182.31,12,Retail,Islamabad,Al-Fajr Dairy
2026-04-30,Cooking Oil,Grocery,3,520,430,0.0,1560.0,1290,270.0,8,Retail,Islamabad,Pakistan Oil Mills
2026-04-30,Rice,Grocery,2,280,210,0.0544,529.54,420,109.54,18,Retail,Islamabad,Punjab Grain Co
2026-04-30,Instant Noodles,Grocery,19,60,42,0.0245,1112.12,798,314.12,140,Wholesale,Lahore,City Foods
2026-04-30,Premium Headphones,Electronics,1,4500,2100,0.0383,4327.61,2100,2227.61,22,Retail,Faisalabad,TechHub
2026-04-30,Smartphone Case,Electronics,5,650,180,0.0163,3197.06,900,2297.06,55,Retail,Lahore,TechHub
2026-04-30,Energy Drink,Beverages,3,150,95,0.032,435.6,285,150.6,28,Retail,Faisalabad,CoolBev Ltd
2026-04-30,Green Tea,Beverages,4,220,140,0.0561,830.64,560,270.64,90,Retail,Islamabad,Highland Tea
2026-04-30,Basmati Gift Box,Grocery,1,1800,900,0.0013,1797.7,900,897.7,16,Retail,Karachi,Punjab Grain Co
2026-04-30,Dish Soap,Household,3,190,120,0.0396,547.43,360,187.43,75,Wholesale,Islamabad,CleanHome
2026-04-30,Mineral Water,Beverages,6,80,45,0.0402,460.71,270,190.71,60,Retail,Lahore,CoolBev Ltd
2026-04-30,Mineral Water,Beverages,7,80,45,0.0762,517.31,315,202.31,60,Retail,Islamabad,CoolBev Ltd
2026-05-01,Milk,Dairy,6,180,145,0.0621,1012.91,870,142.91,12,Retail,Faisalabad,Al-Fajr Dairy
2026-05-01,Milk,Dairy,7,180,145,0.0307,1221.28,1015,206.28,12,Retail,Lahore,Al-Fajr Dairy
2026-05-01,Milk,Dairy,8,180,145,0.0224,1407.74,1160,247.74,12,Retail,Karachi,Al-Fajr Dairy
2026-05-01,Cooking Oil,Grocery,4,520,430,0.0262,2025.42,1720,305.42,8,Wholesale,Faisalabad,Pakistan Oil Mills
2026-05-01,Rice,Grocery,2,280,210,0.0459,534.29,420,114.29,18,Retail,Lahore,Punjab Grain Co
2026-05-01,Instant Noodles,Grocery,16,60,42,0.0461,915.78,672,243.78,140,Retail,Karachi,City Foods
2026-05-01,Premium Headphones,Electronics,1,4500,2100,0.0431,4306.14,2100,2206.14,22,Wholesale,Lahore,TechHub
2026-05-01,Smartphone Case,Electronics,3,650,180,0.0234,1904.29,540,1364.29,55,Retail,Islamabad,TechHub
2026-05-01,Energy Drink,Beverages,3,150,95,0.0596,423.16,285,138.16,28,Retail,Faisalabad,CoolBev Ltd
2026-05-01,Green Tea,Beverages,4,220,140,0.0353,848.96,560,288.96,90,Retail,Lahore,Highland Tea
2026-05-01,Basmati Gift Box,Grocery,1,1800,900,0.0302,1745.57,900,845.57,16,Retail,Faisalabad,Punjab Grain Co
2026-05-01,Dish Soap,Household,2,190,120,0.0192,372.7,240,132.7,75,Wholesale,Lahore,CleanHome
2026-05-01,Mineral Water,Beverages,6,80,45,0.0184,471.18,270,201.18,60,Retail,Lahore,CoolBev Ltd
2026-05-01,Mineral Water,Beverages,6,80,45,0.0,480.0,270,210.0,60,Retail,Lahore,CoolBev Ltd
2026-05-02,Milk,Dairy,11,180,145,0.0,1980.0,1595,385.0,12,Retail,Faisalabad,Al-Fajr Dairy
2026-05-02,Cooking Oil,Grocery,5,520,430,0.0148,2561.55,2150,411.55,8,Retail,Faisalabad,Pakistan Oil Mills
2026-05-02,Rice,Grocery,2,280,210,0.0625,524.98,420,104.98,18,Retail,Lahore,Punjab Grain Co
2026-05-02,Instant Noodles,Grocery,22,60,42,0.0432,1262.94,924,338.94,140,Wholesale,Islamabad,City Foods
2026-05-02,Instant Noodles,Grocery,16,60,42,0.0399,921.7,672,249.7,140,Retail,Lahore,City Foods
2026-05-02,Instant Noodles,Grocery,11,60,42,0.0289,640.9,462,178.9,140,Retail,Faisalabad,City Foods
2026-05-02,Premium Headphones,Electronics,1,4500,2100,0.0335,4349.09,2100,2249.09,22,Retail,Islamabad,TechHub
2026-05-02,Smartphone Case,Electronics,5,650,180,0.0,3250.0,900,2350.0,55,Retail,Islamabad,TechHub
2026-05-02,Energy Drink,Beverages,6,150,95,0.0746,832.83,570,262.83,28,Retail,Lahore,CoolBev Ltd
2026-05-02,Green Tea,Beverages,4,220,140,0.0214,861.2,560,301.2,90,Retail,Lahore,Highland Tea
2026-05-02,Basmati Gift Box,Grocery,1,1800,900,0.0262,1752.79,900,852.79,16,Wholesale,Faisalabad,Punjab Grain Co
2026-05-02,Dish Soap,Household,4,190,120,0.0,760.0,480,280.0,75,Retail,Faisalabad,CleanHome
2026-05-02,Mineral Water,Beverages,7,80,45,0.0284,544.09,315,229.09,60,Retail,Islamabad,CoolBev Ltd
2026-05-02,Mineral Water,Beverages,12,80,45,0.0085,951.88,540,411.88,60,Wholesale,Lahore,CoolBev Ltd
2026-05-02,Mineral Water,Beverages,8,80,45,0.03,620.82,360,260.82,60,Retail,Islamabad,CoolBev Ltd
2026-05-03,Milk,Dairy,9,180,145,0.0402,1554.83,1305,249.83,12,Retail,Karachi,Al-Fajr Dairy
2026-05-03,Milk,Dairy,10,180,145,0.0583,1695.15,1450,245.15,12,Wholesale,Lahore,Al-Fajr Dairy
2026-05-03,Milk,Dairy,9,180,145,0.0066,1609.36,1305,304.36,12,Retail,Lahore,Al-Fajr Dairy
2026-05-03,Cooking Oil,Grocery,4,520,430,0.035,2007.1,1720,287.1,8,Retail,Faisalabad,Pakistan Oil Mills
2026-05-03,Rice,Grocery,2,280,210,0.0062,556.51,420,136.51,18,Retail,Karachi,Punjab Grain Co
2026-05-03,Instant Noodles,Grocery,17,60,42,0.0006,1019.38,714,305.38,140,Retail,Karachi,City Foods
2026-05-03,Instant Noodles,Grocery,17,60,42,0.0033,1016.65,714,302.65,140,Retail,Faisalabad,City Foods
2026-05-03,Premium Headphones,Electronics,1,4500,2100,0.019,4414.45,2100,2314.45,22,Retail,Faisalabad,TechHub
2026-05-03,Smartphone Case,Electronics,6,650,180,0.0157,3838.69,1080,2758.69,55,Retail,Karachi,TechHub
2026-05-03,Energy Drink,Beverages,6,150,95,0.0477,857.08,570,287.08,28,Wholesale,Lahore,CoolBev Ltd
2026-05-03,Green Tea,Beverages,5,220,140,0.0,1100.0,700,400.0,90,Wholesale,Islamabad,Highland Tea
2026-05-03,Basmati Gift Box,Grocery,1,1800,900,0.0502,1709.61,900,809.61,16,Retail,Faisalabad,Punjab Grain Co
2026-05-03,Dish Soap,Household,3,190,120,0.0245,556.04,360,196.04,75,Retail,Islamabad,CleanHome
2026-05-03,Mineral Water,Beverages,9,80,45,0.0,720.0,405,315.0,60,Wholesale,Lahore,CoolBev Ltd
2026-05-03,Mineral Water,Beverages,10,80,45,0.0175,786.02,450,336.02,60,Retail,Lahore,CoolBev Ltd
2026-05-03,Mineral Water,Beverages,6,80,45,0.0367,462.38,270,192.38,60,Retail,Faisalabad,CoolBev Ltd
2026-05-04,Milk,Dairy,7,180,145,0.047,1200.81,1015,185.81,12,Retail,Lahore,Al-Fajr Dairy
2026-05-04,Milk,Dairy,8,180,145,0.0464,1373.12,1160,213.12,12,Retail,Lahore,Al-Fajr Dairy
2026-05-04,Milk,Dairy,7,180,145,0.0948,1140.52,1015,125.52,12,Retail,Islamabad,Al-Fajr Dairy
2026-05-04,Cooking Oil,Grocery,3,520,430,0.0125,1540.53,1290,250.53,8,Retail,Lahore,Pakistan Oil Mills
2026-05-04,Rice,Grocery,3,280,210,0.0642,786.08,630,156.08,18,Retail,Faisalabad,Punjab Grain Co
2026-05-04,Instant Noodles,Grocery,11,60,42,0.0397,633.77,462,171.77,140,Retail,Faisalabad,City Foods
2026-05-04,Premium Headphones,Electronics,1,4500,2100,0.0348,4343.48,2100,2243.48,22,Retail,Islamabad,TechHub
2026-05-04,Smartphone Case,Electronics,5,650,180,0.0399,3120.19,900,2220.19,55,Retail,Lahore,TechHub
2026-05-04,Energy Drink,Beverages,3,150,95,0.0279,437.44,285,152.44,28,Wholesale,Faisalabad,CoolBev Ltd
2026-05-04,Green Tea,Beverages,2,220,140,0.0448,420.28,280,140.28,90,Wholesale,Islamabad,Highland Tea
2026-05-04,Basmati Gift Box,Grocery,1,1800,900,0.0522,1706.1,900,806.1,16,Retail,Lahore,Punjab Grain Co
2026-05-04,Dish Soap,Household,3,190,120,0.0168,560.44,360,200.44,75,Retail,Lahore,CleanHome
2026-05-04,Mineral Water,Beverages,6,80,45,0.0206,470.12,270,200.12,60,Retail,Islamabad,CoolBev Ltd
2026-05-05,Milk,Dairy,5,180,145,0.0377,866.11,725,141.11,12,Retail,Faisalabad,Al-Fajr Dairy
2026-05-05,Milk,Dairy,8,180,145,0.036,1388.21,1160,228.21,12,Retail,Karachi,Al-Fajr Dairy
2026-05-05,Cooking Oil,Grocery,3,520,430,0.0147,1537.09,1290,247.09,8,Wholesale,Islamabad,Pakistan Oil Mills
2026-05-05,Rice,Grocery,3,280,210,0.0396,806.73,630,176.73,18,Retail,Karachi,Punjab Grain Co
2026-05-05,Instant Noodles,Grocery,15,60,42,0.0785,829.31,630,199.31,140,Wholesale,Lahore,City Foods
2026-05-05,Instant Noodles,Grocery,18,60,42,0.0152,1063.59,756,307.59,140,Retail,Karachi,City Foods
2026-05-05,Instant Noodles,Grocery,16,60,42,0.0379,923.57,672,251.57,140,Wholesale,Faisalabad,City Foods
2026-05-05,Premium Headphones,Electronics,1,4500,2100,0.0498,4276.05,2100,2176.05,22,Retail,Islamabad,TechHub
2026-05-05,Smartphone Case,Electronics,6,650,180,0.0661,3642.29,1080,2562.29,55,Wholesale,Islamabad,TechHub
2026-05-05,Energy Drink,Beverages,4,150,95,0.057,565.79,380,185.79,28,Retail,Karachi,CoolBev Ltd
2026-05-05,Green Tea,Beverages,3,220,140,0.0093,653.84,420,233.84,90,Retail,Faisalabad,Highland Tea
2026-05-05,Basmati Gift Box,Grocery,1,1800,900,0.0295,1746.95,900,846.95,16,Retail,Faisalabad,Punjab Grain Co
2026-05-05,Dish Soap,Household,3,190,120,0.0566,537.74,360,177.74,75,Retail,Faisalabad,CleanHome
2026-05-05,Mineral Water,Beverages,7,80,45,0.0,560.0,315,245.0,60,Retail,Islamabad,CoolBev Ltd
2026-05-05,Mineral Water,Beverages,5,80,45,0.0304,387.83,225,162.83,60,Retail,Karachi,CoolBev Ltd
2026-05-06,Milk,Dairy,10,180,145,0.0137,1775.31,1450,325.31,12,Wholesale,Faisalabad,Al-Fajr Dairy
2026-05-06,Milk,Dairy,8,180,145,0.0378,1385.64,1160,225.64,12,Retail,Islamabad,Al-Fajr Dairy
2026-05-06,Cooking Oil,Grocery,3,520,430,0.0638,1460.55,1290,170.55,8,Retail,Islamabad,Pakistan Oil Mills
2026-05-06,Rice,Grocery,2,280,210,0.0459,534.29,420,114.29,18,Wholesale,Islamabad,Punjab Grain Co
2026-05-06,Instant Noodles,Grocery,17,60,42,0.0338,985.56,714,271.56,140,Retail,Lahore,City Foods
2026-05-06,Premium Headphones,Electronics,1,4500,2100,0.0,4500.0,2100,2400.0,22,Retail,Lahore,TechHub
2026-05-06,Smartphone Case,Electronics,4,650,180,0.0063,2583.7,720,1863.7,55,Retail,Faisalabad,TechHub
2026-05-06,Energy Drink,Beverages,4,150,95,0.0294,582.36,380,202.36,28,Retail,Faisalabad,CoolBev Ltd
2026-05-06,Green Tea,Beverages,3,220,140,0.0498,627.11,420,207.11,90,Retail,Islamabad,Highland Tea
2026-05-06,Basmati Gift Box,Grocery,1,1800,900,0.0299,1746.17,900,846.17,16,Wholesale,Lahore,Punjab Grain Co
2026-05-06,Dish Soap,Household,2,190,120,0.0288,369.04,240,129.04,75,Retail,Lahore,CleanHome
2026-05-06,Mineral Water,Beverages,6,80,45,0.02,470.42,270,200.42,60,Retail,Lahore,CoolBev Ltd
2026-05-06,Mineral Water,Beverages,8,80,45,0.0235,624.95,360,264.95,60,Wholesale,Islamabad,CoolBev Ltd
2026-05-06,Mineral Water,Beverages,8,80,45,0.019,627.84,360,267.84,60,Retail,Faisalabad,CoolBev Ltd
2026-05-07,Milk,Dairy,9,180,145,0.045,1547.09,1305,242.09,12,Retail,Karachi,Al-Fajr Dairy
2026-05-07,Milk,Dairy,7,180,145,0.0175,1237.93,1015,222.93,12,Retail,Islamabad,Al-Fajr Dairy
2026-05-07,Cooking Oil,Grocery,4,520,430,0.0297,2018.15,1720,298.15,8,Retail,Lahore,Pakistan Oil Mills
2026-05-07,Rice,Grocery,3,280,210,0.0237,820.12,630,190.12,18,Wholesale,Lahore,Punjab Grain Co
2026-05-07,Instant Noodles,Grocery,17,60,42,0.0545,964.41,714,250.41,140,Retail,Karachi,City Foods
2026-05-07,Instant Noodles,Grocery,13,60,42,0.0376,750.68,546,204.68,140,Retail,Lahore,City Foods
2026-05-07,Premium Headphones,Electronics,1,4500,2100,0.005,4477.67,2100,2377.67,22,Retail,Karachi,TechHub
2026-05-07,Smartphone Case,Electronics,4,650,180,0.0246,2535.91,720,1815.91,55,Retail,Islamabad,TechHub
2026-05-07,Energy Drink,Beverages,3,150,95,0.0,450.0,285,165.0,28,Retail,Islamabad,CoolBev Ltd
2026-05-07,Green Tea,Beverages,3,220,140,0.0424,632.01,420,212.01,90,Wholesale,Lahore,Highland Tea
2026-05-07,Basmati Gift Box,Grocery,1,1800,900,0.0,1800.0,900,900.0,16,Retail,Faisalabad,Punjab Grain Co
2026-05-07,Dish Soap,Household,2,190,120,0.0446,363.04,240,123.04,75,Retail,Faisalabad,CleanHome
2026-05-07,Mineral Water,Beverages,6,80,45,0.0531,454.5,270,184.5,60,Wholesale,Lahore,CoolBev Ltd
2026-05-07,Mineral Water,Beverages,6,80,45,0.0083,476.02,270,206.02,60,Retail,Islamabad,CoolBev Ltd
2026-05-08,Milk,Dairy,8,180,145,0.0557,1359.73,1160,199.73,12,Retail,Islamabad,Al-Fajr Dairy
2026-05-08,Milk,Dairy,8,180,145,0.0572,1357.61,1160,197.61,12,Retail,Islamabad,Al-Fajr Dairy
2026-05-08,Cooking Oil,Grocery,4,520,430,0.0492,1977.73,1720,257.73,8,Wholesale,Lahore,Pakistan Oil Mills
2026-05-08,Rice,Grocery,2,280,210,0.0489,532.64,420,112.64,18,Retail,Karachi,Punjab Grain Co
2026-05-08,Instant Noodles,Grocery,14,60,42,0.0443,802.78,588,214.78,140,Retail,Islamabad,City Foods
2026-05-08,Premium Headphones,Electronics,1,4500,2100,0.032,4356.1,2100,2256.1,22,Retail,Lahore,TechHub
2026-05-08,Smartphone Case,Electronics,6,650,180,0.0,3900.0,1080,2820.0,55,Wholesale,Lahore,TechHub
2026-05-08,Energy Drink,Beverages,3,150,95,0.0504,427.33,285,142.33,28,Retail,Islamabad,CoolBev Ltd
2026-05-08,Green Tea,Beverages,3,220,140,0.0182,647.98,420,227.98,90,Retail,Islamabad,Highland Tea
2026-05-08,Basmati Gift Box,Grocery,1,1800,900,0.0397,1728.59,900,828.59,16,Wholesale,Islamabad,Punjab Grain Co
2026-05-08,Dish Soap,Household,2,190,120,0.0446,363.07,240,123.07,75,Retail,Karachi,CleanHome
2026-05-08,Mineral Water,Beverages,7,80,45,0.0158,551.13,315,236.13,60,Retail,Faisalabad,CoolBev Ltd
2026-05-09,Milk,Dairy,11,180,145,0.0332,1914.23,1595,319.23,12,Wholesale,Islamabad,Al-Fajr Dairy
2026-05-09,Milk,Dairy,7,180,145,0.0652,1177.9,1015,162.9,12,Retail,Lahore,Al-Fajr Dairy
2026-05-09,Milk,Dairy,8,180,145,0.0414,1380.38,1160,220.38,12,Wholesale,Islamabad,Al-Fajr Dairy
2026-05-09,Cooking Oil,Grocery,5,520,430,0.0425,2489.54,2150,339.54,8,Retail,Islamabad,Pakistan Oil Mills
2026-05-09,Rice,Grocery,3,280,210,0.0268,817.51,630,187.51,18,Wholesale,Faisalabad,Punjab Grain Co
2026-05-09,Instant Noodles,Grocery,17,60,42,0.0105,1009.29,714,295.29,140,Retail,Lahore,City Foods
2026-05-09,Instant Noodles,Grocery,20,60,42,0.0595,1128.56,840,288.56,140,Wholesale,Islamabad,City Foods
2026-05-09,Premium Headphones,Electronics,1,4500,2100,0.0241,4391.74,2100,2291.74,22,Retail,Faisalabad,TechHub
2026-05-09,Smartphone Case,Electronics,6,650,180,0.0223,3813.14,1080,2733.14,55,Retail,Karachi,TechHub
2026-05-09,Energy Drink,Beverages,4,150,95,0.0124,592.58,380,212.58,28,Retail,Islamabad,CoolBev Ltd
2026-05-09,Green Tea,Beverages,5,220,140,0.0103,1088.68,700,388.68,90,Wholesale,Lahore,Highland Tea
2026-05-09,Basmati Gift Box,Grocery,1,1800,900,0.0303,1745.41,900,845.41,16,Wholesale,Karachi,Punjab Grain Co
2026-05-09,Dish Soap,Household,3,190,120,0.0459,543.83,360,183.83,75,Wholesale,Islamabad,CleanHome
2026-05-09,Mineral Water,Beverages,6,80,45,0.0156,472.53,270,202.53,60,Retail,Islamabad,CoolBev Ltd
2026-05-09,Mineral Water,Beverages,4,80,45,0.0259,311.73,180,131.73,60,Retail,Faisalabad,CoolBev Ltd
2026-05-09,Mineral Water,Beverages,9,80,45,0.037,693.33,405,288.33,60,Retail,Karachi,CoolBev Ltd
2026-05-10,Milk,Dairy,10,180,145,0.0445,1719.96,1450,269.96,12,Retail,Karachi,Al-Fajr Dairy
2026-05-10,Cooking Oil,Grocery,4,520,430,0.0,2080.0,1720,360.0,8,Wholesale,Karachi,Pakistan Oil Mills
2026-05-10,Rice,Grocery,2,280,210,0.0315,542.37,420,122.37,18,Retail,Islamabad,Punjab Grain Co
2026-05-10,Instant Noodles,Grocery,14,60,42,0.0334,811.93,588,223.93,140,Retail,Karachi,City Foods
2026-05-10,Instant Noodles,Grocery,19,60,42,0.0302,1105.52,798,307.52,140,Wholesale,Lahore,City Foods
2026-05-10,Premium Headphones,Electronics,1,4500,2100,0.0,4500.0,2100,2400.0,22,Retail,Faisalabad,TechHub
2026-05-10,Smartphone Case,Electronics,5,650,180,0.0219,3178.71,900,2278.71,55,Retail,Faisalabad,TechHub
2026-05-10,Energy Drink,Beverages,6,150,95,0.0462,858.38,570,288.38,28,Wholesale,Karachi,CoolBev Ltd
2026-05-10,Green Tea,Beverages,5,220,140,0.0428,1052.91,700,352.91,90,Retail,Islamabad,Highland Tea
2026-05-10,Basmati Gift Box,Grocery,1,1800,900,0.0268,1751.77,900,851.77,16,Wholesale,Faisalabad,Punjab Grain Co
2026-05-10,Dish Soap,Household,3,190,120,0.0343,550.43,360,190.43,75,Retail,Lahore,CleanHome
2026-05-10,Mineral Water,Beverages,7,80,45,0.0156,551.25,315,236.25,60,Wholesale,Islamabad,CoolBev Ltd
2026-05-10,Mineral Water,Beverages,7,80,45,0.0333,541.34,315,226.34,60,Retail,Islamabad,CoolBev Ltd
2026-05-11,Milk,Dairy,6,180,145,0.0,1080.0,870,210.0,12,Wholesale,Islamabad,Al-Fajr Dairy
2026-05-11,Milk,Dairy,6,180,145,0.0327,1044.74,870,174.74,12,Retail,Islamabad,Al-Fajr Dairy
2026-05-11,Milk,Dairy,8,180,145,0.0059,1431.48,1160,271.48,12,Wholesale,Lahore,Al-Fajr Dairy
2026-05-11,Cooking Oil,Grocery,4,520,430,0.0643,1946.28,1720,226.28,8,Wholesale,Islamabad,Pakistan Oil Mills
2026-05-11,Rice,Grocery,2,280,210,0.0099,554.46,420,134.46,18,Retail,Faisalabad,Punjab Grain Co
2026-05-11,Instant Noodles,Grocery,14,60,42,0.0412,805.38,588,217.38,140,Retail,Karachi,City Foods
2026-05-11,Instant Noodles,Grocery,14,60,42,0.0333,812.04,588,224.04,140,Retail,Islamabad,City Foods
2026-05-11,Premium Headphones,Electronics,1,4500,2100,0.0184,4417.13,2100,2317.13,22,Retail,Faisalabad,TechHub
2026-05-11,Smartphone Case,Electronics,6,650,180,0.0798,3588.84,1080,2508.84,55,Retail,Faisalabad,TechHub
2026-05-11,Energy Drink,Beverages,3,150,95,0.0145,443.46,285,158.46,28,Retail,Faisalabad,CoolBev Ltd
2026-05-11,Green Tea,Beverages,4,220,140,0.0057,874.95,560,314.95,90,Wholesale,Faisalabad,Highland Tea
2026-05-11,Basmati Gift Box,Grocery,1,1800,900,0.0473,1714.88,900,814.88,16,Wholesale,Faisalabad,Punjab Grain Co
2026-05-11,Dish Soap,Household,2,190,120,0.0424,363.88,240,123.88,75,Retail,Islamabad,CleanHome
2026-05-11,Mineral Water,Beverages,6,80,45,0.0205,470.16,270,200.16,60,Wholesale,Faisalabad,CoolBev Ltd
2026-05-11,Mineral Water,Beverages,7,80,45,0.0377,538.86,315,223.86,60,Retail,Islamabad,CoolBev Ltd
2026-05-12,Milk,Dairy,9,180,145,0.0089,1605.58,1305,300.58,12,Wholesale,Karachi,Al-Fajr Dairy
2026-05-12,Milk,Dairy,7,180,145,0.0187,1236.42,1015,221.42,12,Retail,Karachi,Al-Fajr Dairy
2026-05-12,Milk,Dairy,7,180,145,0.0101,1247.21,1015,232.21,12,Wholesale,Faisalabad,Al-Fajr Dairy
2026-05-12,Cooking Oil,Grocery,3,520,430,0.0487,1484.04,1290,194.04,8,Retail,Faisalabad,Pakistan Oil Mills
2026-05-12,Rice,Grocery,2,280,210,0.0364,539.61,420,119.61,18,Retail,Faisalabad,Punjab Grain Co
2026-05-12,Instant Noodles,Grocery,15,60,42,0.0233,879.0,630,249.0,140,Retail,Lahore,City Foods
2026-05-12,Premium Headphones,Electronics,1,4500,2100,0.0427,4308.04,2100,2208.04,22,Wholesale,Karachi,TechHub
2026-05-12,Smartphone Case,Electronics,4,650,180,0.0048,2587.58,720,1867.58,55,Wholesale,Karachi,TechHub
2026-05-12,Energy Drink,Beverages,4,150,95,0.0346,579.25,380,199.25,28,Retail,Lahore,CoolBev Ltd
2026-05-12,Green Tea,Beverages,4,220,140,0.0162,865.78,560,305.78,90,Retail,Faisalabad,Highland Tea
2026-05-12,Basmati Gift Box,Grocery,1,1800,900,0.0454,1718.24,900,818.24,16,Wholesale,Karachi,Punjab Grain Co
2026-05-12,Dish Soap,Household,2,190,120,0.0279,369.38,240,129.38,75,Retail,Lahore,CleanHome
2026-05-12,Mineral Water,Beverages,7,80,45,0.0807,514.81,315,199.81,60,Retail,Karachi,CoolBev Ltd
2026-05-12,Mineral Water,Beverages,7,80,45,0.0,560.0,315,245.0,60,Retail,Karachi,CoolBev Ltd
2026-05-12,Mineral Water,Beverages,7,80,45,0.038,538.69,315,223.69,60,Retail,Islamabad,CoolBev Ltd
2026-05-13,Milk,Dairy,5,180,145,0.0435,860.87,725,135.87,12,Wholesale,Faisalabad,Al-Fajr Dairy
2026-05-13,Milk,Dairy,5,180,145,0.0604,845.65,725,120.65,12,Retail,Faisalabad,Al-Fajr Dairy
2026-05-13,Cooking Oil,Grocery,4,520,430,0.0298,2017.96,1720,297.96,8,Retail,Faisalabad,Pakistan Oil Mills
2026-05-13,Rice,Grocery,2,280,210,0.053,530.31,420,110.31,18,Retail,Lahore,Punjab Grain Co
2026-05-13,Instant Noodles,Grocery,16,60,42,0.0218,939.1,672,267.1,140,Retail,Islamabad,City Foods
2026-05-13,Premium Headphones,Electronics,1,4500,2100,0.065,4207.52,2100,2107.52,22,Wholesale,Faisalabad,TechHub
2026-05-13,Smartphone Case,Electronics,3,650,180,0.0,1950.0,540,1410.0,55,Retail,Karachi,TechHub
2026-05-13,Energy Drink,Beverages,3,150,95,0.0309,436.1,285,151.1,28,Wholesale,Faisalabad,CoolBev Ltd
2026-05-13,Green Tea,Beverages,2,220,140,0.0455,419.96,280,139.96,90,Wholesale,Faisalabad,Highland Tea
2026-05-13,Basmati Gift Box,Grocery,1,1800,900,0.0265,1752.21,900,852.21,16,Retail,Karachi,Punjab Grain Co
2026-05-13,Dish Soap,Household,2,190,120,0.0301,368.54,240,128.54,75,Retail,Islamabad,CleanHome
2026-05-13,Mineral Water,Beverages,6,80,45,0.0247,468.14,270,198.14,60,Wholesale,Faisalabad,CoolBev Ltd
2026-05-13,Mineral Water,Beverages,7,80,45,0.0281,544.27,315,229.27,60,Retail,Islamabad,CoolBev Ltd
2026-05-14,Milk,Dairy,7,180,145,0.0171,1238.5,1015,223.5,12,Wholesale,Islamabad,Al-Fajr Dairy
2026-05-14,Milk,Dairy,6,180,145,0.0377,1039.26,870,169.26,12,Retail,Faisalabad,Al-Fajr Dairy
2026-05-14,Cooking Oil,Grocery,3,520,430,0.0234,1523.44,1290,233.44,8,Retail,Islamabad,Pakistan Oil Mills
2026-05-14,Rice,Grocery,1,280,210,0.0377,269.46,210,59.46,18,Retail,Faisalabad,Punjab Grain Co
2026-05-14,Instant Noodles,Grocery,13,60,42,0.0679,727.03,546,181.03,140,Retail,Lahore,City Foods
2026-05-14,Premium Headphones,Electronics,1,4500,2100,0.0101,4454.43,2100,2354.43,22,Retail,Lahore,TechHub
2026-05-14,Smartphone Case,Electronics,6,650,180,0.0574,3676.06,1080,2596.06,55,Retail,Lahore,TechHub
2026-05-14,Energy Drink,Beverages,3,150,95,0.0662,420.2,285,135.2,28,Retail,Lahore,CoolBev Ltd
2026-05-14,Green Tea,Beverages,3,220,140,0.0587,621.23,420,201.23,90,Retail,Faisalabad,Highland Tea
2026-05-14,Basmati Gift Box,Grocery,1,1800,900,0.035,1737.05,900,837.05,16,Retail,Islamabad,Punjab Grain Co
2026-05-14,Dish Soap,Household,2,190,120,0.0,380.0,240,140.0,75,Retail,Faisalabad,CleanHome
2026-05-14,Mineral Water,Beverages,7,80,45,0.042,536.49,315,221.49,60,Retail,Lahore,CoolBev Ltd
2026-05-14,Mineral Water,Beverages,5,80,45,0.0345,386.19,225,161.19,60,Retail,Islamabad,CoolBev Ltd
2026-05-15,Milk,Dairy,7,180,145,0.0141,1242.28,1015,227.28,12,Retail,Faisalabad,Al-Fajr Dairy
2026-05-15,Cooking Oil,Grocery,1,520,430,0.0377,500.42,430,70.42,8,Retail,Islamabad,Pakistan Oil Mills
2026-05-15,Rice,Grocery,2,280,210,0.0252,545.9,420,125.9,18,Wholesale,Faisalabad,Punjab Grain Co
2026-05-15,Instant Noodles,Grocery,13,60,42,0.0507,740.43,546,194.43,140,Wholesale,Islamabad,City Foods
2026-05-15,Premium Headphones,Electronics,1,4500,2100,0.0459,4293.25,2100,2193.25,22,Wholesale,Lahore,TechHub
2026-05-15,Smartphone Case,Electronics,7,650,180,0.033,4399.73,1260,3139.73,55,Retail,Islamabad,TechHub
2026-05-15,Energy Drink,Beverages,3,150,95,0.0191,441.39,285,156.39,28,Retail,Lahore,CoolBev Ltd
2026-05-15,Green Tea,Beverages,2,220,140,0.0,440.0,280,160.0,90,Retail,Karachi,Highland Tea
2026-05-15,Basmati Gift Box,Grocery,1,1800,900,0.0308,1744.47,900,844.47,16,Retail,Lahore,Punjab Grain Co
2026-05-15,Dish Soap,Household,2,190,120,0.039,365.16,240,125.16,75,Retail,Karachi,CleanHome
2026-05-15,Mineral Water,Beverages,7,80,45,0.0453,534.62,315,219.62,60,Retail,Karachi,CoolBev Ltd
2026-05-16,Milk,Dairy,10,180,145,0.0431,1722.47,1450,272.47,12,Retail,Karachi,Al-Fajr Dairy
2026-05-16,Milk,Dairy,10,180,145,0.0,1800.0,1450,350.0,12,Retail,Lahore,Al-Fajr Dairy
2026-05-16,Milk,Dairy,8,180,145,0.0274,1400.54,1160,240.54,12,Retail,Karachi,Al-Fajr Dairy
2026-05-16,Cooking Oil,Grocery,4,520,430,0.0523,1971.13,1720,251.13,8,Retail,Faisalabad,Pakistan Oil Mills
2026-05-16,Rice,Grocery,2,280,210,0.0348,540.53,420,120.53,18,Retail,Faisalabad,Punjab Grain Co
2026-05-16,Instant Noodles,Grocery,19,60,42,0.0,1140.0,798,342.0,140,Retail,Karachi,City Foods
2026-05-16,Instant Noodles,Grocery,20,60,42,0.0181,1178.3,840,338.3,140,Wholesale,Karachi,City Foods
2026-05-16,Premium Headphones,Electronics,1,4500,2100,0.0327,4353.07,2100,2253.07,22,Wholesale,Faisalabad,TechHub
2026-05-16,Smartphone Case,Electronics,7,650,180,0.0279,4423.05,1260,3163.05,55,Wholesale,Islamabad,TechHub
2026-05-16,Energy Drink,Beverages,6,150,95,0.0417,862.47,570,292.47,28,Retail,Faisalabad,CoolBev Ltd
2026-05-16,Green Tea,Beverages,5,220,140,0.0808,1011.15,700,311.15,90,Retail,Islamabad,Highland Tea
2026-05-16,Basmati Gift Box,Grocery,1,1800,900,0.0334,1739.86,900,839.86,16,Retail,Islamabad,Punjab Grain Co
2026-05-16,Dish Soap,Household,3,190,120,0.0244,556.07,360,196.07,75,Retail,Faisalabad,CleanHome
2026-05-16,Mineral Water,Beverages,6,80,45,0.0196,470.57,270,200.57,60,Retail,Karachi,CoolBev Ltd
2026-05-16,Mineral Water,Beverages,10,80,45,0.0407,767.42,450,317.42,60,Retail,Islamabad,CoolBev Ltd
2026-05-16,Mineral Water,Beverages,7,80,45,0.0575,527.8,315,212.8,60,Retail,Faisalabad,CoolBev Ltd
2026-05-17,Milk,Dairy,8,180,145,0.0525,1364.4,1160,204.4,12,Wholesale,Islamabad,Al-Fajr Dairy
2026-05-17,Milk,Dairy,9,180,145,0.0755,1497.77,1305,192.77,12,Retail,Karachi,Al-Fajr Dairy
2026-05-17,Cooking Oil,Grocery,4,520,430,0.0382,2000.53,1720,280.53,8,Retail,Islamabad,Pakistan Oil Mills
2026-05-17,Rice,Grocery,2,280,210,0.044,535.35,420,115.35,18,Retail,Islamabad,Punjab Grain Co
2026-05-17,Instant Noodles,Grocery,17,60,42,0.0225,997.1,714,283.1,140,Wholesale,Karachi,City Foods
2026-05-17,Instant Noodles,Grocery,17,60,42,0.0188,1000.87,714,286.87,140,Retail,Islamabad,City Foods
2026-05-17,Premium Headphones,Electronics,1,4500,2100,0.0393,4323.02,2100,2223.02,22,Wholesale,Lahore,TechHub
2026-05-17,Smartphone Case,Electronics,7,650,180,0.0454,4343.34,1260,3083.34,55,Wholesale,Karachi,TechHub
2026-05-17,Energy Drink,Beverages,5,150,95,0.0246,731.54,475,256.54,28,Wholesale,Islamabad,CoolBev Ltd
2026-05-17,Green Tea,Beverages,4,220,140,0.0223,860.33,560,300.33,90,Retail,Lahore,Highland Tea
2026-05-17,Basmati Gift Box,Grocery,1,1800,900,0.0259,1753.35,900,853.35,16,Wholesale,Lahore,Punjab Grain Co
2026-05-17,Dish Soap,Household,3,190,120,0.0493,541.9,360,181.9,75,Retail,Karachi,CleanHome
2026-05-17,Mineral Water,Beverages,7,80,45,0.0078,555.63,315,240.63,60,Wholesale,Islamabad,CoolBev Ltd
2026-05-18,Milk,Dairy,7,180,145,0.0138,1242.64,1015,227.64,12,Retail,Islamabad,Al-Fajr Dairy
2026-05-18,Milk,Dairy,5,180,145,0.0485,856.33,725,131.33,12,Retail,Karachi,Al-Fajr Dairy
2026-05-18,Milk,Dairy,7,180,145,0.0015,1258.15,1015,243.15,12,Wholesale,Karachi,Al-Fajr Dairy
2026-05-18,Cooking Oil,Grocery,3,520,430,0.0298,1513.55,1290,223.55,8,Retail,Islamabad,Pakistan Oil Mills
2026-05-18,Rice,Grocery,3,280,210,0.0447,802.49,630,172.49,18,Retail,Islamabad,Punjab Grain Co
2026-05-18,Instant Noodles,Grocery,16,60,42,0.0293,931.9,672,259.9,140,Retail,Islamabad,City Foods
2026-05-18,Instant Noodles,Grocery,17,60,42,0.043,976.17,714,262.17,140,Wholesale,Lahore,City Foods
2026-05-18,Instant Noodles,Grocery,12,60,42,0.0245,702.36,504,198.36,140,Retail,Faisalabad,City Foods
2026-05-18,Premium Headphones,Electronics,1,4500,2100,0.0527,4262.68,2100,2162.68,22,Retail,Faisalabad,TechHub
2026-05-18,Smartphone Case,Electronics,6,650,180,0.0541,3688.97,1080,2608.97,55,Wholesale,Islamabad,TechHub
2026-05-18,Energy Drink,Beverages,4,150,95,0.0178,589.29,380,209.29,28,Retail,Karachi,CoolBev Ltd
2026-05-18,Green Tea,Beverages,3,220,140,0.0565,622.71,420,202.71,90,Retail,Lahore,Highland Tea
2026-05-18,Basmati Gift Box,Grocery,1,1800,900,0.0335,1739.62,900,839.62,16,Wholesale,Faisalabad,Punjab Grain Co
2026-05-18,Dish Soap,Household,2,190,120,0.0304,368.43,240,128.43,75,Retail,Islamabad,CleanHome
2026-05-18,Mineral Water,Beverages,7,80,45,0.02,548.82,315,233.82,60,Retail,Faisalabad,CoolBev Ltd
2026-05-19,Milk,Dairy,9,180,145,0.0526,1534.72,1305,229.72,12,Retail,Islamabad,Al-Fajr Dairy
2026-05-19,Milk,Dairy,7,180,145,0.0288,1223.71,1015,208.71,12,Wholesale,Karachi,Al-Fajr Dairy
2026-05-19,Cooking Oil,Grocery,4,520,430,0.0374,2002.29,1720,282.29,8,Wholesale,Islamabad,Pakistan Oil Mills
2026-05-19,Rice,Grocery,2,280,210,0.0253,545.83,420,125.83,18,Retail,Lahore,Punjab Grain Co
2026-05-19,Instant Noodles,Grocery,19,60,42,0.07,1060.24,798,262.24,140,Wholesale,Faisalabad,City Foods
2026-05-19,Instant Noodles,Grocery,14,60,42,0.0257,818.44,588,230.44,140,Retail,Lahore,City Foods
2026-05-19,Premium Headphones,Electronics,1,4500,2100,0.0387,4325.96,2100,2225.96,22,Retail,Lahore,TechHub
2026-05-19,Smartphone Case,Electronics,5,650,180,0.0234,3173.81,900,2273.81,55,Wholesale,Faisalabad,TechHub
2026-05-19,Energy Drink,Beverages,4,150,95,0.0268,583.95,380,203.95,28,Wholesale,Lahore,CoolBev Ltd
2026-05-19,Green Tea,Beverages,4,220,140,0.0252,857.82,560,297.82,90,Retail,Islamabad,Highland Tea
2026-05-19,Basmati Gift Box,Grocery,1,1800,900,0.0443,1720.2,900,820.2,16,Retail,Faisalabad,Punjab Grain Co
2026-05-19,Dish Soap,Household,3,190,120,0.0341,550.58,360,190.58,75,Retail,Karachi,CleanHome
2026-05-19,Mineral Water,Beverages,7,80,45,0.0363,539.68,315,224.68,60,Retail,Karachi,CoolBev Ltd
2026-05-19,Mineral Water,Beverages,6,80,45,0.039,461.26,270,191.26,60,Wholesale,Lahore,CoolBev Ltd
2026-05-19,Mineral Water,Beverages,6,80,45,0.0641,449.21,270,179.21,60,Retail,Faisalabad,CoolBev Ltd
2026-05-20,Milk,Dairy,6,180,145,0.0048,1074.8,870,204.8,12,Retail,Lahore,Al-Fajr Dairy
2026-05-20,Milk,Dairy,7,180,145,0.0479,1199.63,1015,184.63,12,Retail,Karachi,Al-Fajr Dairy
2026-05-20,Milk,Dairy,7,180,145,0.0406,1208.87,1015,193.87,12,Retail,Faisalabad,Al-Fajr Dairy
2026-05-20,Cooking Oil,Grocery,3,520,430,0.0296,1513.83,1290,223.83,8,Retail,Lahore,Pakistan Oil Mills
2026-05-20,Rice,Grocery,2,280,210,0.0076,555.76,420,135.76,18,Retail,Karachi,Punjab Grain Co
2026-05-20,Instant Noodles,Grocery,16,60,42,0.0,960.0,672,288.0,140,Retail,Faisalabad,City Foods
2026-05-20,Premium Headphones,Electronics,1,4500,2100,0.0,4500.0,2100,2400.0,22,Retail,Karachi,TechHub
2026-05-20,Smartphone Case,Electronics,3,650,180,0.0469,1858.61,540,1318.61,55,Retail,Islamabad,TechHub
2026-05-20,Energy Drink,Beverages,5,150,95,0.0942,679.38,475,204.38,28,Retail,Karachi,CoolBev Ltd
2026-05-20,Green Tea,Beverages,4,220,140,0.0,880.0,560,320.0,90,Retail,Karachi,Highland Tea
2026-05-20,Basmati Gift Box,Grocery,1,1800,900,0.0326,1741.33,900,841.33,16,Retail,Islamabad,Punjab Grain Co
2026-05-20,Dish Soap,Household,3,190,120,0.001,569.41,360,209.41,75,Retail,Lahore,CleanHome
2026-05-20,Mineral Water,Beverages,6,80,45,0.0019,479.07,270,209.07,60,Retail,Faisalabad,CoolBev Ltd
2026-05-20,Mineral Water,Beverages,6,80,45,0.0682,447.29,270,177.29,60,Wholesale,Islamabad,CoolBev Ltd
2026-05-20,Mineral Water,Beverages,5,80,45,0.0283,388.68,225,163.68,60,Retail,Lahore,CoolBev Ltd
2026-05-21,Milk,Dairy,8,180,145,0.0335,1391.72,1160,231.72,12,Wholesale,Lahore,Al-Fajr Dairy
2026-05-21,Cooking Oil,Grocery,3,520,430,0.0561,1472.5,1290,182.5,8,Retail,Lahore,Pakistan Oil Mills
2026-05-21,Rice,Grocery,2,280,210,0.0187,549.52,420,129.52,18,Retail,Karachi,Punjab Grain Co
2026-05-21,Instant Noodles,Grocery,11,60,42,0.015,650.1,462,188.1,140,Retail,Lahore,City Foods
2026-05-21,Instant Noodles,Grocery,14,60,42,0.0441,802.97,588,214.97,140,Retail,Karachi,City Foods
2026-05-21,Instant Noodles,Grocery,16,60,42,0.0268,934.3,672,262.3,140,Retail,Islamabad,City Foods
2026-05-21,Premium Headphones,Electronics,1,4500,2100,0.0201,4409.62,2100,2309.62,22,Wholesale,Karachi,TechHub
2026-05-21,Smartphone Case,Electronics,5,650,180,0.0349,3136.7,900,2236.7,55,Wholesale,Karachi,TechHub
2026-05-21,Energy Drink,Beverages,3,150,95,0.0006,449.73,285,164.73,28,Wholesale,Karachi,CoolBev Ltd
2026-05-21,Green Tea,Beverages,4,220,140,0.0341,850.02,560,290.02,90,Retail,Islamabad,Highland Tea
2026-05-21,Basmati Gift Box,Grocery,1,1800,900,0.0289,1747.92,900,847.92,16,Retail,Lahore,Punjab Grain Co
2026-05-21,Dish Soap,Household,3,190,120,0.0,570.0,360,210.0,75,Wholesale,Faisalabad,CleanHome
2026-05-21,Mineral Water,Beverages,4,80,45,0.0262,311.61,180,131.61,60,Retail,Faisalabad,CoolBev Ltd
2026-05-22,Milk,Dairy,5,180,145,0.0441,860.32,725,135.32,12,Retail,Karachi,Al-Fajr Dairy
2026-05-22,Milk,Dairy,7,180,145,0.0126,1244.06,1015,229.06,12,Retail,Islamabad,Al-Fajr Dairy
2026-05-22,Cooking Oil,Grocery,4,520,430,0.0,2080.0,1720,360.0,8,Retail,Islamabad,Pakistan Oil Mills
2026-05-22,Rice,Grocery,2,280,210,0.0281,544.27,420,124.27,18,Retail,Islamabad,Punjab Grain Co
2026-05-22,Instant Noodles,Grocery,11,60,42,0.0423,632.1,462,170.1,140,Retail,Islamabad,City Foods
2026-05-22,Instant Noodles,Grocery,16,60,42,0.0318,929.49,672,257.49,140,Wholesale,Faisalabad,City Foods
2026-05-22,Instant Noodles,Grocery,16,60,42,0.0,960.0,672,288.0,140,Retail,Islamabad,City Foods
2026-05-22,Premium Headphones,Electronics,1,4500,2100,0.0588,4235.41,2100,2135.41,22,Retail,Faisalabad,TechHub
2026-05-22,Smartphone Case,Electronics,4,650,180,0.0173,2555.06,720,1835.06,55,Retail,Lahore,TechHub
2026-05-22,Energy Drink,Beverages,4,150,95,0.0139,591.69,380,211.69,28,Wholesale,Karachi,CoolBev Ltd
2026-05-22,Green Tea,Beverages,4,220,140,0.0288,854.69,560,294.69,90,Retail,Islamabad,Highland Tea
2026-05-22,Basmati Gift Box,Grocery,1,1800,900,0.0455,1718.04,900,818.04,16,Retail,Karachi,Punjab Grain Co
2026-05-22,Dish Soap,Household,3,190,120,0.0193,558.98,360,198.98,75,Retail,Faisalabad,CleanHome
2026-05-22,Mineral Water,Beverages,6,80,45,0.0153,472.63,270,202.63,60,Retail,Karachi,CoolBev Ltd
2026-05-23,Milk,Dairy,12,180,145,0.0281,2099.36,1740,359.36,12,Retail,Lahore,Al-Fajr Dairy
2026-05-23,Milk,Dairy,10,180,145,0.0429,1722.8,1450,272.8,12,Retail,Lahore,Al-Fajr Dairy
2026-05-23,Milk,Dairy,7,180,145,0.0253,1228.09,1015,213.09,12,Retail,Karachi,Al-Fajr Dairy
2026-05-23,Cooking Oil,Grocery,4,520,430,0.0126,2053.81,1720,333.81,8,Retail,Islamabad,Pakistan Oil Mills
2026-05-23,Rice,Grocery,3,280,210,0.0629,787.2,630,157.2,18,Retail,Lahore,Punjab Grain Co
2026-05-23,Instant Noodles,Grocery,20,60,42,0.0444,1146.74,840,306.74,140,Retail,Karachi,City Foods
2026-05-23,Premium Headphones,Electronics,1,4500,2100,0.0083,4462.55,2100,2362.55,22,Wholesale,Karachi,TechHub
2026-05-23,Smartphone Case,Electronics,6,650,180,0.0358,3760.38,1080,2680.38,55,Retail,Islamabad,TechHub
2026-05-23,Energy Drink,Beverages,3,150,95,0.0711,418.0,285,133.0,28,Retail,Lahore,CoolBev Ltd
2026-05-23,Green Tea,Beverages,5,220,140,0.001,1098.88,700,398.88,90,Retail,Faisalabad,Highland Tea
2026-05-23,Basmati Gift Box,Grocery,1,1800,900,0.0372,1732.96,900,832.96,16,Wholesale,Karachi,Punjab Grain Co
2026-05-23,Dish Soap,Household,2,190,120,0.0025,379.03,240,139.03,75,Retail,Lahore,CleanHome
2026-05-23,Mineral Water,Beverages,10,80,45,0.0163,786.97,450,336.97,60,Retail,Faisalabad,CoolBev Ltd
2026-05-23,Mineral Water,Beverages,6,80,45,0.0233,468.82,270,198.82,60,Retail,Karachi,CoolBev Ltd
2026-05-23,Mineral Water,Beverages,8,80,45,0.0503,607.78,360,247.78,60,Wholesale,Lahore,CoolBev Ltd
2026-05-24,Milk,Dairy,8,180,145,0.05,1368.04,1160,208.04,12,Retail,Lahore,Al-Fajr Dairy
2026-05-24,Milk,Dairy,8,180,145,0.0158,1417.21,1160,257.21,12,Retail,Lahore,Al-Fajr Dairy
2026-05-24,Milk,Dairy,12,180,145,0.0361,2081.92,1740,341.92,12,Retail,Faisalabad,Al-Fajr Dairy
2026-05-24,Cooking Oil,Grocery,4,520,430,0.0789,1915.85,1720,195.85,8,Wholesale,Lahore,Pakistan Oil Mills
2026-05-24,Rice,Grocery,2,280,210,0.0245,546.26,420,126.26,18,Retail,Karachi,Punjab Grain Co
2026-05-24,Instant Noodles,Grocery,16,60,42,0.0388,922.77,672,250.77,140,Retail,Lahore,City Foods
2026-05-24,Instant Noodles,Grocery,14,60,42,0.0074,833.75,588,245.75,140,Wholesale,Lahore,City Foods
2026-05-24,Premium Headphones,Electronics,1,4500,2100,0.07,4185.14,2100,2085.14,22,Retail,Karachi,TechHub
2026-05-24,Smartphone Case,Electronics,7,650,180,0.0247,4437.56,1260,3177.56,55,Retail,Karachi,TechHub
2026-05-24,Energy Drink,Beverages,4,150,95,0.0456,572.62,380,192.62,28,Retail,Islamabad,CoolBev Ltd
2026-05-24,Green Tea,Beverages,5,220,140,0.0258,1071.64,700,371.64,90,Retail,Islamabad,Highland Tea
2026-05-24,Basmati Gift Box,Grocery,1,1800,900,0.0478,1713.89,900,813.89,16,Retail,Faisalabad,Punjab Grain Co
2026-05-24,Dish Soap,Household,3,190,120,0.0296,553.13,360,193.13,75,Wholesale,Karachi,CleanHome
2026-05-24,Mineral Water,Beverages,5,80,45,0.0273,389.09,225,164.09,60,Retail,Islamabad,CoolBev Ltd
2026-05-24,Mineral Water,Beverages,10,80,45,0.0371,770.31,450,320.31,60,Wholesale,Faisalabad,CoolBev Ltd
2026-05-24,Mineral Water,Beverages,7,80,45,0.0491,532.52,315,217.52,60,Retail,Faisalabad,CoolBev Ltd
2026-05-25,Milk,Dairy,6,180,145,0.0,1080.0,870,210.0,12,Retail,Faisalabad,Al-Fajr Dairy
2026-05-25,Milk,Dairy,6,180,145,0.014,1064.91,870,194.91,12,Retail,Faisalabad,Al-Fajr Dairy
2026-05-25,Milk,Dairy,7,180,145,0.0653,1177.76,1015,162.76,12,Retail,Karachi,Al-Fajr Dairy
2026-05-25,Cooking Oil,Grocery,2,520,430,0.0229,1016.17,860,156.17,8,Retail,Lahore,Pakistan Oil Mills
2026-05-25,Rice,Grocery,2,280,210,0.0357,539.99,420,119.99,18,Wholesale,Karachi,Punjab Grain Co
2026-05-25,Instant Noodles,Grocery,14,60,42,0.0205,822.82,588,234.82,140,Retail,Islamabad,City Foods
2026-05-25,Instant Noodles,Grocery,16,60,42,0.0434,918.34,672,246.34,140,Wholesale,Karachi,City Foods
2026-05-25,Instant Noodles,Grocery,14,60,42,0.0717,779.8,588,191.8,140,Retail,Karachi,City Foods
2026-05-25,Smartphone Case,Electronics,4,650,180,0.006,2584.48,720,1864.48,55,Retail,Islamabad,TechHub
2026-05-25,Energy Drink,Beverages,4,150,95,0.0146,591.21,380,211.21,28,Retail,Islamabad,CoolBev Ltd
2026-05-25,Green Tea,Beverages,2,220,140,0.0083,436.35,280,156.35,90,Wholesale,Lahore,Highland Tea
2026-05-25,Basmati Gift Box,Grocery,1,1800,900,0.0,1800.0,900,900.0,16,Retail,Karachi,Punjab Grain Co
2026-05-25,Dish Soap,Household,3,190,120,0.001,569.45,360,209.45,75,Wholesale,Faisalabad,CleanHome
2026-05-25,Mineral Water,Beverages,8,80,45,0.0254,623.75,360,263.75,60,Wholesale,Faisalabad,CoolBev Ltd
2026-05-26,Milk,Dairy,8,180,145,0.0035,1435.0,1160,275.0,12,Retail,Lahore,Al-Fajr Dairy
2026-05-26,Milk,Dairy,8,180,145,0.0256,1403.16,1160,243.16,12,Retail,Faisalabad,Al-Fajr Dairy
2026-05-26,Cooking Oil,Grocery,3,520,430,0.047,1486.73,1290,196.73,8,Wholesale,Lahore,Pakistan Oil Mills
2026-05-26,Rice,Grocery,2,280,210,0.0327,541.67,420,121.67,18,Wholesale,Lahore,Punjab Grain Co
2026-05-26,Instant Noodles,Grocery,15,60,42,0.0261,876.48,630,246.48,140,Retail,Lahore,City Foods
2026-05-26,Instant Noodles,Grocery,10,60,42,0.0582,565.07,420,145.07,140,Retail,Islamabad,City Foods
2026-05-26,Premium Headphones,Electronics,1,4500,2100,0.0176,4420.92,2100,2320.92,22,Retail,Karachi,TechHub
2026-05-26,Smartphone Case,Electronics,4,650,180,0.0175,2554.53,720,1834.53,55,Retail,Lahore,TechHub
2026-05-26,Energy Drink,Beverages,5,150,95,0.0342,724.37,475,249.37,28,Wholesale,Islamabad,CoolBev Ltd
2026-05-26,Green Tea,Beverages,3,220,140,0.0298,640.31,420,220.31,90,Retail,Lahore,Highland Tea
2026-05-26,Basmati Gift Box,Grocery,1,1800,900,0.0161,1770.96,900,870.96,16,Retail,Karachi,Punjab Grain Co
2026-05-26,Dish Soap,Household,2,190,120,0.0304,368.44,240,128.44,75,Wholesale,Islamabad,CleanHome
2026-05-26,Mineral Water,Beverages,6,80,45,0.024,468.46,270,198.46,60,Retail,Karachi,CoolBev Ltd
2026-05-27,Milk,Dairy,6,180,145,0.0275,1050.33,870,180.33,12,Wholesale,Islamabad,Al-Fajr Dairy
2026-05-27,Milk,Dairy,8,180,145,0.028,1399.68,1160,239.68,12,Retail,Lahore,Al-Fajr Dairy
2026-05-27,Milk,Dairy,7,180,145,0.0252,1228.19,1015,213.19,12,Retail,Lahore,Al-Fajr Dairy
2026-05-27,Cooking Oil,Grocery,3,520,430,0.0093,1545.55,1290,255.55,8,Retail,Faisalabad,Pakistan Oil Mills
2026-05-27,Rice,Grocery,3,280,210,0.0293,815.36,630,185.36,18,Retail,Karachi,Punjab Grain Co
2026-05-27,Instant Noodles,Grocery,17,60,42,0.061,957.76,714,243.76,140,Retail,Faisalabad,City Foods
2026-05-27,Instant Noodles,Grocery,12,60,42,0.0201,705.53,504,201.53,140,Retail,Karachi,City Foods
2026-05-27,Premium Headphones,Electronics,1,4500,2100,0.0246,4389.09,2100,2289.09,22,Retail,Lahore,TechHub
2026-05-27,Smartphone Case,Electronics,5,650,180,0.0186,3189.64,900,2289.64,55,Wholesale,Karachi,TechHub
2026-05-27,Energy Drink,Beverages,5,150,95,0.0068,744.9,475,269.9,28,Retail,Faisalabad,CoolBev Ltd
2026-05-27,Green Tea,Beverages,2,220,140,0.0103,435.46,280,155.46,90,Retail,Islamabad,Highland Tea
2026-05-27,Basmati Gift Box,Grocery,1,1800,900,0.0236,1757.59,900,857.59,16,Retail,Karachi,Punjab Grain Co
2026-05-27,Dish Soap,Household,2,190,120,0.0071,377.32,240,137.32,75,Retail,Lahore,CleanHome
2026-05-27,Mineral Water,Beverages,6,80,45,0.0259,467.55,270,197.55,60,Retail,Islamabad,CoolBev Ltd
2026-05-28,Milk,Dairy,4,180,145,0.0407,690.67,580,110.67,12,Retail,Islamabad,Al-Fajr Dairy
2026-05-28,Milk,Dairy,7,180,145,0.0276,1225.2,1015,210.2,12,Wholesale,Lahore,Al-Fajr Dairy
2026-05-28,Cooking Oil,Grocery,4,520,430,0.0495,1977.04,1720,257.04,8,Retail,Lahore,Pakistan Oil Mills
2026-05-28,Rice,Grocery,2,280,210,0.0814,514.39,420,94.39,18,Wholesale,Faisalabad,Punjab Grain Co
2026-05-28,Instant Noodles,Grocery,15,60,42,0.0044,896.05,630,266.05,140,Retail,Islamabad,City Foods
2026-05-28,Instant Noodles,Grocery,12,60,42,0.0315,697.33,504,193.33,140,Retail,Karachi,City Foods
2026-05-28,Instant Noodles,Grocery,13,60,42,0.0597,733.42,546,187.42,140,Retail,Lahore,City Foods
2026-05-28,Premium Headphones,Electronics,1,4500,2100,0.0071,4468.07,2100,2368.07,22,Retail,Islamabad,TechHub
2026-05-28,Smartphone Case,Electronics,4,650,180,0.0322,2516.18,720,1796.18,55,Retail,Karachi,TechHub
2026-05-28,Energy Drink,Beverages,4,150,95,0.0614,563.15,380,183.15,28,Retail,Lahore,CoolBev Ltd
2026-05-28,Green Tea,Beverages,3,220,140,0.0084,654.45,420,234.45,90,Retail,Lahore,Highland Tea
2026-05-28,Basmati Gift Box,Grocery,1,1800,900,0.0,1800.0,900,900.0,16,Wholesale,Faisalabad,Punjab Grain Co
2026-05-28,Dish Soap,Household,3,190,120,0.0011,569.4,360,209.4,75,Retail,Islamabad,CleanHome
2026-05-28,Mineral Water,Beverages,7,80,45,0.0316,542.32,315,227.32,60,Retail,Lahore,CoolBev Ltd
2026-05-28,Mineral Water,Beverages,8,80,45,0.069,595.86,360,235.86,60,Retail,Faisalabad,CoolBev Ltd
2026-05-29,Milk,Dairy,6,180,145,0.0495,1026.5,870,156.5,12,Retail,Karachi,Al-Fajr Dairy
2026-05-29,Cooking Oil,Grocery,3,520,430,0.0321,1510.0,1290,220.0,8,Wholesale,Karachi,Pakistan Oil Mills
2026-05-29,Rice,Grocery,2,280,210,0.0813,514.48,420,94.48,18,Retail,Lahore,Punjab Grain Co
2026-05-29,Instant Noodles,Grocery,13,60,42,0.0503,740.76,546,194.76,140,Retail,Karachi,City Foods
2026-05-29,Premium Headphones,Electronics,1,4500,2100,0.0333,4350.18,2100,2250.18,22,Retail,Lahore,TechHub
2026-05-29,Smartphone Case,Electronics,3,650,180,0.0,1950.0,540,1410.0,55,Retail,Islamabad,TechHub
2026-05-29,Energy Drink,Beverages,4,150,95,0.0028,598.35,380,218.35,28,Retail,Islamabad,CoolBev Ltd
2026-05-29,Green Tea,Beverages,3,220,140,0.0251,643.42,420,223.42,90,Retail,Karachi,Highland Tea
2026-05-29,Basmati Gift Box,Grocery,1,1800,900,0.0139,1774.96,900,874.96,16,Retail,Islamabad,Punjab Grain Co
2026-05-29,Dish Soap,Household,3,190,120,0.0371,548.86,360,188.86,75,Retail,Karachi,CleanHome
2026-05-29,Mineral Water,Beverages,6,80,45,0.0377,461.92,270,191.92,60,Retail,Karachi,CoolBev Ltd
2026-05-29,Mineral Water,Beverages,8,80,45,0.0184,628.22,360,268.22,60,Retail,Faisalabad,CoolBev Ltd
2026-05-29,Mineral Water,Beverages,6,80,45,0.0461,457.85,270,187.85,60,Retail,Karachi,CoolBev Ltd
2026-05-30,Milk,Dairy,11,180,145,0.0132,1953.89,1595,358.89,12,Retail,Lahore,Al-Fajr Dairy
2026-05-30,Milk,Dairy,12,180,145,0.0248,2106.38,1740,366.38,12,Retail,Islamabad,Al-Fajr Dairy
2026-05-30,Cooking Oil,Grocery,4,520,430,0.0231,2032.01,1720,312.01,8,Retail,Faisalabad,Pakistan Oil Mills
2026-05-30,Rice,Grocery,2,280,210,0.0112,553.75,420,133.75,18,Retail,Lahore,Punjab Grain Co
2026-05-30,Instant Noodles,Grocery,25,60,42,0.021,1468.51,1050,418.51,140,Retail,Karachi,City Foods
2026-05-30,Instant Noodles,Grocery,16,60,42,0.0329,928.45,672,256.45,140,Retail,Karachi,City Foods
2026-05-30,Premium Headphones,Electronics,1,4500,2100,0.0365,4335.89,2100,2235.89,22,Retail,Islamabad,TechHub
2026-05-30,Smartphone Case,Electronics,5,650,180,0.0121,3210.66,900,2310.66,55,Retail,Karachi,TechHub
2026-05-30,Energy Drink,Beverages,4,150,95,0.0402,575.86,380,195.86,28,Retail,Lahore,CoolBev Ltd
2026-05-30,Green Tea,Beverages,5,220,140,0.0,1100.0,700,400.0,90,Wholesale,Faisalabad,Highland Tea
2026-05-30,Basmati Gift Box,Grocery,1,1800,900,0.0286,1748.53,900,848.53,16,Retail,Lahore,Punjab Grain Co
2026-05-30,Dish Soap,Household,3,190,120,0.0298,553.01,360,193.01,75,Wholesale,Islamabad,CleanHome
2026-05-30,Mineral Water,Beverages,7,80,45,0.0534,530.12,315,215.12,60,Retail,Karachi,CoolBev Ltd
2026-05-31,Milk,Dairy,10,180,145,0.0517,1706.99,1450,256.99,12,Wholesale,Islamabad,Al-Fajr Dairy
2026-05-31,Milk,Dairy,9,180,145,0.0024,1616.16,1305,311.16,12,Retail,Faisalabad,Al-Fajr Dairy
2026-05-31,Cooking Oil,Grocery,5,520,430,0.0213,2544.62,2150,394.62,8,Wholesale,Faisalabad,Pakistan Oil Mills
2026-05-31,Rice,Grocery,2,280,210,0.017,550.46,420,130.46,18,Retail,Karachi,Punjab Grain Co
2026-05-31,Instant Noodles,Grocery,21,60,42,0.0315,1220.36,882,338.36,140,Retail,Faisalabad,City Foods
2026-05-31,Instant Noodles,Grocery,17,60,42,0.0,1020.0,714,306.0,140,Wholesale,Islamabad,City Foods
2026-05-31,Premium Headphones,Electronics,1,4500,2100,0.0272,4377.82,2100,2277.82,22,Retail,Lahore,TechHub
2026-05-31,Smartphone Case,Electronics,6,650,180,0.0293,3785.81,1080,2705.81,55,Retail,Faisalabad,TechHub
2026-05-31,Energy Drink,Beverages,3,150,95,0.0341,434.66,285,149.66,28,Retail,Lahore,CoolBev Ltd
2026-05-31,Green Tea,Beverages,5,220,140,0.0493,1045.78,700,345.78,90,Retail,Faisalabad,Highland Tea
2026-05-31,Basmati Gift Box,Grocery,1,1800,900,0.0248,1755.44,900,855.44,16,Retail,Karachi,Punjab Grain Co
2026-05-31,Dish Soap,Household,3,190,120,0.0259,555.21,360,195.21,75,Wholesale,Karachi,CleanHome
2026-05-31,Mineral Water,Beverages,8,80,45,0.048,609.27,360,249.27,60,Retail,Karachi,CoolBev Ltd
2026-05-31,Mineral Water,Beverages,9,80,45,0.0584,677.96,405,272.96,60,Retail,Islamabad,CoolBev Ltd
2026-05-31,Mineral Water,Beverages,8,80,45,0.0548,604.94,360,244.94,60,Retail,Lahore,CoolBev Ltd
2026-06-01,Milk,Dairy,7,180,145,0.0644,1178.82,1015,163.82,12,Retail,Faisalabad,Al-Fajr Dairy
2026-06-01,Cooking Oil,Grocery,3,520,430,0.0209,1527.35,1290,237.35,8,Retail,Faisalabad,Pakistan Oil Mills
2026-06-01,Rice,Grocery,2,280,210,0.0363,539.67,420,119.67,18,Retail,Faisalabad,Punjab Grain Co
2026-06-01,Instant Noodles,Grocery,14,60,42,0.0167,825.96,588,237.96,140,Retail,Islamabad,City Foods
2026-06-01,Instant Noodles,Grocery,15,60,42,0.0225,879.76,630,249.76,140,Retail,Islamabad,City Foods
2026-06-01,Premium Headphones,Electronics,1,4500,2100,0.0494,4277.71,2100,2177.71,22,Retail,Islamabad,TechHub
2026-06-01,Smartphone Case,Electronics,5,650,180,0.0316,3147.43,900,2247.43,55,Retail,Islamabad,TechHub
2026-06-01,Energy Drink,Beverages,5,150,95,0.0329,725.31,475,250.31,28,Retail,Lahore,CoolBev Ltd
2026-06-01,Green Tea,Beverages,4,220,140,0.0442,841.08,560,281.08,90,Retail,Karachi,Highland Tea
2026-06-01,Basmati Gift Box,Grocery,1,1800,900,0.0099,1782.13,900,882.13,16,Retail,Islamabad,Punjab Grain Co
2026-06-01,Dish Soap,Household,2,190,120,0.029,368.96,240,128.96,75,Retail,Karachi,CleanHome
2026-06-01,Mineral Water,Beverages,5,80,45,0.025,389.98,225,164.98,60,Wholesale,Faisalabad,CoolBev Ltd
2026-06-02,Milk,Dairy,7,180,145,0.0645,1178.76,1015,163.76,12,Retail,Islamabad,Al-Fajr Dairy
2026-06-02,Cooking Oil,Grocery,3,520,430,0.0286,1515.33,1290,225.33,8,Retail,Faisalabad,Pakistan Oil Mills
2026-06-02,Rice,Grocery,2,280,210,0.0146,551.81,420,131.81,18,Retail,Islamabad,Punjab Grain Co
2026-06-02,Instant Noodles,Grocery,13,60,42,0.0081,773.68,546,227.68,140,Retail,Faisalabad,City Foods
2026-06-02,Instant Noodles,Grocery,15,60,42,0.0,900.0,630,270.0,140,Wholesale,Lahore,City Foods
2026-06-02,Instant Noodles,Grocery,16,60,42,0.039,922.54,672,250.54,140,Wholesale,Lahore,City Foods
2026-06-02,Premium Headphones,Electronics,1,4500,2100,0.059,4234.6,2100,2134.6,22,Retail,Lahore,TechHub
2026-06-02,Smartphone Case,Electronics,5,650,180,0.0333,3141.9,900,2241.9,55,Retail,Lahore,TechHub
2026-06-02,Energy Drink,Beverages,4,150,95,0.0322,580.71,380,200.71,28,Retail,Lahore,CoolBev Ltd
2026-06-02,Green Tea,Beverages,3,220,140,0.017,648.81,420,228.81,90,Retail,Lahore,Highland Tea
2026-06-02,Basmati Gift Box,Grocery,1,1800,900,0.0272,1750.96,900,850.96,16,Retail,Islamabad,Punjab Grain Co
2026-06-02,Dish Soap,Household,2,190,120,0.0071,377.32,240,137.32,75,Retail,Lahore,CleanHome
2026-06-02,Mineral Water,Beverages,6,80,45,0.0513,455.37,270,185.37,60,Wholesale,Lahore,CoolBev Ltd
2026-06-03,Milk,Dairy,8,180,145,0.0422,1379.28,1160,219.28,12,Retail,Faisalabad,Al-Fajr Dairy
2026-06-03,Milk,Dairy,8,180,145,0.0484,1370.32,1160,210.32,12,Retail,Lahore,Al-Fajr Dairy
2026-06-03,Cooking Oil,Grocery,4,520,430,0.0,2080.0,1720,360.0,8,Retail,Islamabad,Pakistan Oil Mills
2026-06-03,Rice,Grocery,2,280,210,0.0531,530.29,420,110.29,18,Retail,Islamabad,Punjab Grain Co
2026-06-03,Instant Noodles,Grocery,18,60,42,0.0066,1072.9,756,316.9,140,Wholesale,Faisalabad,City Foods
2026-06-03,Instant Noodles,Grocery,14,60,42,0.0236,820.15,588,232.15,140,Retail,Islamabad,City Foods
2026-06-03,Premium Headphones,Electronics,1,4500,2100,0.0436,4303.85,2100,2203.85,22,Retail,Islamabad,TechHub
2026-06-03,Smartphone Case,Electronics,4,650,180,0.0292,2524.06,720,1804.06,55,Wholesale,Karachi,TechHub
2026-06-03,Energy Drink,Beverages,5,150,95,0.0,750.0,475,275.0,28,Retail,Lahore,CoolBev Ltd
2026-06-03,Green Tea,Beverages,3,220,140,0.0083,654.53,420,234.53,90,Wholesale,Faisalabad,Highland Tea
2026-06-03,Basmati Gift Box,Grocery,1,1800,900,0.0168,1769.68,900,869.68,16,Retail,Karachi,Punjab Grain Co
2026-06-03,Dish Soap,Household,3,190,120,0.0253,555.59,360,195.59,75,Retail,Lahore,CleanHome
2026-06-03,Mineral Water,Beverages,6,80,45,0.0299,465.67,270,195.67,60,Retail,Islamabad,CoolBev Ltd
2026-06-04,Milk,Dairy,7,180,145,0.0552,1190.41,1015,175.41,12,Wholesale,Karachi,Al-Fajr Dairy
2026-06-04,Milk,Dairy,9,180,145,0.0098,1604.16,1305,299.16,12,Wholesale,Karachi,Al-Fajr Dairy
2026-06-04,Cooking Oil,Grocery,3,520,430,0.0159,1535.2,1290,245.2,8,Retail,Lahore,Pakistan Oil Mills
2026-06-04,Rice,Grocery,3,280,210,0.007,834.09,630,204.09,18,Retail,Lahore,Punjab Grain Co
2026-06-04,Instant Noodles,Grocery,14,60,42,0.0417,804.96,588,216.96,140,Retail,Karachi,City Foods
2026-06-04,Premium Headphones,Electronics,1,4500,2100,0.0398,4320.93,2100,2220.93,22,Wholesale,Lahore,TechHub
2026-06-04,Smartphone Case,Electronics,4,650,180,0.0332,2513.57,720,1793.57,55,Retail,Lahore,TechHub
2026-06-04,Energy Drink,Beverages,4,150,95,0.0227,586.39,380,206.39,28,Retail,Lahore,CoolBev Ltd
2026-06-04,Green Tea,Beverages,3,220,140,0.0171,648.74,420,228.74,90,Retail,Faisalabad,Highland Tea
2026-06-04,Basmati Gift Box,Grocery,1,1800,900,0.0644,1684.14,900,784.14,16,Wholesale,Karachi,Punjab Grain Co
2026-06-04,Dish Soap,Household,3,190,120,0.0178,559.86,360,199.86,75,Wholesale,Islamabad,CleanHome
2026-06-04,Mineral Water,Beverages,6,80,45,0.0098,475.28,270,205.28,60,Retail,Lahore,CoolBev Ltd
2026-06-04,Mineral Water,Beverages,7,80,45,0.0239,546.62,315,231.62,60,Retail,Karachi,CoolBev Ltd
2026-06-05,Milk,Dairy,7,180,145,0.0444,1204.06,1015,189.06,12,Wholesale,Faisalabad,Al-Fajr Dairy
2026-06-05,Milk,Dairy,7,180,145,0.0288,1223.66,1015,208.66,12,Wholesale,Lahore,Al-Fajr Dairy
2026-06-05,Cooking Oil,Grocery,3,520,430,0.0,1560.0,1290,270.0,8,Retail,Islamabad,Pakistan Oil Mills
2026-06-05,Rice,Grocery,2,280,210,0.0313,542.48,420,122.48,18,Retail,Islamabad,Punjab Grain Co
2026-06-05,Instant Noodles,Grocery,14,60,42,0.0294,815.34,588,227.34,140,Retail,Karachi,City Foods
2026-06-05,Premium Headphones,Electronics,1,4500,2100,0.0272,4377.63,2100,2277.63,22,Retail,Karachi,TechHub
2026-06-05,Smartphone Case,Electronics,6,650,180,0.0378,3752.39,1080,2672.39,55,Wholesale,Islamabad,TechHub
2026-06-05,Energy Drink,Beverages,4,150,95,0.0402,575.88,380,195.88,28,Retail,Islamabad,CoolBev Ltd
2026-06-05,Green Tea,Beverages,3,220,140,0.0169,648.84,420,228.84,90,Wholesale,Faisalabad,Highland Tea
2026-06-05,Basmati Gift Box,Grocery,1,1800,900,0.0209,1762.34,900,862.34,16,Retail,Lahore,Punjab Grain Co
2026-06-05,Dish Soap,Household,2,190,120,0.0264,369.98,240,129.98,75,Retail,Lahore,CleanHome
2026-06-05,Mineral Water,Beverages,6,80,45,0.045,458.42,270,188.42,60,Retail,Lahore,CoolBev Ltd
2026-06-05,Mineral Water,Beverages,7,80,45,0.0252,545.9,315,230.9,60,Retail,Lahore,CoolBev Ltd
2026-06-05,Mineral Water,Beverages,5,80,45,0.0181,392.75,225,167.75,60,Retail,Islamabad,CoolBev Ltd
2026-06-06,Milk,Dairy,9,180,145,0.0107,1602.68,1305,297.68,12,Retail,Karachi,Al-Fajr Dairy
2026-06-06,Milk,Dairy,10,180,145,0.0205,1763.08,1450,313.08,12,Retail,Faisalabad,Al-Fajr Dairy
2026-06-06,Cooking Oil,Grocery,3,520,430,0.0385,1500.0,1290,210.0,8,Wholesale,Faisalabad,Pakistan Oil Mills
2026-06-06,Rice,Grocery,2,280,210,0.0257,545.61,420,125.61,18,Retail,Islamabad,Punjab Grain Co
2026-06-06,Instant Noodles,Grocery,12,60,42,0.0693,670.08,504,166.08,140,Wholesale,Lahore,City Foods
2026-06-06,Instant Noodles,Grocery,9,60,42,0.028,524.85,378,146.85,140,Wholesale,Faisalabad,City Foods
2026-06-06,Instant Noodles,Grocery,17,60,42,0.0216,997.94,714,283.94,140,Retail,Karachi,City Foods
2026-06-06,Premium Headphones,Electronics,1,4500,2100,0.0118,4446.98,2100,2346.98,22,Wholesale,Faisalabad,TechHub
2026-06-06,Smartphone Case,Electronics,6,650,180,0.0063,3875.33,1080,2795.33,55,Retail,Islamabad,TechHub
2026-06-06,Energy Drink,Beverages,7,150,95,0.0172,1031.99,665,366.99,28,Wholesale,Karachi,CoolBev Ltd
2026-06-06,Green Tea,Beverages,5,220,140,0.022,1075.75,700,375.75,90,Retail,Karachi,Highland Tea
2026-06-06,Basmati Gift Box,Grocery,1,1800,900,0.0416,1725.12,900,825.12,16,Wholesale,Lahore,Punjab Grain Co
2026-06-06,Dish Soap,Household,2,190,120,0.022,371.63,240,131.63,75,Retail,Karachi,CleanHome
2026-06-06,Mineral Water,Beverages,9,80,45,0.0083,714.04,405,309.04,60,Retail,Islamabad,CoolBev Ltd
2026-06-07,Milk,Dairy,12,180,145,0.025,2105.92,1740,365.92,12,Wholesale,Faisalabad,Al-Fajr Dairy
2026-06-07,Cooking Oil,Grocery,3,520,430,0.0425,1493.74,1290,203.74,8,Retail,Islamabad,Pakistan Oil Mills
2026-06-07,Rice,Grocery,2,280,210,0.0242,546.44,420,126.44,18,Retail,Karachi,Punjab Grain Co
2026-06-07,Instant Noodles,Grocery,21,60,42,0.0143,1241.99,882,359.99,140,Retail,Lahore,City Foods
2026-06-07,Instant Noodles,Grocery,14,60,42,0.0623,787.66,588,199.66,140,Retail,Karachi,City Foods
2026-06-07,Premium Headphones,Electronics,1,4500,2100,0.0202,4409.12,2100,2309.12,22,Retail,Faisalabad,TechHub
2026-06-07,Smartphone Case,Electronics,6,650,180,0.06,3666.01,1080,2586.01,55,Retail,Faisalabad,TechHub
2026-06-07,Energy Drink,Beverages,5,150,95,0.0337,724.74,475,249.74,28,Retail,Karachi,CoolBev Ltd
2026-06-07,Green Tea,Beverages,3,220,140,0.0071,655.33,420,235.33,90,Wholesale,Faisalabad,Highland Tea
2026-06-07,Basmati Gift Box,Grocery,1,1800,900,0.0,1800.0,900,900.0,16,Retail,Lahore,Punjab Grain Co
2026-06-07,Dish Soap,Household,4,190,120,0.0524,720.15,480,240.15,75,Retail,Faisalabad,CleanHome
2026-06-07,Mineral Water,Beverages,6,80,45,0.0392,461.19,270,191.19,60,Retail,Karachi,CoolBev Ltd
2026-06-08,Milk,Dairy,7,180,145,0.0666,1176.05,1015,161.05,12,Wholesale,Islamabad,Al-Fajr Dairy
2026-06-08,Milk,Dairy,8,180,145,0.028,1399.69,1160,239.69,12,Wholesale,Islamabad,Al-Fajr Dairy
2026-06-08,Milk,Dairy,5,180,145,0.0419,862.28,725,137.28,12,Retail,Islamabad,Al-Fajr Dairy
2026-06-08,Cooking Oil,Grocery,4,520,430,0.0502,1975.67,1720,255.67,8,Wholesale,Faisalabad,Pakistan Oil Mills
2026-06-08,Rice,Grocery,2,280,210,0.0026,558.53,420,138.53,18,Wholesale,Karachi,Punjab Grain Co
2026-06-08,Instant Noodles,Grocery,12,60,42,0.0596,677.08,504,173.08,140,Retail,Islamabad,City Foods
2026-06-08,Instant Noodles,Grocery,14,60,42,0.0405,805.98,588,217.98,140,Retail,Islamabad,City Foods
2026-06-08,Premium Headphones,Electronics,1,4500,2100,0.0432,4305.54,2100,2205.54,22,Retail,Faisalabad,TechHub
2026-06-08,Smartphone Case,Electronics,4,650,180,0.0439,2485.81,720,1765.81,55,Retail,Islamabad,TechHub
2026-06-08,Energy Drink,Beverages,3,150,95,0.042,431.1,285,146.1,28,Retail,Lahore,CoolBev Ltd
2026-06-08,Green Tea,Beverages,3,220,140,0.0209,646.19,420,226.19,90,Retail,Faisalabad,Highland Tea
2026-06-08,Basmati Gift Box,Grocery,1,1800,900,0.0609,1690.32,900,790.32,16,Wholesale,Islamabad,Punjab Grain Co
2026-06-08,Dish Soap,Household,2,190,120,0.024,370.88,240,130.88,75,Retail,Islamabad,CleanHome
2026-06-08,Mineral Water,Beverages,5,80,45,0.0674,373.02,225,148.02,60,Wholesale,Faisalabad,CoolBev Ltd
2026-06-09,Milk,Dairy,9,180,145,0.002,1616.71,1305,311.71,12,Retail,Islamabad,Al-Fajr Dairy
2026-06-09,Cooking Oil,Grocery,5,520,430,0.0306,2520.45,2150,370.45,8,Wholesale,Faisalabad,Pakistan Oil Mills
2026-06-09,Rice,Grocery,2,280,210,0.0516,531.08,420,111.08,18,Wholesale,Islamabad,Punjab Grain Co
2026-06-09,Instant Noodles,Grocery,11,60,42,0.0611,619.65,462,157.65,140,Wholesale,Lahore,City Foods
2026-06-09,Instant Noodles,Grocery,14,60,42,0.0069,834.19,588,246.19,140,Retail,Karachi,City Foods
2026-06-09,Instant Noodles,Grocery,13,60,42,0.0079,773.84,546,227.84,140,Retail,Karachi,City Foods
2026-06-09,Premium Headphones,Electronics,1,4500,2100,0.0009,4495.92,2100,2395.92,22,Retail,Lahore,TechHub
2026-06-09,Smartphone Case,Electronics,5,650,180,0.0225,3176.9,900,2276.9,55,Retail,Islamabad,TechHub
2026-06-09,Energy Drink,Beverages,4,150,95,0.0313,581.22,380,201.22,28,Retail,Islamabad,CoolBev Ltd
2026-06-09,Green Tea,Beverages,3,220,140,0.0377,635.13,420,215.13,90,Retail,Faisalabad,Highland Tea
2026-06-09,Basmati Gift Box,Grocery,1,1800,900,0.0205,1763.18,900,863.18,16,Retail,Lahore,Punjab Grain Co
2026-06-09,Dish Soap,Household,2,190,120,0.0422,363.95,240,123.95,75,Retail,Faisalabad,CleanHome
2026-06-09,Mineral Water,Beverages,6,80,45,0.0518,455.12,270,185.12,60,Retail,Faisalabad,CoolBev Ltd
2026-06-10,Milk,Dairy,7,180,145,0.037,1213.39,1015,198.39,12,Wholesale,Faisalabad,Al-Fajr Dairy
2026-06-10,Cooking Oil,Grocery,3,520,430,0.0085,1546.73,1290,256.73,8,Retail,Faisalabad,Pakistan Oil Mills
2026-06-10,Rice,Grocery,2,280,210,0.0192,549.25,420,129.25,18,Retail,Faisalabad,Punjab Grain Co
2026-06-10,Instant Noodles,Grocery,15,60,42,0.0177,884.09,630,254.09,140,Retail,Islamabad,City Foods
2026-06-10,Premium Headphones,Electronics,1,4500,2100,0.0769,4153.88,2100,2053.88,22,Wholesale,Islamabad,TechHub
2026-06-10,Smartphone Case,Electronics,5,650,180,0.0534,3076.31,900,2176.31,55,Retail,Islamabad,TechHub
2026-06-10,Energy Drink,Beverages,2,150,95,0.022,293.4,190,103.4,28,Retail,Islamabad,CoolBev Ltd
2026-06-10,Green Tea,Beverages,3,220,140,0.0341,637.49,420,217.49,90,Retail,Lahore,Highland Tea
2026-06-10,Basmati Gift Box,Grocery,1,1800,900,0.038,1731.61,900,831.61,16,Retail,Karachi,Punjab Grain Co
2026-06-10,Dish Soap,Household,3,190,120,0.0196,558.83,360,198.83,75,Wholesale,Faisalabad,CleanHome
2026-06-10,Mineral Water,Beverages,8,80,45,0.0142,630.92,360,270.92,60,Retail,Faisalabad,CoolBev Ltd
2026-06-10,Mineral Water,Beverages,6,80,45,0.0234,468.75,270,198.75,60,Wholesale,Islamabad,CoolBev Ltd
2026-06-11,Milk,Dairy,7,180,145,0.0,1260.0,1015,245.0,12,Retail,Faisalabad,Al-Fajr Dairy
2026-06-11,Cooking Oil,Grocery,4,520,430,0.0546,1966.42,1720,246.42,8,Retail,Karachi,Pakistan Oil Mills
2026-06-11,Rice,Grocery,2,280,210,0.0677,522.06,420,102.06,18,Retail,Lahore,Punjab Grain Co
2026-06-11,Instant Noodles,Grocery,13,60,42,0.0302,756.42,546,210.42,140,Retail,Islamabad,City Foods
2026-06-11,Instant Noodles,Grocery,19,60,42,0.0748,1054.74,798,256.74,140,Retail,Islamabad,City Foods
2026-06-11,Premium Headphones,Electronics,1,4500,2100,0.0041,4481.55,2100,2381.55,22,Retail,Faisalabad,TechHub
2026-06-11,Smartphone Case,Electronics,5,650,180,0.0242,3171.3,900,2271.3,55,Retail,Karachi,TechHub
2026-06-11,Energy Drink,Beverages,4,150,95,0.0329,580.24,380,200.24,28,Retail,Karachi,CoolBev Ltd
2026-06-11,Green Tea,Beverages,3,220,140,0.0279,641.58,420,221.58,90,Wholesale,Lahore,Highland Tea
2026-06-11,Basmati Gift Box,Grocery,1,1800,900,0.0273,1750.9,900,850.9,16,Retail,Faisalabad,Punjab Grain Co
2026-06-11,Dish Soap,Household,3,190,120,0.0125,562.88,360,202.88,75,Wholesale,Faisalabad,CleanHome
2026-06-11,Mineral Water,Beverages,6,80,45,0.0324,464.44,270,194.44,60,Retail,Faisalabad,CoolBev Ltd
2026-06-11,Mineral Water,Beverages,6,80,45,0.0459,457.97,270,187.97,60,Retail,Lahore,CoolBev Ltd
2026-06-12,Milk,Dairy,7,180,145,0.0275,1225.37,1015,210.37,12,Retail,Karachi,Al-Fajr Dairy
2026-06-12,Milk,Dairy,7,180,145,0.0499,1197.15,1015,182.15,12,Retail,Faisalabad,Al-Fajr Dairy
2026-06-12,Cooking Oil,Grocery,3,520,430,0.0024,1556.31,1290,266.31,8,Retail,Karachi,Pakistan Oil Mills
2026-06-12,Rice,Grocery,2,280,210,0.013,552.72,420,132.72,18,Retail,Islamabad,Punjab Grain Co
2026-06-12,Instant Noodles,Grocery,13,60,42,0.0059,775.38,546,229.38,140,Retail,Lahore,City Foods
2026-06-12,Premium Headphones,Electronics,1,4500,2100,0.0087,4461.01,2100,2361.01,22,Retail,Karachi,TechHub
2026-06-12,Smartphone Case,Electronics,4,650,180,0.0393,2497.76,720,1777.76,55,Retail,Faisalabad,TechHub
2026-06-12,Energy Drink,Beverages,5,150,95,0.0095,742.89,475,267.89,28,Wholesale,Islamabad,CoolBev Ltd
2026-06-12,Green Tea,Beverages,3,220,140,0.0766,609.47,420,189.47,90,Retail,Lahore,Highland Tea
2026-06-12,Basmati Gift Box,Grocery,1,1800,900,0.0437,1721.34,900,821.34,16,Retail,Lahore,Punjab Grain Co
2026-06-12,Dish Soap,Household,2,190,120,0.0132,375.0,240,135.0,75,Retail,Faisalabad,CleanHome
2026-06-12,Mineral Water,Beverages,6,80,45,0.0039,478.12,270,208.12,60,Retail,Lahore,CoolBev Ltd
2026-06-12,Mineral Water,Beverages,4,80,45,0.026,311.68,180,131.68,60,Retail,Faisalabad,CoolBev Ltd
2026-06-12,Mineral Water,Beverages,6,80,45,0.0104,475.0,270,205.0,60,Retail,Faisalabad,CoolBev Ltd
2026-06-13,Milk,Dairy,9,180,145,0.0149,1595.93,1305,290.93,12,Wholesale,Islamabad,Al-Fajr Dairy
2026-06-13,Cooking Oil,Grocery,3,520,430,0.0463,1487.83,1290,197.83,8,Retail,Karachi,Pakistan Oil Mills
2026-06-13,Rice,Grocery,3,280,210,0.0588,790.59,630,160.59,18,Retail,Islamabad,Punjab Grain Co
2026-06-13,Instant Noodles,Grocery,16,60,42,0.0261,934.9,672,262.9,140,Retail,Islamabad,City Foods
2026-06-13,Premium Headphones,Electronics,1,4500,2100,0.0,4500.0,2100,2400.0,22,Retail,Lahore,TechHub
2026-06-13,Smartphone Case,Electronics,6,650,180,0.0327,3772.37,1080,2692.37,55,Retail,Lahore,TechHub
2026-06-13,Energy Drink,Beverages,7,150,95,0.0452,1002.55,665,337.55,28,Wholesale,Faisalabad,CoolBev Ltd
2026-06-13,Green Tea,Beverages,4,220,140,0.0642,823.51,560,263.51,90,Wholesale,Faisalabad,Highland Tea
2026-06-13,Basmati Gift Box,Grocery,1,1800,900,0.0441,1720.57,900,820.57,16,Wholesale,Lahore,Punjab Grain Co
2026-06-13,Dish Soap,Household,3,190,120,0.0232,556.75,360,196.75,75,Retail,Karachi,CleanHome
2026-06-13,Mineral Water,Beverages,7,80,45,0.0262,545.34,315,230.34,60,Retail,Karachi,CoolBev Ltd
2026-06-14,Milk,Dairy,9,180,145,0.0391,1556.64,1305,251.64,12,Retail,Lahore,Al-Fajr Dairy
2026-06-14,Cooking Oil,Grocery,4,520,430,0.0589,1957.52,1720,237.52,8,Retail,Faisalabad,Pakistan Oil Mills
2026-06-14,Rice,Grocery,4,280,210,0.0517,1062.05,840,222.05,18,Wholesale,Lahore,Punjab Grain Co
2026-06-14,Instant Noodles,Grocery,22,60,42,0.0066,1311.25,924,387.25,140,Retail,Islamabad,City Foods
2026-06-14,Instant Noodles,Grocery,22,60,42,0.0,1320.0,924,396.0,140,Wholesale,Islamabad,City Foods
2026-06-14,Instant Noodles,Grocery,20,60,42,0.0694,1116.74,840,276.74,140,Retail,Faisalabad,City Foods
2026-06-14,Premium Headphones,Electronics,1,4500,2100,0.0188,4415.35,2100,2315.35,22,Retail,Karachi,TechHub
2026-06-14,Smartphone Case,Electronics,4,650,180,0.0082,2578.57,720,1858.57,55,Retail,Islamabad,TechHub
2026-06-14,Energy Drink,Beverages,4,150,95,0.0448,573.12,380,193.12,28,Retail,Lahore,CoolBev Ltd
2026-06-14,Green Tea,Beverages,3,220,140,0.0194,647.17,420,227.17,90,Retail,Islamabad,Highland Tea
2026-06-14,Basmati Gift Box,Grocery,1,1800,900,0.0307,1744.77,900,844.77,16,Retail,Islamabad,Punjab Grain Co
2026-06-14,Dish Soap,Household,4,190,120,0.0238,741.91,480,261.91,75,Wholesale,Lahore,CleanHome
2026-06-14,Mineral Water,Beverages,8,80,45,0.0008,639.5,360,279.5,60,Retail,Faisalabad,CoolBev Ltd
2026-06-15,Milk,Dairy,6,180,145,0.0258,1052.09,870,182.09,12,Wholesale,Lahore,Al-Fajr Dairy
2026-06-15,Milk,Dairy,8,180,145,0.0,1440.0,1160,280.0,12,Retail,Karachi,Al-Fajr Dairy
2026-06-15,Milk,Dairy,7,180,145,0.0265,1226.63,1015,211.63,12,Retail,Lahore,Al-Fajr Dairy
2026-06-15,Cooking Oil,Grocery,3,520,430,0.022,1525.71,1290,235.71,8,Retail,Islamabad,Pakistan Oil Mills
2026-06-15,Rice,Grocery,2,280,210,0.0168,550.61,420,130.61,18,Retail,Lahore,Punjab Grain Co
2026-06-15,Instant Noodles,Grocery,12,60,42,0.0319,697.04,504,193.04,140,Wholesale,Lahore,City Foods
2026-06-15,Instant Noodles,Grocery,17,60,42,0.018,1001.65,714,287.65,140,Wholesale,Karachi,City Foods
2026-06-15,Premium Headphones,Electronics,1,4500,2100,0.0308,4361.23,2100,2261.23,22,Retail,Islamabad,TechHub
2026-06-15,Smartphone Case,Electronics,6,650,180,0.0339,3767.64,1080,2687.64,55,Wholesale,Islamabad,TechHub
2026-06-15,Energy Drink,Beverages,5,150,95,0.0264,730.21,475,255.21,28,Retail,Lahore,CoolBev Ltd
2026-06-15,Green Tea,Beverages,3,220,140,0.0219,645.55,420,225.55,90,Retail,Faisalabad,Highland Tea
2026-06-15,Basmati Gift Box,Grocery,1,1800,900,0.0411,1725.96,900,825.96,16,Retail,Faisalabad,Punjab Grain Co
2026-06-15,Dish Soap,Household,3,190,120,0.0041,567.64,360,207.64,75,Retail,Faisalabad,CleanHome
2026-06-15,Mineral Water,Beverages,7,80,45,0.0,560.0,315,245.0,60,Retail,Karachi,CoolBev Ltd
2026-06-16,Milk,Dairy,7,180,145,0.0414,1207.8,1015,192.8,12,Retail,Islamabad,Al-Fajr Dairy
2026-06-16,Cooking Oil,Grocery,3,520,430,0.0499,1482.08,1290,192.08,8,Retail,Faisalabad,Pakistan Oil Mills
2026-06-16,Rice,Grocery,3,280,210,0.0404,806.02,630,176.02,18,Retail,Karachi,Punjab Grain Co
2026-06-16,Instant Noodles,Grocery,17,60,42,0.0,1020.0,714,306.0,140,Wholesale,Islamabad,City Foods
2026-06-16,Premium Headphones,Electronics,1,4500,2100,0.0599,4230.4,2100,2130.4,22,Retail,Islamabad,TechHub
2026-06-16,Smartphone Case,Electronics,5,650,180,0.0162,3197.25,900,2297.25,55,Wholesale,Islamabad,TechHub
2026-06-16,Energy Drink,Beverages,4,150,95,0.0616,563.05,380,183.05,28,Retail,Faisalabad,CoolBev Ltd
2026-06-16,Green Tea,Beverages,3,220,140,0.0,660.0,420,240.0,90,Retail,Faisalabad,Highland Tea
2026-06-16,Basmati Gift Box,Grocery,1,1800,900,0.0345,1737.95,900,837.95,16,Wholesale,Islamabad,Punjab Grain Co
2026-06-16,Dish Soap,Household,2,190,120,0.031,368.23,240,128.23,75,Retail,Faisalabad,CleanHome
2026-06-16,Mineral Water,Beverages,7,80,45,0.0233,546.94,315,231.94,60,Retail,Lahore,CoolBev Ltd
2026-06-16,Mineral Water,Beverages,6,80,45,0.0545,453.82,270,183.82,60,Retail,Lahore,CoolBev Ltd
2026-06-17,Milk,Dairy,7,180,145,0.0475,1200.13,1015,185.13,12,Wholesale,Islamabad,Al-Fajr Dairy
2026-06-17,Cooking Oil,Grocery,3,520,430,0.0161,1534.82,1290,244.82,8,Retail,Karachi,Pakistan Oil Mills
2026-06-17,Rice,Grocery,2,280,210,0.0292,543.67,420,123.67,18,Retail,Faisalabad,Punjab Grain Co
2026-06-17,Instant Noodles,Grocery,16,60,42,0.0191,941.7,672,269.7,140,Retail,Lahore,City Foods
2026-06-17,Instant Noodles,Grocery,17,60,42,0.0038,1016.1,714,302.1,140,Retail,Karachi,City Foods
2026-06-17,Instant Noodles,Grocery,14,60,42,0.0376,808.42,588,220.42,140,Wholesale,Islamabad,City Foods
2026-06-17,Premium Headphones,Electronics,1,4500,2100,0.0414,4313.72,2100,2213.72,22,Retail,Karachi,TechHub
2026-06-17,Smartphone Case,Electronics,4,650,180,0.0273,2529.15,720,1809.15,55,Retail,Karachi,TechHub
2026-06-17,Energy Drink,Beverages,4,150,95,0.0416,575.01,380,195.01,28,Wholesale,Faisalabad,CoolBev Ltd
2026-06-17,Green Tea,Beverages,2,220,140,0.0498,418.09,280,138.09,90,Retail,Karachi,Highland Tea
2026-06-17,Basmati Gift Box,Grocery,1,1800,900,0.0001,1799.79,900,899.79,16,Retail,Faisalabad,Punjab Grain Co
2026-06-17,Dish Soap,Household,2,190,120,0.0071,377.3,240,137.3,75,Retail,Islamabad,CleanHome
2026-06-17,Mineral Water,Beverages,4,80,45,0.0421,306.51,180,126.51,60,Retail,Islamabad,CoolBev Ltd
2026-06-17,Mineral Water,Beverages,4,80,45,0.037,308.15,180,128.15,60,Retail,Faisalabad,CoolBev Ltd
2026-06-17,Mineral Water,Beverages,7,80,45,0.0222,547.59,315,232.59,60,Wholesale,Lahore,CoolBev Ltd
2026-06-18,Milk,Dairy,6,180,145,0.0304,1047.19,870,177.19,12,Retail,Karachi,Al-Fajr Dairy
2026-06-18,Cooking Oil,Grocery,3,520,430,0.0215,1526.41,1290,236.41,8,Retail,Karachi,Pakistan Oil Mills
2026-06-18,Rice,Grocery,3,280,210,0.0146,827.75,630,197.75,18,Retail,Islamabad,Punjab Grain Co
2026-06-18,Instant Noodles,Grocery,23,60,42,0.0384,1326.98,966,360.98,140,Retail,Lahore,City Foods
2026-06-18,Premium Headphones,Electronics,1,4500,2100,0.0118,4446.9,2100,2346.9,22,Retail,Karachi,TechHub
2026-06-18,Smartphone Case,Electronics,4,650,180,0.0212,2544.87,720,1824.87,55,Wholesale,Islamabad,TechHub
2026-06-18,Energy Drink,Beverages,5,150,95,0.0495,712.91,475,237.91,28,Retail,Lahore,CoolBev Ltd
2026-06-18,Green Tea,Beverages,3,220,140,0.0422,632.13,420,212.13,90,Retail,Karachi,Highland Tea
2026-06-18,Basmati Gift Box,Grocery,1,1800,900,0.066,1681.14,900,781.14,16,Retail,Islamabad,Punjab Grain Co
2026-06-18,Dish Soap,Household,2,190,120,0.035,366.69,240,126.69,75,Retail,Islamabad,CleanHome
2026-06-18,Mineral Water,Beverages,6,80,45,0.0344,463.48,270,193.48,60,Retail,Karachi,CoolBev Ltd
2026-06-18,Mineral Water,Beverages,6,80,45,0.0304,465.4,270,195.4,60,Retail,Karachi,CoolBev Ltd
2026-06-18,Mineral Water,Beverages,7,80,45,0.0333,541.33,315,226.33,60,Retail,Karachi,CoolBev Ltd
2026-06-19,Milk,Dairy,9,180,145,0.0272,1576.0,1305,271.0,12,Retail,Karachi,Al-Fajr Dairy
2026-06-19,Milk,Dairy,7,180,145,0.0202,1234.51,1015,219.51,12,Retail,Faisalabad,Al-Fajr Dairy
2026-06-19,Cooking Oil,Grocery,4,520,430,0.0389,1999.11,1720,279.11,8,Wholesale,Lahore,Pakistan Oil Mills
2026-06-19,Rice,Grocery,2,280,210,0.0315,542.37,420,122.37,18,Retail,Lahore,Punjab Grain Co
2026-06-19,Instant Noodles,Grocery,13,60,42,0.035,752.66,546,206.66,140,Retail,Islamabad,City Foods
2026-06-19,Premium Headphones,Electronics,1,4500,2100,0.0176,4420.72,2100,2320.72,22,Wholesale,Karachi,TechHub
2026-06-19,Smartphone Case,Electronics,4,650,180,0.0185,2551.77,720,1831.77,55,Retail,Lahore,TechHub
2026-06-19,Energy Drink,Beverages,3,150,95,0.0503,427.36,285,142.36,28,Wholesale,Karachi,CoolBev Ltd
2026-06-19,Green Tea,Beverages,2,220,140,0.0551,415.75,280,135.75,90,Wholesale,Lahore,Highland Tea
2026-06-19,Basmati Gift Box,Grocery,1,1800,900,0.0098,1782.43,900,882.43,16,Retail,Faisalabad,Punjab Grain Co
2026-06-19,Dish Soap,Household,3,190,120,0.0448,544.48,360,184.48,75,Wholesale,Islamabad,CleanHome
2026-06-19,Mineral Water,Beverages,6,80,45,0.0195,470.63,270,200.63,60,Retail,Karachi,CoolBev Ltd
2026-06-19,Mineral Water,Beverages,7,80,45,0.0453,534.63,315,219.63,60,Retail,Islamabad,CoolBev Ltd
2026-06-20,Milk,Dairy,8,180,145,0.0074,1429.29,1160,269.29,12,Retail,Faisalabad,Al-Fajr Dairy
2026-06-20,Milk,Dairy,8,180,145,0.0109,1424.23,1160,264.23,12,Retail,Karachi,Al-Fajr Dairy
2026-06-20,Milk,Dairy,6,180,145,0.0226,1055.62,870,185.62,12,Retail,Lahore,Al-Fajr Dairy
2026-06-20,Cooking Oil,Grocery,3,520,430,0.043,1492.9,1290,202.9,8,Retail,Lahore,Pakistan Oil Mills
2026-06-20,Rice,Grocery,3,280,210,0.0263,817.87,630,187.87,18,Retail,Karachi,Punjab Grain Co
2026-06-20,Instant Noodles,Grocery,18,60,42,0.0047,1074.87,756,318.87,140,Retail,Islamabad,City Foods
2026-06-20,Instant Noodles,Grocery,15,60,42,0.0484,856.47,630,226.47,140,Wholesale,Faisalabad,City Foods
2026-06-20,Premium Headphones,Electronics,1,4500,2100,0.0075,4466.04,2100,2366.04,22,Retail,Islamabad,TechHub
2026-06-20,Smartphone Case,Electronics,6,650,180,0.0534,3691.7,1080,2611.7,55,Retail,Karachi,TechHub
2026-06-20,Energy Drink,Beverages,5,150,95,0.0668,699.93,475,224.93,28,Retail,Karachi,CoolBev Ltd
2026-06-20,Green Tea,Beverages,4,220,140,0.0112,870.18,560,310.18,90,Retail,Lahore,Highland Tea
2026-06-20,Basmati Gift Box,Grocery,1,1800,900,0.0076,1786.38,900,886.38,16,Retail,Karachi,Punjab Grain Co
2026-06-20,Dish Soap,Household,2,190,120,0.0385,365.36,240,125.36,75,Retail,Islamabad,CleanHome
2026-06-20,Mineral Water,Beverages,6,80,45,0.0205,470.15,270,200.15,60,Wholesale,Islamabad,CoolBev Ltd
2026-06-20,Mineral Water,Beverages,7,80,45,0.032,542.06,315,227.06,60,Retail,Lahore,CoolBev Ltd
2026-06-20,Mineral Water,Beverages,10,80,45,0.0156,787.51,450,337.51,60,Retail,Karachi,CoolBev Ltd
2026-06-21,Milk,Dairy,7,180,145,0.0315,1220.37,1015,205.37,12,Retail,Faisalabad,Al-Fajr Dairy
2026-06-21,Cooking Oil,Grocery,5,520,430,0.0216,2543.85,2150,393.85,8,Retail,Karachi,Pakistan Oil Mills
2026-06-21,Rice,Grocery,3,280,210,0.0192,823.87,630,193.87,18,Retail,Lahore,Punjab Grain Co
2026-06-21,Instant Noodles,Grocery,20,60,42,0.0672,1119.3,840,279.3,140,Retail,Islamabad,City Foods
2026-06-21,Instant Noodles,Grocery,20,60,42,0.0434,1147.87,840,307.87,140,Retail,Islamabad,City Foods
2026-06-21,Premium Headphones,Electronics,1,4500,2100,0.0097,4456.51,2100,2356.51,22,Wholesale,Islamabad,TechHub
2026-06-21,Smartphone Case,Electronics,8,650,180,0.0249,5070.34,1440,3630.34,55,Wholesale,Islamabad,TechHub
2026-06-21,Energy Drink,Beverages,6,150,95,0.011,890.06,570,320.06,28,Retail,Islamabad,CoolBev Ltd
2026-06-21,Green Tea,Beverages,4,220,140,0.0309,852.85,560,292.85,90,Wholesale,Islamabad,Highland Tea
2026-06-21,Basmati Gift Box,Grocery,1,1800,900,0.0221,1760.27,900,860.27,16,Retail,Lahore,Punjab Grain Co
2026-06-21,Dish Soap,Household,3,190,120,0.051,540.92,360,180.92,75,Retail,Lahore,CleanHome
2026-06-21,Mineral Water,Beverages,6,80,45,0.0261,467.45,270,197.45,60,Retail,Islamabad,CoolBev Ltd
2026-06-21,Mineral Water,Beverages,6,80,45,0.0354,463.01,270,193.01,60,Retail,Lahore,CoolBev Ltd
2026-06-22,Milk,Dairy,7,180,145,0.0314,1220.4,1015,205.4,12,Wholesale,Karachi,Al-Fajr Dairy
2026-06-22,Milk,Dairy,6,180,145,0.0189,1059.59,870,189.59,12,Wholesale,Lahore,Al-Fajr Dairy
2026-06-22,Cooking Oil,Grocery,3,520,430,0.0212,1526.89,1290,236.89,8,Retail,Karachi,Pakistan Oil Mills
2026-06-22,Rice,Grocery,1,280,210,0.0154,275.69,210,65.69,18,Retail,Karachi,Punjab Grain Co
2026-06-22,Instant Noodles,Grocery,12,60,42,0.0626,674.94,504,170.94,140,Retail,Islamabad,City Foods
2026-06-22,Instant Noodles,Grocery,15,60,42,0.0203,881.7,630,251.7,140,Retail,Islamabad,City Foods
2026-06-22,Instant Noodles,Grocery,11,60,42,0.0266,642.44,462,180.44,140,Retail,Lahore,City Foods
2026-06-22,Premium Headphones,Electronics,1,4500,2100,0.0,4500.0,2100,2400.0,22,Retail,Faisalabad,TechHub
2026-06-22,Smartphone Case,Electronics,6,650,180,0.0466,3718.23,1080,2638.23,55,Retail,Islamabad,TechHub
2026-06-22,Energy Drink,Beverages,5,150,95,0.0435,717.41,475,242.41,28,Retail,Karachi,CoolBev Ltd
2026-06-22,Green Tea,Beverages,2,220,140,0.0529,416.71,280,136.71,90,Wholesale,Islamabad,Highland Tea
2026-06-22,Basmati Gift Box,Grocery,1,1800,900,0.0227,1759.14,900,859.14,16,Wholesale,Lahore,Punjab Grain Co
2026-06-22,Dish Soap,Household,2,190,120,0.0567,358.45,240,118.45,75,Retail,Lahore,CleanHome
2026-06-22,Mineral Water,Beverages,5,80,45,0.0093,396.26,225,171.26,60,Retail,Karachi,CoolBev Ltd
2026-06-23,Milk,Dairy,8,180,145,0.0261,1402.46,1160,242.46,12,Retail,Lahore,Al-Fajr Dairy
2026-06-23,Cooking Oil,Grocery,4,520,430,0.0,2080.0,1720,360.0,8,Wholesale,Karachi,Pakistan Oil Mills
2026-06-23,Rice,Grocery,2,280,210,0.0406,537.24,420,117.24,18,Retail,Lahore,Punjab Grain Co
2026-06-23,Instant Noodles,Grocery,14,60,42,0.0,840.0,588,252.0,140,Wholesale,Karachi,City Foods
2026-06-23,Instant Noodles,Grocery,15,60,42,0.0093,891.62,630,261.62,140,Retail,Islamabad,City Foods
2026-06-23,Instant Noodles,Grocery,13,60,42,0.0031,777.55,546,231.55,140,Retail,Lahore,City Foods
2026-06-23,Premium Headphones,Electronics,1,4500,2100,0.0219,4401.57,2100,2301.57,22,Retail,Lahore,TechHub
2026-06-23,Smartphone Case,Electronics,6,650,180,0.0292,3786.19,1080,2706.19,55,Retail,Lahore,TechHub
2026-06-23,Energy Drink,Beverages,4,150,95,0.0393,576.45,380,196.45,28,Wholesale,Islamabad,CoolBev Ltd
2026-06-23,Green Tea,Beverages,3,220,140,0.0437,631.13,420,211.13,90,Retail,Karachi,Highland Tea
2026-06-23,Basmati Gift Box,Grocery,1,1800,900,0.0125,1777.54,900,877.54,16,Retail,Lahore,Punjab Grain Co
2026-06-23,Dish Soap,Household,2,190,120,0.0087,376.69,240,136.69,75,Wholesale,Karachi,CleanHome
2026-06-23,Mineral Water,Beverages,5,80,45,0.0249,390.05,225,165.05,60,Wholesale,Faisalabad,CoolBev Ltd
2026-06-24,Milk,Dairy,7,180,145,0.0213,1233.13,1015,218.13,12,Retail,Lahore,Al-Fajr Dairy
2026-06-24,Milk,Dairy,7,180,145,0.0439,1204.65,1015,189.65,12,Wholesale,Islamabad,Al-Fajr Dairy
2026-06-24,Milk,Dairy,5,180,145,0.0282,874.63,725,149.63,12,Retail,Faisalabad,Al-Fajr Dairy
2026-06-24,Cooking Oil,Grocery,3,520,430,0.0151,1536.45,1290,246.45,8,Wholesale,Islamabad,Pakistan Oil Mills
2026-06-24,Rice,Grocery,2,280,210,0.0303,543.04,420,123.04,18,Retail,Islamabad,Punjab Grain Co
2026-06-24,Instant Noodles,Grocery,17,60,42,0.0147,1004.99,714,290.99,140,Wholesale,Lahore,City Foods
2026-06-24,Premium Headphones,Electronics,1,4500,2100,0.0609,4225.76,2100,2125.76,22,Retail,Islamabad,TechHub
2026-06-24,Smartphone Case,Electronics,4,650,180,0.0861,2376.17,720,1656.17,55,Retail,Faisalabad,TechHub
2026-06-24,Energy Drink,Beverages,3,150,95,0.0183,441.74,285,156.74,28,Retail,Islamabad,CoolBev Ltd
2026-06-24,Green Tea,Beverages,3,220,140,0.0462,629.51,420,209.51,90,Retail,Islamabad,Highland Tea
2026-06-24,Basmati Gift Box,Grocery,1,1800,900,0.0485,1712.75,900,812.75,16,Retail,Faisalabad,Punjab Grain Co
2026-06-24,Dish Soap,Household,2,190,120,0.0254,370.33,240,130.33,75,Retail,Islamabad,CleanHome
2026-06-24,Mineral Water,Beverages,5,80,45,0.0343,386.29,225,161.29,60,Wholesale,Karachi,CoolBev Ltd
2026-06-24,Mineral Water,Beverages,7,80,45,0.034,540.96,315,225.96,60,Retail,Lahore,CoolBev Ltd
2026-06-25,Milk,Dairy,5,180,145,0.0399,864.13,725,139.13,12,Retail,Lahore,Al-Fajr Dairy
2026-06-25,Milk,Dairy,7,180,145,0.051,1195.78,1015,180.78,12,Retail,Lahore,Al-Fajr Dairy
2026-06-25,Milk,Dairy,9,180,145,0.0589,1524.6,1305,219.6,12,Wholesale,Faisalabad,Al-Fajr Dairy
2026-06-25,Cooking Oil,Grocery,3,520,430,0.0,1560.0,1290,270.0,8,Retail,Karachi,Pakistan Oil Mills
2026-06-25,Rice,Grocery,2,280,210,0.0151,551.55,420,131.55,18,Retail,Karachi,Punjab Grain Co
2026-06-25,Instant Noodles,Grocery,13,60,42,0.0405,748.41,546,202.41,140,Wholesale,Lahore,City Foods
2026-06-25,Premium Headphones,Electronics,1,4500,2100,0.0518,4266.98,2100,2166.98,22,Wholesale,Faisalabad,TechHub
2026-06-25,Smartphone Case,Electronics,6,650,180,0.0527,3694.58,1080,2614.58,55,Wholesale,Islamabad,TechHub
2026-06-25,Energy Drink,Beverages,2,150,95,0.0079,297.63,190,107.63,28,Retail,Islamabad,CoolBev Ltd
2026-06-25,Green Tea,Beverages,2,220,140,0.0235,429.67,280,149.67,90,Retail,Islamabad,Highland Tea
2026-06-25,Basmati Gift Box,Grocery,1,1800,900,0.0185,1766.7,900,866.7,16,Wholesale,Islamabad,Punjab Grain Co
2026-06-25,Dish Soap,Household,2,190,120,0.037,365.93,240,125.93,75,Retail,Lahore,CleanHome
2026-06-25,Mineral Water,Beverages,7,80,45,0.014,552.15,315,237.15,60,Retail,Faisalabad,CoolBev Ltd
2026-06-25,Mineral Water,Beverages,4,80,45,0.0389,307.55,180,127.55,60,Wholesale,Karachi,CoolBev Ltd
2026-06-26,Milk,Dairy,7,180,145,0.0458,1202.32,1015,187.32,12,Retail,Faisalabad,Al-Fajr Dairy
2026-06-26,Milk,Dairy,8,180,145,0.0174,1415.01,1160,255.01,12,Wholesale,Faisalabad,Al-Fajr Dairy
2026-06-26,Cooking Oil,Grocery,4,520,430,0.0427,1991.16,1720,271.16,8,Retail,Islamabad,Pakistan Oil Mills
2026-06-26,Rice,Grocery,2,280,210,0.0,560.0,420,140.0,18,Wholesale,Faisalabad,Punjab Grain Co
2026-06-26,Instant Noodles,Grocery,17,60,42,0.0275,991.95,714,277.95,140,Retail,Islamabad,City Foods
2026-06-26,Instant Noodles,Grocery,7,60,42,0.0222,410.69,294,116.69,140,Wholesale,Faisalabad,City Foods
2026-06-26,Instant Noodles,Grocery,16,60,42,0.0492,912.72,672,240.72,140,Retail,Islamabad,City Foods
2026-06-26,Premium Headphones,Electronics,1,4500,2100,0.0034,4484.89,2100,2384.89,22,Retail,Faisalabad,TechHub
2026-06-26,Smartphone Case,Electronics,4,650,180,0.0,2600.0,720,1880.0,55,Retail,Islamabad,TechHub
2026-06-26,Energy Drink,Beverages,5,150,95,0.0246,731.56,475,256.56,28,Wholesale,Karachi,CoolBev Ltd
2026-06-26,Green Tea,Beverages,2,220,140,0.0,440.0,280,160.0,90,Retail,Islamabad,Highland Tea
2026-06-26,Basmati Gift Box,Grocery,1,1800,900,0.0189,1765.97,900,865.97,16,Retail,Karachi,Punjab Grain Co
2026-06-26,Dish Soap,Household,2,190,120,0.0346,366.85,240,126.85,75,Wholesale,Karachi,CleanHome
2026-06-26,Mineral Water,Beverages,5,80,45,0.015,393.99,225,168.99,60,Retail,Islamabad,CoolBev Ltd
2026-06-26,Mineral Water,Beverages,7,80,45,0.0057,556.79,315,241.79,60,Wholesale,Faisalabad,CoolBev Ltd
2026-06-27,Milk,Dairy,9,180,145,0.0492,1540.28,1305,235.28,12,Wholesale,Islamabad,Al-Fajr Dairy
2026-06-27,Cooking Oil,Grocery,5,520,430,0.0266,2530.96,2150,380.96,8,Retail,Karachi,Pakistan Oil Mills
2026-06-27,Rice,Grocery,2,280,210,0.0,560.0,420,140.0,18,Retail,Islamabad,Punjab Grain Co
2026-06-27,Instant Noodles,Grocery,19,60,42,0.0195,1117.77,798,319.77,140,Retail,Lahore,City Foods
2026-06-27,Premium Headphones,Electronics,1,4500,2100,0.0384,4327.12,2100,2227.12,22,Retail,Karachi,TechHub
2026-06-27,Smartphone Case,Electronics,7,650,180,0.0237,4442.35,1260,3182.35,55,Retail,Lahore,TechHub
2026-06-27,Energy Drink,Beverages,4,150,95,0.061,563.37,380,183.37,28,Retail,Lahore,CoolBev Ltd
2026-06-27,Green Tea,Beverages,4,220,140,0.0923,798.75,560,238.75,90,Retail,Faisalabad,Highland Tea
2026-06-27,Basmati Gift Box,Grocery,1,1800,900,0.0261,1753.05,900,853.05,16,Retail,Faisalabad,Punjab Grain Co
2026-06-27,Dish Soap,Household,3,190,120,0.0219,557.49,360,197.49,75,Retail,Faisalabad,CleanHome
2026-06-27,Mineral Water,Beverages,6,80,45,0.0619,450.31,270,180.31,60,Retail,Faisalabad,CoolBev Ltd
2026-06-27,Mineral Water,Beverages,7,80,45,0.0452,534.71,315,219.71,60,Retail,Lahore,CoolBev Ltd
2026-06-28,Milk,Dairy,10,180,145,0.0327,1741.18,1450,291.18,12,Retail,Faisalabad,Al-Fajr Dairy
2026-06-28,Cooking Oil,Grocery,5,520,430,0.0333,2513.54,2150,363.54,8,Retail,Karachi,Pakistan Oil Mills
2026-06-28,Rice,Grocery,3,280,210,0.0204,822.83,630,192.83,18,Wholesale,Faisalabad,Punjab Grain Co
2026-06-28,Instant Noodles,Grocery,19,60,42,0.0178,1119.7,798,321.7,140,Retail,Faisalabad,City Foods
2026-06-28,Instant Noodles,Grocery,17,60,42,0.0202,999.44,714,285.44,140,Retail,Faisalabad,City Foods
2026-06-28,Premium Headphones,Electronics,1,4500,2100,0.0353,4341.04,2100,2241.04,22,Retail,Karachi,TechHub
2026-06-28,Smartphone Case,Electronics,6,650,180,0.0,3900.0,1080,2820.0,55,Retail,Islamabad,TechHub
2026-06-28,Energy Drink,Beverages,5,150,95,0.0391,720.7,475,245.7,28,Retail,Lahore,CoolBev Ltd
2026-06-28,Green Tea,Beverages,3,220,140,0.028,641.55,420,221.55,90,Retail,Karachi,Highland Tea
2026-06-28,Basmati Gift Box,Grocery,1,1800,900,0.0296,1746.71,900,846.71,16,Retail,Faisalabad,Punjab Grain Co
2026-06-28,Dish Soap,Household,4,190,120,0.0433,727.06,480,247.06,75,Retail,Karachi,CleanHome
2026-06-28,Mineral Water,Beverages,7,80,45,0.0443,535.18,315,220.18,60,Retail,Faisalabad,CoolBev Ltd
2026-06-28,Mineral Water,Beverages,6,80,45,0.0695,446.63,270,176.63,60,Retail,Islamabad,CoolBev Ltd
2026-06-28,Mineral Water,Beverages,9,80,45,0.0324,696.69,405,291.69,60,Retail,Karachi,CoolBev Ltd
2026-06-29,Milk,Dairy,7,180,145,0.004,1254.99,1015,239.99,12,Retail,Lahore,Al-Fajr Dairy
2026-06-29,Cooking Oil,Grocery,3,520,430,0.0221,1525.54,1290,235.54,8,Wholesale,Faisalabad,Pakistan Oil Mills
2026-06-29,Rice,Grocery,2,280,210,0.0004,559.8,420,139.8,18,Retail,Islamabad,Punjab Grain Co
2026-06-29,Instant Noodles,Grocery,13,60,42,0.0449,744.95,546,198.95,140,Retail,Faisalabad,City Foods
2026-06-29,Premium Headphones,Electronics,1,4500,2100,0.067,4198.7,2100,2098.7,22,Retail,Faisalabad,TechHub
2026-06-29,Smartphone Case,Electronics,4,650,180,0.0219,2543.07,720,1823.07,55,Wholesale,Faisalabad,TechHub
2026-06-29,Energy Drink,Beverages,4,150,95,0.0,600.0,380,220.0,28,Retail,Islamabad,CoolBev Ltd
2026-06-29,Green Tea,Beverages,3,220,140,0.0466,629.22,420,209.22,90,Retail,Islamabad,Highland Tea
2026-06-29,Basmati Gift Box,Grocery,1,1800,900,0.045,1719.07,900,819.07,16,Wholesale,Faisalabad,Punjab Grain Co
2026-06-29,Dish Soap,Household,2,190,120,0.0366,366.1,240,126.1,75,Retail,Islamabad,CleanHome
2026-06-29,Mineral Water,Beverages,6,80,45,0.0362,462.64,270,192.64,60,Retail,Lahore,CoolBev Ltd
2026-06-29,Mineral Water,Beverages,6,80,45,0.0239,468.51,270,198.51,60,Retail,Faisalabad,CoolBev Ltd
2026-06-29,Mineral Water,Beverages,4,80,45,0.0224,312.84,180,132.84,60,Retail,Islamabad,CoolBev Ltd
2026-06-30,Milk,Dairy,7,180,145,0.0659,1176.94,1015,161.94,12,Retail,Islamabad,Al-Fajr Dairy
2026-06-30,Milk,Dairy,7,180,145,0.0348,1216.16,1015,201.16,12,Retail,Lahore,Al-Fajr Dairy
2026-06-30,Milk,Dairy,8,180,145,0.0034,1435.17,1160,275.17,12,Wholesale,Lahore,Al-Fajr Dairy
2026-06-30,Cooking Oil,Grocery,4,520,430,0.0545,1966.61,1720,246.61,8,Retail,Lahore,Pakistan Oil Mills
2026-06-30,Rice,Grocery,3,280,210,0.0272,817.15,630,187.15,18,Retail,Lahore,Punjab Grain Co
2026-06-30,Instant Noodles,Grocery,7,60,42,0.0,420.0,294,126.0,140,Wholesale,Faisalabad,City Foods
2026-06-30,Instant Noodles,Grocery,14,60,42,0.0427,804.16,588,216.16,140,Retail,Islamabad,City Foods
2026-06-30,Instant Noodles,Grocery,11,60,42,0.0217,645.65,462,183.65,140,Retail,Islamabad,City Foods
2026-06-30,Premium Headphones,Electronics,1,4500,2100,0.0142,4436.02,2100,2336.02,22,Retail,Islamabad,TechHub
2026-06-30,Smartphone Case,Electronics,4,650,180,0.0126,2567.23,720,1847.23,55,Retail,Islamabad,TechHub
2026-06-30,Energy Drink,Beverages,5,150,95,0.0273,729.49,475,254.49,28,Wholesale,Faisalabad,CoolBev Ltd
2026-06-30,Green Tea,Beverages,3,220,140,0.0729,611.92,420,191.92,90,Retail,Faisalabad,Highland Tea
2026-06-30,Basmati Gift Box,Grocery,1,1800,900,0.0507,1708.7,900,808.7,16,Wholesale,Karachi,Punjab Grain Co
2026-06-30,Dish Soap,Household,2,190,120,0.0043,378.35,240,138.35,75,Retail,Karachi,CleanHome
2026-06-30,Mineral Water,Beverages,6,80,45,0.015,472.8,270,202.8,60,Retail,Faisalabad,CoolBev Ltd
2026-06-30,Mineral Water,Beverages,7,80,45,0.0276,544.54,315,229.54,60,Retail,Faisalabad,CoolBev Ltd
2026-06-30,Mineral Water,Beverages,5,80,45,0.0,400.0,225,175.0,60,Retail,Karachi,CoolBev Ltd
2026-07-01,Milk,Dairy,8,180,145,0.0351,1389.41,1160,229.41,12,Retail,Faisalabad,Al-Fajr Dairy
2026-07-01,Milk,Dairy,7,180,145,0.0206,1234.05,1015,219.05,12,Retail,Lahore,Al-Fajr Dairy
2026-07-01,Cooking Oil,Grocery,4,520,430,0.0464,1983.57,1720,263.57,8,Retail,Lahore,Pakistan Oil Mills
2026-07-01,Rice,Grocery,2,280,210,0.0536,529.99,420,109.99,18,Retail,Islamabad,Punjab Grain Co
2026-07-01,Instant Noodles,Grocery,13,60,42,0.0255,760.09,546,214.09,140,Retail,Lahore,City Foods
2026-07-01,Instant Noodles,Grocery,14,60,42,0.0318,813.27,588,225.27,140,Retail,Faisalabad,City Foods
2026-07-01,Premium Headphones,Electronics,1,4500,2100,0.0068,4469.62,2100,2369.62,22,Retail,Faisalabad,TechHub
2026-07-01,Smartphone Case,Electronics,4,650,180,0.0187,2551.32,720,1831.32,55,Wholesale,Islamabad,TechHub
2026-07-01,Energy Drink,Beverages,5,150,95,0.016,738.01,475,263.01,28,Retail,Islamabad,CoolBev Ltd
2026-07-01,Green Tea,Beverages,2,220,140,0.0561,415.3,280,135.3,90,Wholesale,Faisalabad,Highland Tea
2026-07-01,Basmati Gift Box,Grocery,1,1800,900,0.0021,1796.26,900,896.26,16,Wholesale,Faisalabad,Punjab Grain Co
2026-07-01,Dish Soap,Household,2,190,120,0.041,364.43,240,124.43,75,Wholesale,Lahore,CleanHome
2026-07-01,Mineral Water,Beverages,6,80,45,0.0624,450.06,270,180.06,60,Retail,Faisalabad,CoolBev Ltd
2026-07-01,Mineral Water,Beverages,8,80,45,0.043,612.49,360,252.49,60,Retail,Lahore,CoolBev Ltd
2026-07-01,Mineral Water,Beverages,6,80,45,0.0274,466.84,270,196.84,60,Wholesale,Faisalabad,CoolBev Ltd
2026-07-02,Milk,Dairy,9,180,145,0.0105,1603.07,1305,298.07,12,Retail,Lahore,Al-Fajr Dairy
2026-07-02,Milk,Dairy,7,180,145,0.0295,1222.85,1015,207.85,12,Retail,Karachi,Al-Fajr Dairy
2026-07-02,Milk,Dairy,6,180,145,0.0414,1035.33,870,165.33,12,Retail,Faisalabad,Al-Fajr Dairy
2026-07-02,Cooking Oil,Grocery,4,520,430,0.0,2080.0,1720,360.0,8,Retail,Karachi,Pakistan Oil Mills
2026-07-02,Rice,Grocery,2,280,210,0.0424,536.23,420,116.23,18,Retail,Karachi,Punjab Grain Co
2026-07-02,Instant Noodles,Grocery,11,60,42,0.0162,649.29,462,187.29,140,Retail,Lahore,City Foods
2026-07-02,Premium Headphones,Electronics,1,4500,2100,0.0337,4348.24,2100,2248.24,22,Retail,Islamabad,TechHub
2026-07-02,Smartphone Case,Electronics,5,650,180,0.0362,3132.26,900,2232.26,55,Retail,Lahore,TechHub
2026-07-02,Energy Drink,Beverages,5,150,95,0.0345,724.14,475,249.14,28,Wholesale,Islamabad,CoolBev Ltd
2026-07-02,Green Tea,Beverages,2,220,140,0.0327,425.63,280,145.63,90,Retail,Karachi,Highland Tea
2026-07-02,Basmati Gift Box,Grocery,1,1800,900,0.0396,1728.75,900,828.75,16,Retail,Lahore,Punjab Grain Co
2026-07-02,Dish Soap,Household,2,190,120,0.0411,364.39,240,124.39,75,Retail,Faisalabad,CleanHome
2026-07-02,Mineral Water,Beverages,6,80,45,0.0546,453.8,270,183.8,60,Retail,Faisalabad,CoolBev Ltd
2026-07-02,Mineral Water,Beverages,6,80,45,0.0512,455.44,270,185.44,60,Retail,Islamabad,CoolBev Ltd
2026-07-02,Mineral Water,Beverages,5,80,45,0.081,367.59,225,142.59,60,Retail,Lahore,CoolBev Ltd
2026-07-03,Milk,Dairy,7,180,145,0.0369,1213.46,1015,198.46,12,Retail,Islamabad,Al-Fajr Dairy
2026-07-03,Cooking Oil,Grocery,3,520,430,0.0263,1518.96,1290,228.96,8,Retail,Faisalabad,Pakistan Oil Mills
2026-07-03,Rice,Grocery,2,280,210,0.073,519.12,420,99.12,18,Retail,Faisalabad,Punjab Grain Co
2026-07-03,Instant Noodles,Grocery,13,60,42,0.0229,762.13,546,216.13,140,Retail,Lahore,City Foods
2026-07-03,Instant Noodles,Grocery,10,60,42,0.0268,583.93,420,163.93,140,Wholesale,Faisalabad,City Foods
2026-07-03,Premium Headphones,Electronics,1,4500,2100,0.0061,4472.7,2100,2372.7,22,Retail,Faisalabad,TechHub
2026-07-03,Smartphone Case,Electronics,4,650,180,0.0589,2446.99,720,1726.99,55,Retail,Lahore,TechHub
2026-07-03,Energy Drink,Beverages,5,150,95,0.0494,712.95,475,237.95,28,Wholesale,Lahore,CoolBev Ltd
2026-07-03,Green Tea,Beverages,2,220,140,0.0027,438.8,280,158.8,90,Retail,Islamabad,Highland Tea
2026-07-03,Basmati Gift Box,Grocery,1,1800,900,0.0378,1731.89,900,831.89,16,Wholesale,Faisalabad,Punjab Grain Co
2026-07-03,Dish Soap,Household,3,190,120,0.0394,547.52,360,187.52,75,Retail,Karachi,CleanHome
2026-07-03,Mineral Water,Beverages,5,80,45,0.0443,382.28,225,157.28,60,Retail,Faisalabad,CoolBev Ltd
2026-07-03,Mineral Water,Beverages,3,80,45,0.043,229.69,135,94.69,60,Retail,Islamabad,CoolBev Ltd
2026-07-03,Mineral Water,Beverages,7,80,45,0.0579,527.6,315,212.6,60,Retail,Karachi,CoolBev Ltd
2026-07-04,Milk,Dairy,9,180,145,0.0617,1519.97,1305,214.97,12,Retail,Lahore,Al-Fajr Dairy
2026-07-04,Milk,Dairy,9,180,145,0.0435,1549.59,1305,244.59,12,Retail,Islamabad,Al-Fajr Dairy
2026-07-04,Cooking Oil,Grocery,5,520,430,0.0214,2544.47,2150,394.47,8,Retail,Lahore,Pakistan Oil Mills
2026-07-04,Rice,Grocery,4,280,210,0.0356,1080.08,840,240.08,18,Retail,Faisalabad,Punjab Grain Co
2026-07-04,Instant Noodles,Grocery,22,60,42,0.0063,1311.74,924,387.74,140,Retail,Islamabad,City Foods
2026-07-04,Instant Noodles,Grocery,22,60,42,0.0355,1273.17,924,349.17,140,Wholesale,Lahore,City Foods
2026-07-04,Instant Noodles,Grocery,18,60,42,0.0,1080.0,756,324.0,140,Wholesale,Lahore,City Foods
2026-07-04,Premium Headphones,Electronics,1,4500,2100,0.0484,4282.37,2100,2182.37,22,Retail,Faisalabad,TechHub
2026-07-04,Smartphone Case,Electronics,6,650,180,0.0379,3752.15,1080,2672.15,55,Retail,Faisalabad,TechHub
2026-07-04,Energy Drink,Beverages,6,150,95,0.0426,861.67,570,291.67,28,Wholesale,Karachi,CoolBev Ltd
2026-07-04,Green Tea,Beverages,4,220,140,0.0,880.0,560,320.0,90,Retail,Islamabad,Highland Tea
2026-07-04,Basmati Gift Box,Grocery,1,1800,900,0.0335,1739.79,900,839.79,16,Retail,Faisalabad,Punjab Grain Co
2026-07-04,Dish Soap,Household,3,190,120,0.0506,541.19,360,181.19,75,Wholesale,Faisalabad,CleanHome
2026-07-04,Mineral Water,Beverages,6,80,45,0.0228,469.06,270,199.06,60,Retail,Faisalabad,CoolBev Ltd
2026-07-05,Milk,Dairy,9,180,145,0.0267,1576.76,1305,271.76,12,Retail,Karachi,Al-Fajr Dairy
2026-07-05,Milk,Dairy,10,180,145,0.0288,1748.14,1450,298.14,12,Retail,Faisalabad,Al-Fajr Dairy
2026-07-05,Milk,Dairy,9,180,145,0.0295,1572.18,1305,267.18,12,Retail,Lahore,Al-Fajr Dairy
2026-07-05,Cooking Oil,Grocery,4,520,430,0.0442,1987.97,1720,267.97,8,Retail,Lahore,Pakistan Oil Mills
2026-07-05,Rice,Grocery,3,280,210,0.0137,828.45,630,198.45,18,Retail,Lahore,Punjab Grain Co
2026-07-05,Instant Noodles,Grocery,21,60,42,0.0312,1220.66,882,338.66,140,Wholesale,Faisalabad,City Foods
2026-07-05,Instant Noodles,Grocery,14,60,42,0.0005,839.6,588,251.6,140,Retail,Islamabad,City Foods
2026-07-05,Instant Noodles,Grocery,13,60,42,0.0023,778.17,546,232.17,140,Retail,Islamabad,City Foods
2026-07-05,Premium Headphones,Electronics,1,4500,2100,0.0204,4408.17,2100,2308.17,22,Retail,Faisalabad,TechHub
2026-07-05,Smartphone Case,Electronics,5,650,180,0.063,3045.23,900,2145.23,55,Wholesale,Karachi,TechHub
2026-07-05,Energy Drink,Beverages,4,150,95,0.0459,572.45,380,192.45,28,Retail,Karachi,CoolBev Ltd
2026-07-05,Green Tea,Beverages,4,220,140,0.0195,862.86,560,302.86,90,Retail,Karachi,Highland Tea
2026-07-05,Basmati Gift Box,Grocery,1,1800,900,0.0196,1764.77,900,864.77,16,Wholesale,Lahore,Punjab Grain Co
2026-07-05,Dish Soap,Household,3,190,120,0.0415,546.35,360,186.35,75,Retail,Islamabad,CleanHome
2026-07-05,Mineral Water,Beverages,6,80,45,0.0,480.0,270,210.0,60,Retail,Islamabad,CoolBev Ltd
2026-07-06,Milk,Dairy,7,180,145,0.0,1260.0,1015,245.0,12,Retail,Karachi,Al-Fajr Dairy
2026-07-06,Milk,Dairy,6,180,145,0.0166,1062.12,870,192.12,12,Retail,Islamabad,Al-Fajr Dairy
2026-07-06,Cooking Oil,Grocery,4,520,430,0.0754,1923.18,1720,203.18,8,Retail,Faisalabad,Pakistan Oil Mills
2026-07-06,Rice,Grocery,3,280,210,0.0134,828.74,630,198.74,18,Retail,Faisalabad,Punjab Grain Co
2026-07-06,Instant Noodles,Grocery,13,60,42,0.0,780.0,546,234.0,140,Retail,Lahore,City Foods
2026-07-06,Instant Noodles,Grocery,12,60,42,0.0,720.0,504,216.0,140,Wholesale,Karachi,City Foods
2026-07-06,Premium Headphones,Electronics,1,4500,2100,0.0,4500.0,2100,2400.0,22,Retail,Lahore,TechHub
2026-07-06,Smartphone Case,Electronics,4,650,180,0.0518,2465.31,720,1745.31,55,Wholesale,Lahore,TechHub
2026-07-06,Energy Drink,Beverages,4,150,95,0.0369,577.86,380,197.86,28,Retail,Faisalabad,CoolBev Ltd
2026-07-06,Green Tea,Beverages,3,220,140,0.0282,641.38,420,221.38,90,Retail,Lahore,Highland Tea
2026-07-06,Basmati Gift Box,Grocery,1,1800,900,0.034,1738.78,900,838.78,16,Retail,Faisalabad,Punjab Grain Co
2026-07-06,Dish Soap,Household,2,190,120,0.042,364.05,240,124.05,75,Retail,Lahore,CleanHome
2026-07-06,Mineral Water,Beverages,7,80,45,0.0014,559.19,315,244.19,60,Retail,Islamabad,CoolBev Ltd
2026-07-06,Mineral Water,Beverages,6,80,45,0.0364,462.55,270,192.55,60,Retail,Karachi,CoolBev Ltd
2026-07-07,Milk,Dairy,5,180,145,0.0272,875.51,725,150.51,12,Retail,Islamabad,Al-Fajr Dairy
2026-07-07,Milk,Dairy,8,180,145,0.026,1402.5,1160,242.5,12,Retail,Islamabad,Al-Fajr Dairy
2026-07-07,Milk,Dairy,5,180,145,0.071,836.06,725,111.06,12,Retail,Karachi,Al-Fajr Dairy
2026-07-07,Cooking Oil,Grocery,4,520,430,0.0113,2056.46,1720,336.46,8,Retail,Lahore,Pakistan Oil Mills
2026-07-07,Rice,Grocery,2,280,210,0.0136,552.39,420,132.39,18,Retail,Karachi,Punjab Grain Co
2026-07-07,Instant Noodles,Grocery,16,60,42,0.0246,936.34,672,264.34,140,Retail,Islamabad,City Foods
2026-07-07,Instant Noodles,Grocery,18,60,42,0.0274,1050.44,756,294.44,140,Wholesale,Faisalabad,City Foods
2026-07-07,Instant Noodles,Grocery,13,60,42,0.0453,744.68,546,198.68,140,Wholesale,Karachi,City Foods
2026-07-07,Premium Headphones,Electronics,1,4500,2100,0.0343,4345.76,2100,2245.76,22,Retail,Islamabad,TechHub
2026-07-07,Smartphone Case,Electronics,4,650,180,0.0372,2503.38,720,1783.38,55,Retail,Lahore,TechHub
2026-07-07,Energy Drink,Beverages,4,150,95,0.0286,582.82,380,202.82,28,Retail,Faisalabad,CoolBev Ltd
2026-07-07,Green Tea,Beverages,2,220,140,0.0328,425.57,280,145.57,90,Retail,Karachi,Highland Tea
2026-07-07,Basmati Gift Box,Grocery,1,1800,900,0.0018,1796.74,900,896.74,16,Wholesale,Lahore,Punjab Grain Co
2026-07-07,Dish Soap,Household,2,190,120,0.0708,353.09,240,113.09,75,Wholesale,Karachi,CleanHome
2026-07-07,Mineral Water,Beverages,6,80,45,0.035,463.22,270,193.22,60,Retail,Islamabad,CoolBev Ltd
2026-07-08,Milk,Dairy,7,180,145,0.0543,1191.56,1015,176.56,12,Retail,Faisalabad,Al-Fajr Dairy
2026-07-08,Milk,Dairy,7,180,145,0.0,1260.0,1015,245.0,12,Retail,Faisalabad,Al-Fajr Dairy
2026-07-08,Milk,Dairy,6,180,145,0.0263,1051.63,870,181.63,12,Retail,Faisalabad,Al-Fajr Dairy
2026-07-08,Cooking Oil,Grocery,4,520,430,0.0,2080.0,1720,360.0,8,Retail,Faisalabad,Pakistan Oil Mills
2026-07-08,Rice,Grocery,2,280,210,0.013,552.72,420,132.72,18,Retail,Karachi,Punjab Grain Co
2026-07-08,Instant Noodles,Grocery,16,60,42,0.053,909.14,672,237.14,140,Retail,Karachi,City Foods
2026-07-08,Instant Noodles,Grocery,12,60,42,0.06,676.81,504,172.81,140,Retail,Islamabad,City Foods
2026-07-08,Instant Noodles,Grocery,16,60,42,0.0201,940.67,672,268.67,140,Wholesale,Lahore,City Foods
2026-07-08,Premium Headphones,Electronics,1,4500,2100,0.0489,4279.95,2100,2179.95,22,Retail,Faisalabad,TechHub
2026-07-08,Smartphone Case,Electronics,5,650,180,0.0326,3143.92,900,2243.92,55,Wholesale,Islamabad,TechHub
2026-07-08,Energy Drink,Beverages,5,150,95,0.0408,719.38,475,244.38,28,Retail,Islamabad,CoolBev Ltd
2026-07-08,Green Tea,Beverages,3,220,140,0.0,660.0,420,240.0,90,Retail,Faisalabad,Highland Tea
2026-07-08,Basmati Gift Box,Grocery,1,1800,900,0.0355,1736.04,900,836.04,16,Retail,Karachi,Punjab Grain Co
2026-07-08,Dish Soap,Household,2,190,120,0.0325,367.63,240,127.63,75,Retail,Islamabad,CleanHome
2026-07-08,Mineral Water,Beverages,5,80,45,0.0373,385.08,225,160.08,60,Retail,Karachi,CoolBev Ltd
2026-07-08,Mineral Water,Beverages,5,80,45,0.052,379.19,225,154.19,60,Wholesale,Lahore,CoolBev Ltd
2026-07-08,Mineral Water,Beverages,6,80,45,0.0476,457.13,270,187.13,60,Retail,Lahore,CoolBev Ltd
2026-07-09,Milk,Dairy,8,180,145,0.0237,1405.89,1160,245.89,12,Retail,Karachi,Al-Fajr Dairy
2026-07-09,Milk,Dairy,6,180,145,0.0553,1020.31,870,150.31,12,Retail,Islamabad,Al-Fajr Dairy
2026-07-09,Cooking Oil,Grocery,4,520,430,0.0218,2034.58,1720,314.58,8,Retail,Karachi,Pakistan Oil Mills
2026-07-09,Rice,Grocery,2,280,210,0.0109,553.88,420,133.88,18,Retail,Lahore,Punjab Grain Co
2026-07-09,Instant Noodles,Grocery,15,60,42,0.0173,884.41,630,254.41,140,Retail,Faisalabad,City Foods
2026-07-09,Premium Headphones,Electronics,1,4500,2100,0.0427,4307.93,2100,2207.93,22,Retail,Faisalabad,TechHub
2026-07-09,Smartphone Case,Electronics,6,650,180,0.0442,3727.74,1080,2647.74,55,Retail,Faisalabad,TechHub
2026-07-09,Energy Drink,Beverages,4,150,95,0.0728,556.32,380,176.32,28,Retail,Islamabad,CoolBev Ltd
2026-07-09,Green Tea,Beverages,2,220,140,0.0583,414.36,280,134.36,90,Retail,Faisalabad,Highland Tea
2026-07-09,Basmati Gift Box,Grocery,1,1800,900,0.0153,1772.38,900,872.38,16,Retail,Faisalabad,Punjab Grain Co
2026-07-09,Dish Soap,Household,3,190,120,0.0061,566.53,360,206.53,75,Retail,Lahore,CleanHome
2026-07-09,Mineral Water,Beverages,6,80,45,0.0507,455.65,270,185.65,60,Retail,Karachi,CoolBev Ltd
2026-07-09,Mineral Water,Beverages,6,80,45,0.022,469.46,270,199.46,60,Retail,Lahore,CoolBev Ltd
2026-07-10,Milk,Dairy,8,180,145,0.0436,1377.2,1160,217.2,12,Retail,Karachi,Al-Fajr Dairy
2026-07-10,Milk,Dairy,7,180,145,0.004,1254.91,1015,239.91,12,Retail,Faisalabad,Al-Fajr Dairy
2026-07-10,Milk,Dairy,7,180,145,0.0193,1235.67,1015,220.67,12,Retail,Faisalabad,Al-Fajr Dairy
2026-07-10,Cooking Oil,Grocery,4,520,430,0.0549,1965.72,1720,245.72,8,Retail,Karachi,Pakistan Oil Mills
2026-07-10,Rice,Grocery,2,280,210,0.0567,528.22,420,108.22,18,Retail,Faisalabad,Punjab Grain Co
2026-07-10,Instant Noodles,Grocery,10,60,42,0.0442,573.45,420,153.45,140,Retail,Islamabad,City Foods
2026-07-10,Instant Noodles,Grocery,8,60,42,0.0135,473.52,336,137.52,140,Wholesale,Faisalabad,City Foods
2026-07-10,Instant Noodles,Grocery,16,60,42,0.0197,941.1,672,269.1,140,Retail,Lahore,City Foods
2026-07-10,Premium Headphones,Electronics,1,4500,2100,0.0206,4407.15,2100,2307.15,22,Retail,Faisalabad,TechHub
2026-07-10,Smartphone Case,Electronics,4,650,180,0.003,2592.32,720,1872.32,55,Wholesale,Lahore,TechHub
2026-07-10,Energy Drink,Beverages,4,150,95,0.0484,570.93,380,190.93,28,Wholesale,Karachi,CoolBev Ltd
2026-07-10,Green Tea,Beverages,2,220,140,0.0572,414.83,280,134.83,90,Wholesale,Karachi,Highland Tea
2026-07-10,Basmati Gift Box,Grocery,1,1800,900,0.0564,1698.46,900,798.46,16,Retail,Faisalabad,Punjab Grain Co
2026-07-10,Dish Soap,Household,2,190,120,0.0137,374.81,240,134.81,75,Retail,Islamabad,CleanHome
2026-07-10,Mineral Water,Beverages,5,80,45,0.0429,382.84,225,157.84,60,Retail,Lahore,CoolBev Ltd
2026-07-10,Mineral Water,Beverages,5,80,45,0.0435,382.59,225,157.59,60,Retail,Karachi,CoolBev Ltd
2026-07-10,Mineral Water,Beverages,8,80,45,0.0414,613.52,360,253.52,60,Retail,Karachi,CoolBev Ltd
2026-07-11,Milk,Dairy,10,180,145,0.0496,1710.72,1450,260.72,12,Retail,Faisalabad,Al-Fajr Dairy
2026-07-11,Milk,Dairy,9,180,145,0.0292,1572.66,1305,267.66,12,Retail,Karachi,Al-Fajr Dairy
2026-07-11,Cooking Oil,Grocery,4,520,430,0.0427,1991.21,1720,271.21,8,Retail,Faisalabad,Pakistan Oil Mills
2026-07-11,Rice,Grocery,3,280,210,0.0153,827.16,630,197.16,18,Retail,Karachi,Punjab Grain Co
2026-07-11,Instant Noodles,Grocery,15,60,42,0.0261,876.49,630,246.49,140,Retail,Faisalabad,City Foods
2026-07-11,Instant Noodles,Grocery,18,60,42,0.026,1051.89,756,295.89,140,Retail,Islamabad,City Foods
2026-07-11,Premium Headphones,Electronics,1,4500,2100,0.0069,4469.05,2100,2369.05,22,Wholesale,Lahore,TechHub
2026-07-11,Smartphone Case,Electronics,8,650,180,0.0515,4931.96,1440,3491.96,55,Retail,Lahore,TechHub
2026-07-11,Energy Drink,Beverages,4,150,95,0.0028,598.34,380,218.34,28,Wholesale,Lahore,CoolBev Ltd
2026-07-11,Green Tea,Beverages,3,220,140,0.0156,649.7,420,229.7,90,Retail,Faisalabad,Highland Tea
2026-07-11,Basmati Gift Box,Grocery,1,1800,900,0.0397,1728.53,900,828.53,16,Retail,Karachi,Punjab Grain Co
2026-07-11,Dish Soap,Household,3,190,120,0.0268,554.72,360,194.72,75,Retail,Lahore,CleanHome
2026-07-11,Mineral Water,Beverages,10,80,45,0.0346,772.28,450,322.28,60,Retail,Karachi,CoolBev Ltd
2026-07-11,Mineral Water,Beverages,8,80,45,0.0409,613.82,360,253.82,60,Retail,Lahore,CoolBev Ltd
2026-07-12,Milk,Dairy,12,180,145,0.0086,2141.42,1740,401.42,12,Wholesale,Islamabad,Al-Fajr Dairy
2026-07-12,Cooking Oil,Grocery,4,520,430,0.042,1992.61,1720,272.61,8,Retail,Lahore,Pakistan Oil Mills
2026-07-12,Rice,Grocery,3,280,210,0.0188,824.19,630,194.19,18,Retail,Karachi,Punjab Grain Co
2026-07-12,Instant Noodles,Grocery,16,60,42,0.0333,928.06,672,256.06,140,Wholesale,Faisalabad,City Foods
2026-07-12,Instant Noodles,Grocery,15,60,42,0.031,872.08,630,242.08,140,Retail,Karachi,City Foods
2026-07-12,Premium Headphones,Electronics,1,4500,2100,0.0399,4320.24,2100,2220.24,22,Retail,Faisalabad,TechHub
2026-07-12,Smartphone Case,Electronics,7,650,180,0.023,4445.53,1260,3185.53,55,Retail,Islamabad,TechHub
2026-07-12,Energy Drink,Beverages,5,150,95,0.0117,741.24,475,266.24,28,Wholesale,Islamabad,CoolBev Ltd
2026-07-12,Green Tea,Beverages,3,220,140,0.027,642.2,420,222.2,90,Retail,Lahore,Highland Tea
2026-07-12,Basmati Gift Box,Grocery,1,1800,900,0.0042,1792.41,900,892.41,16,Retail,Faisalabad,Punjab Grain Co
2026-07-12,Dish Soap,Household,2,190,120,0.008,376.96,240,136.96,75,Retail,Karachi,CleanHome
2026-07-12,Mineral Water,Beverages,6,80,45,0.0176,471.54,270,201.54,60,Retail,Islamabad,CoolBev Ltd
2026-07-13,Milk,Dairy,9,180,145,0.0481,1542.05,1305,237.05,12,Retail,Faisalabad,Al-Fajr Dairy
2026-07-13,Milk,Dairy,8,180,145,0.0029,1435.86,1160,275.86,12,Retail,Islamabad,Al-Fajr Dairy
2026-07-13,Milk,Dairy,7,180,145,0.039,1210.8,1015,195.8,12,Retail,Faisalabad,Al-Fajr Dairy
2026-07-13,Cooking Oil,Grocery,3,520,430,0.0316,1510.76,1290,220.76,8,Retail,Faisalabad,Pakistan Oil Mills
2026-07-13,Rice,Grocery,2,280,210,0.0215,547.97,420,127.97,18,Retail,Faisalabad,Punjab Grain Co
2026-07-13,Instant Noodles,Grocery,15,60,42,0.0064,894.21,630,264.21,140,Retail,Karachi,City Foods
2026-07-13,Premium Headphones,Electronics,1,4500,2100,0.0594,4232.55,2100,2132.55,22,Retail,Faisalabad,TechHub
2026-07-13,Smartphone Case,Electronics,4,650,180,0.0345,2510.33,720,1790.33,55,Retail,Lahore,TechHub
2026-07-13,Energy Drink,Beverages,4,150,95,0.0073,595.64,380,215.64,28,Retail,Islamabad,CoolBev Ltd
2026-07-13,Green Tea,Beverages,2,220,140,0.0166,432.69,280,152.69,90,Retail,Islamabad,Highland Tea
2026-07-13,Basmati Gift Box,Grocery,1,1800,900,0.0562,1698.78,900,798.78,16,Retail,Lahore,Punjab Grain Co
2026-07-13,Dish Soap,Household,2,190,120,0.0415,364.24,240,124.24,75,Wholesale,Karachi,CleanHome
2026-07-13,Mineral Water,Beverages,6,80,45,0.0355,462.97,270,192.97,60,Retail,Faisalabad,CoolBev Ltd
2026-07-13,Mineral Water,Beverages,6,80,45,0.0291,466.04,270,196.04,60,Retail,Lahore,CoolBev Ltd
2026-07-13,Mineral Water,Beverages,6,80,45,0.0352,463.11,270,193.11,60,Wholesale,Lahore,CoolBev Ltd
2026-07-14,Milk,Dairy,7,180,145,0.0433,1205.4,1015,190.4,12,Retail,Faisalabad,Al-Fajr Dairy
2026-07-14,Cooking Oil,Grocery,4,520,430,0.0851,1903.05,1720,183.05,8,Retail,Islamabad,Pakistan Oil Mills
2026-07-14,Rice,Grocery,3,280,210,0.0239,819.96,630,189.96,18,Wholesale,Faisalabad,Punjab Grain Co
2026-07-14,Instant Noodles,Grocery,14,60,42,0.0442,802.84,588,214.84,140,Retail,Faisalabad,City Foods
2026-07-14,Instant Noodles,Grocery,15,60,42,0.0257,876.86,630,246.86,140,Retail,Faisalabad,City Foods
2026-07-14,Instant Noodles,Grocery,14,60,42,0.0445,802.63,588,214.63,140,Retail,Faisalabad,City Foods
2026-07-14,Premium Headphones,Electronics,1,4500,2100,0.0452,4296.39,2100,2196.39,22,Retail,Faisalabad,TechHub
2026-07-14,Smartphone Case,Electronics,5,650,180,0.0262,3164.98,900,2264.98,55,Wholesale,Islamabad,TechHub
2026-07-14,Energy Drink,Beverages,4,150,95,0.0336,579.86,380,199.86,28,Retail,Faisalabad,CoolBev Ltd
2026-07-14,Green Tea,Beverages,2,220,140,0.0285,427.44,280,147.44,90,Wholesale,Karachi,Highland Tea
2026-07-14,Basmati Gift Box,Grocery,1,1800,900,0.0212,1761.83,900,861.83,16,Wholesale,Islamabad,Punjab Grain Co
2026-07-14,Dish Soap,Household,2,190,120,0.0413,364.3,240,124.3,75,Retail,Islamabad,CleanHome
2026-07-14,Mineral Water,Beverages,7,80,45,0.0017,559.03,315,244.03,60,Retail,Lahore,CoolBev Ltd
2026-07-14,Mineral Water,Beverages,5,80,45,0.0302,387.93,225,162.93,60,Retail,Lahore,CoolBev Ltd
2026-07-15,Milk,Dairy,7,180,145,0.0485,1198.84,1015,183.84,12,Retail,Faisalabad,Al-Fajr Dairy
2026-07-15,Milk,Dairy,6,180,145,0.0391,1037.78,870,167.78,12,Retail,Karachi,Al-Fajr Dairy
2026-07-15,Milk,Dairy,4,180,145,0.0703,669.38,580,89.38,12,Retail,Faisalabad,Al-Fajr Dairy
2026-07-15,Cooking Oil,Grocery,4,520,430,0.0271,2023.57,1720,303.57,8,Retail,Faisalabad,Pakistan Oil Mills
2026-07-15,Rice,Grocery,2,280,210,0.0187,549.53,420,129.53,18,Wholesale,Islamabad,Punjab Grain Co
2026-07-15,Instant Noodles,Grocery,14,60,42,0.0348,810.8,588,222.8,140,Retail,Faisalabad,City Foods
2026-07-15,Instant Noodles,Grocery,17,60,42,0.0062,1013.64,714,299.64,140,Retail,Islamabad,City Foods
2026-07-15,Instant Noodles,Grocery,20,60,42,0.0627,1124.82,840,284.82,140,Retail,Islamabad,City Foods
2026-07-15,Premium Headphones,Electronics,1,4500,2100,0.0533,4260.01,2100,2160.01,22,Retail,Islamabad,TechHub
2026-07-15,Smartphone Case,Electronics,3,650,180,0.0601,1832.88,540,1292.88,55,Retail,Faisalabad,TechHub
2026-07-15,Energy Drink,Beverages,4,150,95,0.0055,596.7,380,216.7,28,Retail,Faisalabad,CoolBev Ltd
2026-07-15,Green Tea,Beverages,2,220,140,0.0489,418.48,280,138.48,90,Retail,Lahore,Highland Tea
2026-07-15,Basmati Gift Box,Grocery,1,1800,900,0.0131,1776.37,900,876.37,16,Retail,Islamabad,Punjab Grain Co
2026-07-15,Dish Soap,Household,3,190,120,0.0233,556.71,360,196.71,75,Retail,Lahore,CleanHome
2026-07-15,Mineral Water,Beverages,5,80,45,0.0149,394.06,225,169.06,60,Wholesale,Faisalabad,CoolBev Ltd
2026-07-15,Mineral Water,Beverages,8,80,45,0.0,640.0,360,280.0,60,Wholesale,Faisalabad,CoolBev Ltd
2026-07-15,Mineral Water,Beverages,8,80,45,0.0319,619.61,360,259.61,60,Retail,Lahore,CoolBev Ltd
2026-07-16,Milk,Dairy,8,180,145,0.0197,1411.61,1160,251.61,12,Wholesale,Karachi,Al-Fajr Dairy
2026-07-16,Milk,Dairy,7,180,145,0.0186,1236.53,1015,221.53,12,Wholesale,Faisalabad,Al-Fajr Dairy
2026-07-16,Milk,Dairy,7,180,145,0.0105,1246.82,1015,231.82,12,Wholesale,Karachi,Al-Fajr Dairy
2026-07-16,Cooking Oil,Grocery,3,520,430,0.0325,1509.23,1290,219.23,8,Retail,Lahore,Pakistan Oil Mills
2026-07-16,Rice,Grocery,2,280,210,0.0484,532.9,420,112.9,18,Retail,Karachi,Punjab Grain Co
2026-07-16,Instant Noodles,Grocery,13,60,42,0.0306,756.17,546,210.17,140,Retail,Faisalabad,City Foods
2026-07-16,Instant Noodles,Grocery,9,60,42,0.0281,524.84,378,146.84,140,Retail,Lahore,City Foods
2026-07-16,Premium Headphones,Electronics,1,4500,2100,0.0257,4384.16,2100,2284.16,22,Retail,Islamabad,TechHub
2026-07-16,Smartphone Case,Electronics,5,650,180,0.0613,3050.72,900,2150.72,55,Retail,Lahore,TechHub
2026-07-16,Energy Drink,Beverages,5,150,95,0.0228,732.9,475,257.9,28,Wholesale,Islamabad,CoolBev Ltd
2026-07-16,Green Tea,Beverages,2,220,140,0.0068,437.0,280,157.0,90,Retail,Lahore,Highland Tea
2026-07-16,Basmati Gift Box,Grocery,1,1800,900,0.0166,1770.18,900,870.18,16,Retail,Lahore,Punjab Grain Co
2026-07-16,Dish Soap,Household,2,190,120,0.0454,362.74,240,122.74,75,Retail,Lahore,CleanHome
2026-07-16,Mineral Water,Beverages,6,80,45,0.0426,459.53,270,189.53,60,Retail,Lahore,CoolBev Ltd
2026-07-16,Mineral Water,Beverages,7,80,45,0.0322,541.97,315,226.97,60,Retail,Faisalabad,CoolBev Ltd
2026-07-16,Mineral Water,Beverages,7,80,45,0.0282,544.18,315,229.18,60,Retail,Faisalabad,CoolBev Ltd
2026-07-17,Milk,Dairy,8,180,145,0.0145,1419.07,1160,259.07,12,Wholesale,Islamabad,Al-Fajr Dairy
2026-07-17,Milk,Dairy,8,180,145,0.0239,1405.53,1160,245.53,12,Retail,Karachi,Al-Fajr Dairy
2026-07-17,Cooking Oil,Grocery,3,520,430,0.0505,1481.27,1290,191.27,8,Wholesale,Karachi,Pakistan Oil Mills
2026-07-17,Rice,Grocery,2,280,210,0.0225,547.39,420,127.39,18,Retail,Lahore,Punjab Grain Co
2026-07-17,Instant Noodles,Grocery,14,60,42,0.0406,805.88,588,217.88,140,Wholesale,Lahore,City Foods
2026-07-17,Instant Noodles,Grocery,15,60,42,0.0645,841.98,630,211.98,140,Retail,Karachi,City Foods
2026-07-17,Instant Noodles,Grocery,15,60,42,0.0343,869.14,630,239.14,140,Retail,Karachi,City Foods
2026-07-17,Premium Headphones,Electronics,1,4500,2100,0.0362,4337.15,2100,2237.15,22,Retail,Islamabad,TechHub
2026-07-17,Smartphone Case,Electronics,5,650,180,0.0078,3224.6,900,2324.6,55,Wholesale,Karachi,TechHub
2026-07-17,Energy Drink,Beverages,4,150,95,0.0103,593.84,380,213.84,28,Retail,Karachi,CoolBev Ltd
2026-07-17,Green Tea,Beverages,3,220,140,0.0353,636.72,420,216.72,90,Retail,Lahore,Highland Tea
2026-07-17,Basmati Gift Box,Grocery,1,1800,900,0.0579,1695.75,900,795.75,16,Retail,Lahore,Punjab Grain Co
2026-07-17,Dish Soap,Household,2,190,120,0.0702,353.33,240,113.33,75,Retail,Karachi,CleanHome
2026-07-17,Mineral Water,Beverages,5,80,45,0.0094,396.24,225,171.24,60,Wholesale,Lahore,CoolBev Ltd
2026-07-18,Milk,Dairy,9,180,145,0.0449,1547.31,1305,242.31,12,Retail,Lahore,Al-Fajr Dairy
2026-07-18,Cooking Oil,Grocery,3,520,430,0.0377,1501.16,1290,211.16,8,Wholesale,Lahore,Pakistan Oil Mills
2026-07-18,Rice,Grocery,3,280,210,0.0031,837.37,630,207.37,18,Retail,Karachi,Punjab Grain Co
2026-07-18,Instant Noodles,Grocery,20,60,42,0.0421,1149.46,840,309.46,140,Retail,Faisalabad,City Foods
2026-07-18,Instant Noodles,Grocery,14,60,42,0.0303,814.54,588,226.54,140,Retail,Islamabad,City Foods
2026-07-18,Instant Noodles,Grocery,19,60,42,0.0198,1117.48,798,319.48,140,Wholesale,Faisalabad,City Foods
2026-07-18,Premium Headphones,Electronics,1,4500,2100,0.0341,4346.54,2100,2246.54,22,Retail,Islamabad,TechHub
2026-07-18,Smartphone Case,Electronics,6,650,180,0.0709,3623.57,1080,2543.57,55,Retail,Karachi,TechHub
2026-07-18,Energy Drink,Beverages,5,150,95,0.0255,730.9,475,255.9,28,Wholesale,Lahore,CoolBev Ltd
2026-07-18,Green Tea,Beverages,3,220,140,0.0528,625.15,420,205.15,90,Wholesale,Islamabad,Highland Tea
2026-07-18,Basmati Gift Box,Grocery,1,1800,900,0.0276,1750.24,900,850.24,16,Retail,Karachi,Punjab Grain Co
2026-07-18,Dish Soap,Household,3,190,120,0.0,570.0,360,210.0,75,Retail,Karachi,CleanHome
2026-07-18,Mineral Water,Beverages,3,80,45,0.0437,229.5,135,94.5,60,Retail,Lahore,CoolBev Ltd
2026-07-18,Mineral Water,Beverages,3,80,45,0.0497,228.07,135,93.07,60,Retail,Islamabad,CoolBev Ltd
2026-07-19,Milk,Dairy,11,180,145,0.0461,1888.71,1595,293.71,12,Retail,Karachi,Al-Fajr Dairy
2026-07-19,Milk,Dairy,9,180,145,0.0149,1595.81,1305,290.81,12,Retail,Lahore,Al-Fajr Dairy
2026-07-19,Cooking Oil,Grocery,3,520,430,0.031,1511.65,1290,221.65,8,Retail,Faisalabad,Pakistan Oil Mills
2026-07-19,Rice,Grocery,2,280,210,0.0293,543.62,420,123.62,18,Retail,Karachi,Punjab Grain Co
2026-07-19,Instant Noodles,Grocery,17,60,42,0.0236,995.95,714,281.95,140,Retail,Faisalabad,City Foods
2026-07-19,Instant Noodles,Grocery,21,60,42,0.0,1260.0,882,378.0,140,Retail,Faisalabad,City Foods
2026-07-19,Premium Headphones,Electronics,1,4500,2100,0.0319,4356.35,2100,2256.35,22,Retail,Lahore,TechHub
2026-07-19,Smartphone Case,Electronics,5,650,180,0.0116,3212.17,900,2312.17,55,Wholesale,Karachi,TechHub
2026-07-19,Energy Drink,Beverages,5,150,95,0.061,704.23,475,229.23,28,Retail,Karachi,CoolBev Ltd
2026-07-19,Green Tea,Beverages,3,220,140,0.0795,607.52,420,187.52,90,Retail,Faisalabad,Highland Tea
2026-07-19,Basmati Gift Box,Grocery,1,1800,900,0.0429,1722.73,900,822.73,16,Wholesale,Faisalabad,Punjab Grain Co
2026-07-19,Dish Soap,Household,3,190,120,0.0339,550.69,360,190.69,75,Retail,Lahore,CleanHome
2026-07-19,Mineral Water,Beverages,7,80,45,0.0365,539.55,315,224.55,60,Retail,Islamabad,CoolBev Ltd
2026-07-20,Milk,Dairy,8,180,145,0.0471,1372.15,1160,212.15,12,Retail,Faisalabad,Al-Fajr Dairy
2026-07-20,Milk,Dairy,7,180,145,0.049,1198.31,1015,183.31,12,Wholesale,Islamabad,Al-Fajr Dairy
2026-07-20,Milk,Dairy,6,180,145,0.0203,1058.05,870,188.05,12,Retail,Karachi,Al-Fajr Dairy
2026-07-20,Cooking Oil,Grocery,3,520,430,0.0665,1456.31,1290,166.31,8,Wholesale,Karachi,Pakistan Oil Mills
2026-07-20,Rice,Grocery,2,280,210,0.0239,546.62,420,126.62,18,Retail,Karachi,Punjab Grain Co
2026-07-20,Instant Noodles,Grocery,18,60,42,0.0093,1069.96,756,313.96,140,Wholesale,Lahore,City Foods
2026-07-20,Premium Headphones,Electronics,1,4500,2100,0.0274,4376.66,2100,2276.66,22,Retail,Lahore,TechHub
2026-07-20,Smartphone Case,Electronics,5,650,180,0.0521,3080.78,900,2180.78,55,Retail,Islamabad,TechHub
2026-07-20,Energy Drink,Beverages,5,150,95,0.0058,745.63,475,270.63,28,Retail,Faisalabad,CoolBev Ltd
2026-07-20,Green Tea,Beverages,2,220,140,0.0306,426.52,280,146.52,90,Retail,Islamabad,Highland Tea
2026-07-20,Basmati Gift Box,Grocery,1,1800,900,0.0087,1784.34,900,884.34,16,Retail,Faisalabad,Punjab Grain Co
2026-07-20,Dish Soap,Household,2,190,120,0.0098,376.29,240,136.29,75,Retail,Islamabad,CleanHome
2026-07-20,Mineral Water,Beverages,4,80,45,0.0306,310.2,180,130.2,60,Retail,Lahore,CoolBev Ltd
2026-07-20,Mineral Water,Beverages,8,80,45,0.0,640.0,360,280.0,60,Retail,Karachi,CoolBev Ltd
2026-07-21,Milk,Dairy,6,180,145,0.0061,1073.37,870,203.37,12,Wholesale,Faisalabad,Al-Fajr Dairy
2026-07-21,Milk,Dairy,9,180,145,0.042,1551.97,1305,246.97,12,Retail,Islamabad,Al-Fajr Dairy
2026-07-21,Cooking Oil,Grocery,4,520,430,0.0,2080.0,1720,360.0,8,Retail,Lahore,Pakistan Oil Mills
2026-07-21,Rice,Grocery,2,280,210,0.0316,542.32,420,122.32,18,Retail,Lahore,Punjab Grain Co
2026-07-21,Instant Noodles,Grocery,14,60,42,0.0304,814.42,588,226.42,140,Retail,Faisalabad,City Foods
2026-07-21,Premium Headphones,Electronics,1,4500,2100,0.0243,4390.59,2100,2290.59,22,Retail,Faisalabad,TechHub
2026-07-21,Smartphone Case,Electronics,5,650,180,0.0189,3188.64,900,2288.64,55,Retail,Faisalabad,TechHub
2026-07-21,Energy Drink,Beverages,5,150,95,0.0079,744.04,475,269.04,28,Wholesale,Lahore,CoolBev Ltd
2026-07-21,Green Tea,Beverages,2,220,140,0.0231,429.84,280,149.84,90,Retail,Lahore,Highland Tea
2026-07-21,Basmati Gift Box,Grocery,1,1800,900,0.0199,1764.12,900,864.12,16,Retail,Karachi,Punjab Grain Co
2026-07-21,Dish Soap,Household,2,190,120,0.0319,367.87,240,127.87,75,Wholesale,Karachi,CleanHome
2026-07-21,Mineral Water,Beverages,6,80,45,0.0,480.0,270,210.0,60,Wholesale,Faisalabad,CoolBev Ltd
2026-07-21,Mineral Water,Beverages,6,80,45,0.0508,455.63,270,185.63,60,Retail,Faisalabad,CoolBev Ltd
2026-07-22,Milk,Dairy,8,180,145,0.008,1428.53,1160,268.53,12,Retail,Islamabad,Al-Fajr Dairy
2026-07-22,Milk,Dairy,6,180,145,0.0063,1073.19,870,203.19,12,Retail,Faisalabad,Al-Fajr Dairy
2026-07-22,Cooking Oil,Grocery,4,520,430,0.0336,2010.07,1720,290.07,8,Retail,Lahore,Pakistan Oil Mills
2026-07-22,Rice,Grocery,2,280,210,0.051,531.46,420,111.46,18,Retail,Karachi,Punjab Grain Co
2026-07-22,Instant Noodles,Grocery,15,60,42,0.0343,869.1,630,239.1,140,Wholesale,Islamabad,City Foods
2026-07-22,Premium Headphones,Electronics,1,4500,2100,0.0152,4431.53,2100,2331.53,22,Retail,Faisalabad,TechHub
2026-07-22,Smartphone Case,Electronics,6,650,180,0.0183,3828.54,1080,2748.54,55,Retail,Faisalabad,TechHub
2026-07-22,Energy Drink,Beverages,5,150,95,0.0234,732.47,475,257.47,28,Retail,Karachi,CoolBev Ltd
2026-07-22,Green Tea,Beverages,3,220,140,0.0209,646.22,420,226.22,90,Retail,Karachi,Highland Tea
2026-07-22,Basmati Gift Box,Grocery,1,1800,900,0.0594,1693.09,900,793.09,16,Wholesale,Lahore,Punjab Grain Co
2026-07-22,Dish Soap,Household,2,190,120,0.0061,377.69,240,137.69,75,Wholesale,Lahore,CleanHome
2026-07-22,Mineral Water,Beverages,4,80,45,0.0427,306.33,180,126.33,60,Wholesale,Islamabad,CoolBev Ltd
2026-07-22,Mineral Water,Beverages,6,80,45,0.0359,462.78,270,192.78,60,Retail,Lahore,CoolBev Ltd
2026-07-22,Mineral Water,Beverages,7,80,45,0.0421,536.43,315,221.43,60,Retail,Karachi,CoolBev Ltd
2026-07-23,Milk,Dairy,7,180,145,0.0252,1228.26,1015,213.26,12,Retail,Karachi,Al-Fajr Dairy
2026-07-23,Milk,Dairy,7,180,145,0.0307,1221.29,1015,206.29,12,Retail,Islamabad,Al-Fajr Dairy
2026-07-23,Milk,Dairy,7,180,145,0.0602,1184.2,1015,169.2,12,Retail,Faisalabad,Al-Fajr Dairy
2026-07-23,Cooking Oil,Grocery,3,520,430,0.026,1519.38,1290,229.38,8,Retail,Lahore,Pakistan Oil Mills
2026-07-23,Rice,Grocery,2,280,210,0.0235,546.86,420,126.86,18,Retail,Islamabad,Punjab Grain Co
2026-07-23,Instant Noodles,Grocery,15,60,42,0.0439,860.47,630,230.47,140,Wholesale,Karachi,City Foods
2026-07-23,Instant Noodles,Grocery,14,60,42,0.0756,776.49,588,188.49,140,Retail,Karachi,City Foods
2026-07-23,Instant Noodles,Grocery,11,60,42,0.0188,647.62,462,185.62,140,Retail,Islamabad,City Foods
2026-07-23,Premium Headphones,Electronics,1,4500,2100,0.0111,4450.25,2100,2350.25,22,Retail,Karachi,TechHub
2026-07-23,Smartphone Case,Electronics,4,650,180,0.021,2545.3,720,1825.3,55,Retail,Islamabad,TechHub
2026-07-23,Energy Drink,Beverages,5,150,95,0.0533,710.0,475,235.0,28,Retail,Faisalabad,CoolBev Ltd
2026-07-23,Green Tea,Beverages,3,220,140,0.0027,658.2,420,238.2,90,Retail,Islamabad,Highland Tea
2026-07-23,Basmati Gift Box,Grocery,1,1800,900,0.0302,1745.67,900,845.67,16,Retail,Lahore,Punjab Grain Co
2026-07-23,Dish Soap,Household,2,190,120,0.0205,372.22,240,132.22,75,Retail,Faisalabad,CleanHome
2026-07-23,Mineral Water,Beverages,7,80,45,0.0204,548.55,315,233.55,60,Retail,Faisalabad,CoolBev Ltd
2026-07-24,Milk,Dairy,6,180,145,0.0535,1022.17,870,152.17,12,Retail,Lahore,Al-Fajr Dairy
2026-07-24,Milk,Dairy,6,180,145,0.0547,1020.9,870,150.9,12,Retail,Islamabad,Al-Fajr Dairy
2026-07-24,Milk,Dairy,9,180,145,0.0581,1525.92,1305,220.92,12,Retail,Faisalabad,Al-Fajr Dairy
2026-07-24,Cooking Oil,Grocery,2,520,430,0.0758,961.18,860,101.18,8,Retail,Faisalabad,Pakistan Oil Mills
2026-07-24,Rice,Grocery,2,280,210,0.0491,532.49,420,112.49,18,Retail,Islamabad,Punjab Grain Co
2026-07-24,Instant Noodles,Grocery,18,60,42,0.0168,1061.91,756,305.91,140,Wholesale,Karachi,City Foods
2026-07-24,Instant Noodles,Grocery,11,60,42,0.0433,631.4,462,169.4,140,Retail,Karachi,City Foods
2026-07-24,Instant Noodles,Grocery,17,60,42,0.0356,983.67,714,269.67,140,Retail,Faisalabad,City Foods
2026-07-24,Premium Headphones,Electronics,1,4500,2100,0.0126,4443.14,2100,2343.14,22,Wholesale,Karachi,TechHub
2026-07-24,Smartphone Case,Electronics,6,650,180,0.0189,3826.42,1080,2746.42,55,Retail,Karachi,TechHub
2026-07-24,Energy Drink,Beverages,5,150,95,0.0302,727.38,475,252.38,28,Retail,Lahore,CoolBev Ltd
2026-07-24,Green Tea,Beverages,2,220,140,0.0144,433.67,280,153.67,90,Retail,Lahore,Highland Tea
2026-07-24,Basmati Gift Box,Grocery,1,1800,900,0.0374,1732.76,900,832.76,16,Retail,Karachi,Punjab Grain Co
2026-07-24,Dish Soap,Household,1,190,120,0.0,190.0,120,70.0,75,Wholesale,Lahore,CleanHome
2026-07-24,Mineral Water,Beverages,5,80,45,0.0473,381.09,225,156.09,60,Retail,Karachi,CoolBev Ltd
2026-07-25,Milk,Dairy,9,180,145,0.0543,1532.04,1305,227.04,12,Retail,Faisalabad,Al-Fajr Dairy
2026-07-25,Cooking Oil,Grocery,4,520,430,0.0584,1958.61,1720,238.61,8,Wholesale,Lahore,Pakistan Oil Mills
2026-07-25,Rice,Grocery,3,280,210,0.0163,826.31,630,196.31,18,Retail,Lahore,Punjab Grain Co
2026-07-25,Instant Noodles,Grocery,19,60,42,0.0326,1102.8,798,304.8,140,Retail,Islamabad,City Foods
2026-07-25,Instant Noodles,Grocery,18,60,42,0.0211,1057.16,756,301.16,140,Retail,Faisalabad,City Foods
2026-07-25,Instant Noodles,Grocery,17,60,42,0.0001,1019.93,714,305.93,140,Retail,Lahore,City Foods
2026-07-25,Premium Headphones,Electronics,1,4500,2100,0.0424,4309.38,2100,2209.38,22,Retail,Faisalabad,TechHub
2026-07-25,Smartphone Case,Electronics,6,650,180,0.0327,3772.35,1080,2692.35,55,Wholesale,Karachi,TechHub
2026-07-25,Energy Drink,Beverages,6,150,95,0.0332,870.15,570,300.15,28,Wholesale,Faisalabad,CoolBev Ltd
2026-07-25,Green Tea,Beverages,3,220,140,0.0385,634.59,420,214.59,90,Retail,Karachi,Highland Tea
2026-07-25,Basmati Gift Box,Grocery,1,1800,900,0.0027,1795.07,900,895.07,16,Wholesale,Faisalabad,Punjab Grain Co
2026-07-25,Dish Soap,Household,2,190,120,0.0604,357.05,240,117.05,75,Retail,Karachi,CleanHome
2026-07-25,Mineral Water,Beverages,8,80,45,0.0333,618.67,360,258.67,60,Wholesale,Islamabad,CoolBev Ltd
2026-07-25,Mineral Water,Beverages,9,80,45,0.0532,681.72,405,276.72,60,Wholesale,Islamabad,CoolBev Ltd
2026-07-26,Milk,Dairy,10,180,145,0.0463,1716.62,1450,266.62,12,Retail,Karachi,Al-Fajr Dairy
2026-07-26,Milk,Dairy,8,180,145,0.0527,1364.16,1160,204.16,12,Wholesale,Karachi,Al-Fajr Dairy
2026-07-26,Cooking Oil,Grocery,4,520,430,0.0247,2028.56,1720,308.56,8,Wholesale,Islamabad,Pakistan Oil Mills
2026-07-26,Rice,Grocery,3,280,210,0.0196,823.58,630,193.58,18,Retail,Lahore,Punjab Grain Co
2026-07-26,Instant Noodles,Grocery,19,60,42,0.0406,1093.68,798,295.68,140,Wholesale,Islamabad,City Foods
2026-07-26,Instant Noodles,Grocery,16,60,42,0.0282,932.9,672,260.9,140,Retail,Faisalabad,City Foods
2026-07-26,Instant Noodles,Grocery,17,60,42,0.0002,1019.77,714,305.77,140,Retail,Lahore,City Foods
2026-07-26,Premium Headphones,Electronics,1,4500,2100,0.0245,4389.94,2100,2289.94,22,Retail,Faisalabad,TechHub
2026-07-26,Smartphone Case,Electronics,6,650,180,0.0073,3871.59,1080,2791.59,55,Retail,Faisalabad,TechHub
2026-07-26,Energy Drink,Beverages,6,150,95,0.0,900.0,570,330.0,28,Retail,Karachi,CoolBev Ltd
2026-07-26,Green Tea,Beverages,2,220,140,0.0276,427.83,280,147.83,90,Retail,Lahore,Highland Tea
2026-07-26,Basmati Gift Box,Grocery,1,1800,900,0.0069,1787.66,900,887.66,16,Retail,Karachi,Punjab Grain Co
2026-07-26,Dish Soap,Household,3,190,120,0.0217,557.62,360,197.62,75,Retail,Faisalabad,CleanHome
2026-07-26,Mineral Water,Beverages,5,80,45,0.0093,396.29,225,171.29,60,Retail,Karachi,CoolBev Ltd
2026-07-26,Mineral Water,Beverages,9,80,45,0.0559,679.75,405,274.75,60,Wholesale,Lahore,CoolBev Ltd
2026-07-27,Milk,Dairy,7,180,145,0.0,1260.0,1015,245.0,12,Retail,Karachi,Al-Fajr Dairy
2026-07-27,Milk,Dairy,9,180,145,0.0547,1531.43,1305,226.43,12,Retail,Faisalabad,Al-Fajr Dairy
2026-07-27,Milk,Dairy,6,180,145,0.0195,1058.95,870,188.95,12,Retail,Karachi,Al-Fajr Dairy
2026-07-27,Cooking Oil,Grocery,2,520,430,0.007,1032.68,860,172.68,8,Retail,Islamabad,Pakistan Oil Mills
2026-07-27,Rice,Grocery,2,280,210,0.0064,556.44,420,136.44,18,Retail,Karachi,Punjab Grain Co
2026-07-27,Instant Noodles,Grocery,13,60,42,0.0071,774.47,546,228.47,140,Retail,Karachi,City Foods
2026-07-27,Premium Headphones,Electronics,1,4500,2100,0.0579,4239.24,2100,2139.24,22,Retail,Lahore,TechHub
2026-07-27,Smartphone Case,Electronics,4,650,180,0.0197,2548.67,720,1828.67,55,Retail,Faisalabad,TechHub
2026-07-27,Energy Drink,Beverages,6,150,95,0.0,900.0,570,330.0,28,Retail,Faisalabad,CoolBev Ltd
2026-07-27,Green Tea,Beverages,2,220,140,0.0093,435.89,280,155.89,90,Retail,Islamabad,Highland Tea
2026-07-27,Basmati Gift Box,Grocery,1,1800,900,0.0207,1762.79,900,862.79,16,Retail,Islamabad,Punjab Grain Co
2026-07-27,Dish Soap,Household,2,190,120,0.0286,369.14,240,129.14,75,Retail,Faisalabad,CleanHome
2026-07-27,Mineral Water,Beverages,8,80,45,0.0399,614.49,360,254.49,60,Wholesale,Lahore,CoolBev Ltd
2026-07-28,Milk,Dairy,6,180,145,0.0652,1009.62,870,139.62,12,Retail,Lahore,Al-Fajr Dairy
2026-07-28,Cooking Oil,Grocery,3,520,430,0.0444,1490.73,1290,200.73,8,Retail,Lahore,Pakistan Oil Mills
2026-07-28,Rice,Grocery,2,280,210,0.0417,536.67,420,116.67,18,Retail,Lahore,Punjab Grain Co
2026-07-28,Instant Noodles,Grocery,17,60,42,0.056,962.88,714,248.88,140,Wholesale,Lahore,City Foods
2026-07-28,Premium Headphones,Electronics,1,4500,2100,0.0722,4175.1,2100,2075.1,22,Retail,Lahore,TechHub
2026-07-28,Smartphone Case,Electronics,3,650,180,0.0413,1869.46,540,1329.46,55,Retail,Faisalabad,TechHub
2026-07-28,Energy Drink,Beverages,5,150,95,0.05,712.51,475,237.51,28,Wholesale,Islamabad,CoolBev Ltd
2026-07-28,Green Tea,Beverages,2,220,140,0.0,440.0,280,160.0,90,Retail,Faisalabad,Highland Tea
2026-07-28,Basmati Gift Box,Grocery,1,1800,900,0.0044,1792.0,900,892.0,16,Retail,Faisalabad,Punjab Grain Co
2026-07-28,Dish Soap,Household,3,190,120,0.0268,554.71,360,194.71,75,Retail,Islamabad,CleanHome
2026-07-28,Mineral Water,Beverages,6,80,45,0.0081,476.11,270,206.11,60,Retail,Karachi,CoolBev Ltd
2026-07-28,Mineral Water,Beverages,7,80,45,0.0479,533.19,315,218.19,60,Retail,Karachi,CoolBev Ltd
2026-07-29,Milk,Dairy,6,180,145,0.0438,1032.69,870,162.69,12,Wholesale,Islamabad,Al-Fajr Dairy
2026-07-29,Cooking Oil,Grocery,3,520,430,0.0241,1522.39,1290,232.39,8,Retail,Lahore,Pakistan Oil Mills
2026-07-29,Rice,Grocery,2,280,210,0.0016,559.08,420,139.08,18,Retail,Islamabad,Punjab Grain Co
2026-07-29,Instant Noodles,Grocery,19,60,42,0.0511,1081.76,798,283.76,140,Retail,Lahore,City Foods
2026-07-29,Instant Noodles,Grocery,18,60,42,0.057,1018.45,756,262.45,140,Retail,Karachi,City Foods
2026-07-29,Smartphone Case,Electronics,4,650,180,0.0524,2463.63,720,1743.63,55,Retail,Islamabad,TechHub
2026-07-29,Energy Drink,Beverages,4,150,95,0.065,560.98,380,180.98,28,Retail,Karachi,CoolBev Ltd
2026-07-29,Green Tea,Beverages,2,220,140,0.0217,430.47,280,150.47,90,Retail,Karachi,Highland Tea
2026-07-29,Basmati Gift Box,Grocery,1,1800,900,0.0491,1711.65,900,811.65,16,Retail,Faisalabad,Punjab Grain Co
2026-07-29,Dish Soap,Household,3,190,120,0.0402,547.1,360,187.1,75,Retail,Faisalabad,CleanHome
2026-07-29,Mineral Water,Beverages,4,80,45,0.0508,303.76,180,123.76,60,Retail,Karachi,CoolBev Ltd
2026-07-29,Mineral Water,Beverages,5,80,45,0.0258,389.67,225,164.67,60,Retail,Karachi,CoolBev Ltd
2026-07-30,Milk,Dairy,5,180,145,0.0677,839.06,725,114.06,12,Wholesale,Karachi,Al-Fajr Dairy
2026-07-30,Milk,Dairy,7,180,145,0.0241,1229.64,1015,214.64,12,Retail,Lahore,Al-Fajr Dairy
2026-07-30,Cooking Oil,Grocery,3,520,430,0.0365,1503.13,1290,213.13,8,Retail,Islamabad,Pakistan Oil Mills
2026-07-30,Rice,Grocery,2,280,210,0.0066,556.29,420,136.29,18,Wholesale,Lahore,Punjab Grain Co
2026-07-30,Instant Noodles,Grocery,19,60,42,0.0312,1104.45,798,306.45,140,Retail,Islamabad,City Foods
2026-07-30,Instant Noodles,Grocery,9,60,42,0.0181,530.25,378,152.25,140,Wholesale,Islamabad,City Foods
2026-07-30,Instant Noodles,Grocery,15,60,42,0.0,900.0,630,270.0,140,Retail,Karachi,City Foods
2026-07-30,Premium Headphones,Electronics,1,4500,2100,0.0557,4249.46,2100,2149.46,22,Retail,Lahore,TechHub
2026-07-30,Smartphone Case,Electronics,3,650,180,0.0101,1930.37,540,1390.37,55,Retail,Faisalabad,TechHub
2026-07-30,Energy Drink,Beverages,5,150,95,0.0,750.0,475,275.0,28,Retail,Karachi,CoolBev Ltd
2026-07-30,Green Tea,Beverages,3,220,140,0.0301,640.1,420,220.1,90,Wholesale,Lahore,Highland Tea
2026-07-30,Basmati Gift Box,Grocery,1,1800,900,0.0,1800.0,900,900.0,16,Retail,Faisalabad,Punjab Grain Co
2026-07-30,Dish Soap,Household,2,190,120,0.0321,367.82,240,127.82,75,Retail,Karachi,CleanHome
2026-07-30,Mineral Water,Beverages,5,80,45,0.0537,378.51,225,153.51,60,Retail,Faisalabad,CoolBev Ltd
2026-07-31,Milk,Dairy,8,180,145,0.0173,1415.09,1160,255.09,12,Retail,Faisalabad,Al-Fajr Dairy
2026-07-31,Milk,Dairy,5,180,145,0.0611,845.01,725,120.01,12,Retail,Islamabad,Al-Fajr Dairy
2026-07-31,Milk,Dairy,7,180,145,0.0431,1205.69,1015,190.69,12,Wholesale,Faisalabad,Al-Fajr Dairy
2026-07-31,Cooking Oil,Grocery,3,520,430,0.0219,1525.83,1290,235.83,8,Retail,Lahore,Pakistan Oil Mills
2026-07-31,Rice,Grocery,2,280,210,0.0185,549.63,420,129.63,18,Wholesale,Islamabad,Punjab Grain Co
2026-07-31,Instant Noodles,Grocery,20,60,42,0.0388,1153.47,840,313.47,140,Wholesale,Lahore,City Foods
2026-07-31,Instant Noodles,Grocery,12,60,42,0.0405,690.84,504,186.84,140,Retail,Islamabad,City Foods
2026-07-31,Instant Noodles,Grocery,15,60,42,0.0438,860.61,630,230.61,140,Wholesale,Islamabad,City Foods
2026-07-31,Premium Headphones,Electronics,1,4500,2100,0.0781,4148.34,2100,2048.34,22,Retail,Karachi,TechHub
2026-07-31,Smartphone Case,Electronics,6,650,180,0.0453,3723.39,1080,2643.39,55,Retail,Lahore,TechHub
2026-07-31,Energy Drink,Beverages,3,150,95,0.0574,424.17,285,139.17,28,Retail,Karachi,CoolBev Ltd
2026-07-31,Green Tea,Beverages,2,220,140,0.0412,421.86,280,141.86,90,Retail,Lahore,Highland Tea
2026-07-31,Basmati Gift Box,Grocery,1,1800,900,0.0197,1764.45,900,864.45,16,Wholesale,Karachi,Punjab Grain Co
2026-07-31,Dish Soap,Household,2,190,120,0.0471,362.11,240,122.11,75,Wholesale,Lahore,CleanHome
2026-07-31,Mineral Water,Beverages,6,80,45,0.0153,472.66,270,202.66,60,Retail,Faisalabad,CoolBev Ltd
2026-07-31,Mineral Water,Beverages,6,80,45,0.0112,474.63,270,204.63,60,Retail,Lahore,CoolBev Ltd
2026-07-31,Mineral Water,Beverages,6,80,45,0.0207,470.05,270,200.05,60,Retail,Faisalabad,CoolBev Ltd
2026-08-01,Milk,Dairy,9,180,145,0.0428,1550.69,1305,245.69,12,Retail,Karachi,Al-Fajr Dairy
2026-08-01,Cooking Oil,Grocery,5,520,430,0.0386,2499.72,2150,349.72,8,Retail,Islamabad,Pakistan Oil Mills
2026-08-01,Rice,Grocery,2,280,210,0.0484,532.92,420,112.92,18,Wholesale,Faisalabad,Punjab Grain Co
2026-08-01,Instant Noodles,Grocery,23,60,42,0.0,1380.0,966,414.0,140,Retail,Lahore,City Foods
2026-08-01,Instant Noodles,Grocery,21,60,42,0.0,1260.0,882,378.0,140,Retail,Karachi,City Foods
2026-08-01,Instant Noodles,Grocery,21,60,42,0.0185,1236.72,882,354.72,140,Wholesale,Lahore,City Foods
2026-08-01,Premium Headphones,Electronics,1,4500,2100,0.0196,4411.94,2100,2311.94,22,Retail,Faisalabad,TechHub
2026-08-01,Smartphone Case,Electronics,5,650,180,0.0152,3200.45,900,2300.45,55,Retail,Karachi,TechHub
2026-08-01,Energy Drink,Beverages,3,150,95,0.1875,365.63,285,80.63,28,Retail,Faisalabad,CoolBev Ltd
2026-08-01,Green Tea,Beverages,2,220,140,0.1385,379.08,280,99.08,90,Retail,Faisalabad,Highland Tea
2026-08-01,Basmati Gift Box,Grocery,1,1800,900,0.0,1800.0,900,900.0,16,Wholesale,Islamabad,Punjab Grain Co
2026-08-01,Dish Soap,Household,3,190,120,0.0515,540.63,360,180.63,75,Retail,Faisalabad,CleanHome
2026-08-01,Mineral Water,Beverages,3,80,45,0.1447,205.27,135,70.27,60,Wholesale,Faisalabad,CoolBev Ltd
2026-08-01,Mineral Water,Beverages,4,80,45,0.149,272.3,180,92.3,60,Retail,Faisalabad,CoolBev Ltd
2026-08-02,Milk,Dairy,10,180,145,0.0148,1773.36,1450,323.36,12,Retail,Faisalabad,Al-Fajr Dairy
2026-08-02,Milk,Dairy,8,180,145,0.0384,1384.69,1160,224.69,12,Retail,Karachi,Al-Fajr Dairy
2026-08-02,Cooking Oil,Grocery,3,520,430,0.0335,1507.74,1290,217.74,8,Retail,Karachi,Pakistan Oil Mills
2026-08-02,Rice,Grocery,3,280,210,0.0466,800.83,630,170.83,18,Retail,Islamabad,Punjab Grain Co
2026-08-02,Instant Noodles,Grocery,21,60,42,0.0125,1244.2,882,362.2,140,Retail,Faisalabad,City Foods
2026-08-02,Instant Noodles,Grocery,8,60,42,0.0286,466.27,336,130.27,140,Retail,Karachi,City Foods
2026-08-02,Premium Headphones,Electronics,1,4500,2100,0.0,4500.0,2100,2400.0,22,Retail,Lahore,TechHub
2026-08-02,Smartphone Case,Electronics,6,650,180,0.0094,3863.33,1080,2783.33,55,Retail,Islamabad,TechHub
2026-08-02,Energy Drink,Beverages,3,150,95,0.1493,382.8,285,97.8,28,Retail,Islamabad,CoolBev Ltd
2026-08-02,Green Tea,Beverages,2,220,140,0.1518,373.19,280,93.19,90,Wholesale,Karachi,Highland Tea
2026-08-02,Basmati Gift Box,Grocery,1,1800,900,0.0427,1723.07,900,823.07,16,Retail,Faisalabad,Punjab Grain Co
2026-08-02,Dish Soap,Household,3,190,120,0.0223,557.3,360,197.3,75,Retail,Lahore,CleanHome
2026-08-02,Mineral Water,Beverages,3,80,45,0.113,212.89,135,77.89,60,Retail,Islamabad,CoolBev Ltd
2026-08-02,Mineral Water,Beverages,6,80,45,0.1142,425.2,270,155.2,60,Retail,Islamabad,CoolBev Ltd
2026-08-03,Milk,Dairy,8,180,145,0.0217,1408.8,1160,248.8,12,Retail,Karachi,Al-Fajr Dairy
2026-08-03,Milk,Dairy,7,180,145,0.035,1215.96,1015,200.96,12,Retail,Karachi,Al-Fajr Dairy
2026-08-03,Cooking Oil,Grocery,3,520,430,0.0083,1546.98,1290,256.98,8,Wholesale,Lahore,Pakistan Oil Mills
2026-08-03,Rice,Grocery,2,280,210,0.034,540.95,420,120.95,18,Wholesale,Karachi,Punjab Grain Co
2026-08-03,Instant Noodles,Grocery,19,60,42,0.0175,1120.04,798,322.04,140,Retail,Faisalabad,City Foods
2026-08-03,Instant Noodles,Grocery,12,60,42,0.0522,682.43,504,178.43,140,Retail,Faisalabad,City Foods
2026-08-03,Instant Noodles,Grocery,14,60,42,0.0632,786.9,588,198.9,140,Retail,Karachi,City Foods
2026-08-03,Premium Headphones,Electronics,1,4500,2100,0.0225,4398.67,2100,2298.67,22,Wholesale,Lahore,TechHub
2026-08-03,Smartphone Case,Electronics,5,650,180,0.0088,3221.27,900,2321.27,55,Retail,Islamabad,TechHub
2026-08-03,Energy Drink,Beverages,3,150,95,0.1398,387.07,285,102.07,28,Retail,Karachi,CoolBev Ltd
2026-08-03,Green Tea,Beverages,1,220,140,0.1488,187.27,140,47.27,90,Retail,Faisalabad,Highland Tea
2026-08-03,Basmati Gift Box,Grocery,1,1800,900,0.0501,1709.73,900,809.73,16,Retail,Islamabad,Punjab Grain Co
2026-08-03,Dish Soap,Household,2,190,120,0.051,360.63,240,120.63,75,Wholesale,Faisalabad,CleanHome
2026-08-03,Mineral Water,Beverages,3,80,45,0.1613,201.28,135,66.28,60,Wholesale,Islamabad,CoolBev Ltd
2026-08-04,Milk,Dairy,7,180,145,0.0475,1200.11,1015,185.11,12,Wholesale,Islamabad,Al-Fajr Dairy
2026-08-04,Milk,Dairy,5,180,145,0.004,896.42,725,171.42,12,Retail,Karachi,Al-Fajr Dairy
2026-08-04,Cooking Oil,Grocery,2,520,430,0.0241,1014.98,860,154.98,8,Retail,Lahore,Pakistan Oil Mills
2026-08-04,Rice,Grocery,3,280,210,0.0733,778.43,630,148.43,18,Retail,Faisalabad,Punjab Grain Co
2026-08-04,Instant Noodles,Grocery,12,60,42,0.0351,694.7,504,190.7,140,Wholesale,Lahore,City Foods
2026-08-04,Instant Noodles,Grocery,14,60,42,0.0661,784.5,588,196.5,140,Retail,Karachi,City Foods
2026-08-04,Premium Headphones,Electronics,1,4500,2100,0.0111,4449.83,2100,2349.83,22,Retail,Lahore,TechHub
2026-08-04,Smartphone Case,Electronics,2,650,180,0.0211,1272.51,360,912.51,55,Retail,Islamabad,TechHub
2026-08-04,Energy Drink,Beverages,2,150,95,0.1673,249.82,190,59.82,28,Retail,Lahore,CoolBev Ltd
2026-08-04,Green Tea,Beverages,1,220,140,0.1919,177.79,140,37.79,90,Wholesale,Faisalabad,Highland Tea
2026-08-04,Basmati Gift Box,Grocery,1,1800,900,0.033,1740.61,900,840.61,16,Retail,Karachi,Punjab Grain Co
2026-08-04,Dish Soap,Household,2,190,120,0.0293,368.85,240,128.85,75,Retail,Lahore,CleanHome
2026-08-04,Mineral Water,Beverages,3,80,45,0.1453,205.12,135,70.12,60,Retail,Faisalabad,CoolBev Ltd
2026-08-04,Mineral Water,Beverages,2,80,45,0.1337,138.62,90,48.62,60,Retail,Islamabad,CoolBev Ltd
2026-08-05,Milk,Dairy,8,180,145,0.0324,1393.32,1160,233.32,12,Retail,Lahore,Al-Fajr Dairy
2026-08-05,Milk,Dairy,4,180,145,0.0394,691.64,580,111.64,12,Retail,Lahore,Al-Fajr Dairy
2026-08-05,Cooking Oil,Grocery,4,520,430,0.0443,1987.8,1720,267.8,8,Retail,Karachi,Pakistan Oil Mills
2026-08-05,Rice,Grocery,2,280,210,0.0151,551.53,420,131.53,18,Retail,Karachi,Punjab Grain Co
2026-08-05,Instant Noodles,Grocery,10,60,42,0.0455,572.68,420,152.68,140,Retail,Faisalabad,City Foods
2026-08-05,Premium Headphones,Electronics,1,4500,2100,0.0253,4385.93,2100,2285.93,22,Retail,Karachi,TechHub
2026-08-05,Smartphone Case,Electronics,6,650,180,0.0947,3530.79,1080,2450.79,55,Wholesale,Karachi,TechHub
2026-08-05,Energy Drink,Beverages,2,150,95,0.1626,251.22,190,61.22,28,Retail,Karachi,CoolBev Ltd
2026-08-05,Green Tea,Beverages,1,220,140,0.1248,192.55,140,52.55,90,Retail,Karachi,Highland Tea
2026-08-05,Basmati Gift Box,Grocery,1,1800,900,0.0,1800.0,900,900.0,16,Retail,Faisalabad,Punjab Grain Co
2026-08-05,Dish Soap,Household,3,190,120,0.0308,552.42,360,192.42,75,Retail,Lahore,CleanHome
2026-08-05,Mineral Water,Beverages,6,80,45,0.1192,422.76,270,152.76,60,Retail,Faisalabad,CoolBev Ltd
2026-08-05,Mineral Water,Beverages,4,80,45,0.1273,279.26,180,99.26,60,Wholesale,Faisalabad,CoolBev Ltd
2026-08-05,Mineral Water,Beverages,4,80,45,0.1461,273.25,180,93.25,60,Retail,Karachi,CoolBev Ltd
2026-08-06,Milk,Dairy,8,180,145,0.0237,1405.94,1160,245.94,12,Retail,Faisalabad,Al-Fajr Dairy
2026-08-06,Milk,Dairy,7,180,145,0.0107,1246.51,1015,231.51,12,Retail,Karachi,Al-Fajr Dairy
2026-08-06,Milk,Dairy,7,180,145,0.0046,1254.18,1015,239.18,12,Retail,Karachi,Al-Fajr Dairy
2026-08-06,Cooking Oil,Grocery,4,520,430,0.0,2080.0,1720,360.0,8,Retail,Islamabad,Pakistan Oil Mills
2026-08-06,Rice,Grocery,2,280,210,0.0291,543.69,420,123.69,18,Retail,Karachi,Punjab Grain Co
2026-08-06,Instant Noodles,Grocery,14,60,42,0.0163,826.33,588,238.33,140,Retail,Islamabad,City Foods
2026-08-06,Instant Noodles,Grocery,10,60,42,0.0,600.0,420,180.0,140,Retail,Karachi,City Foods
2026-08-06,Instant Noodles,Grocery,15,60,42,0.0299,873.06,630,243.06,140,Retail,Karachi,City Foods
2026-08-06,Premium Headphones,Electronics,1,4500,2100,0.0415,4313.28,2100,2213.28,22,Wholesale,Faisalabad,TechHub
2026-08-06,Smartphone Case,Electronics,4,650,180,0.0377,2501.96,720,1781.96,55,Wholesale,Faisalabad,TechHub
2026-08-06,Energy Drink,Beverages,2,150,95,0.1508,254.75,190,64.75,28,Retail,Faisalabad,CoolBev Ltd
2026-08-06,Green Tea,Beverages,1,220,140,0.1417,188.82,140,48.82,90,Retail,Faisalabad,Highland Tea
2026-08-06,Basmati Gift Box,Grocery,1,1800,900,0.0139,1774.9,900,874.9,16,Retail,Islamabad,Punjab Grain Co
2026-08-06,Dish Soap,Household,2,190,120,0.0447,363.02,240,123.02,75,Wholesale,Karachi,CleanHome
2026-08-06,Mineral Water,Beverages,3,80,45,0.1386,206.74,135,71.74,60,Retail,Faisalabad,CoolBev Ltd
2026-08-06,Mineral Water,Beverages,1,80,45,0.1659,66.72,45,21.72,60,Retail,Karachi,CoolBev Ltd
2026-08-07,Milk,Dairy,6,180,145,0.0734,1000.73,870,130.73,12,Retail,Faisalabad,Al-Fajr Dairy
2026-08-07,Cooking Oil,Grocery,4,520,430,0.0371,2002.77,1720,282.77,8,Wholesale,Karachi,Pakistan Oil Mills
2026-08-07,Rice,Grocery,2,280,210,0.019,549.35,420,129.35,18,Retail,Faisalabad,Punjab Grain Co
2026-08-07,Instant Noodles,Grocery,15,60,42,0.0206,881.48,630,251.48,140,Wholesale,Faisalabad,City Foods
2026-08-07,Instant Noodles,Grocery,9,60,42,0.0315,522.99,378,144.99,140,Retail,Karachi,City Foods
2026-08-07,Instant Noodles,Grocery,13,60,42,0.0361,751.85,546,205.85,140,Retail,Lahore,City Foods
2026-08-07,Premium Headphones,Electronics,1,4500,2100,0.0258,4384.11,2100,2284.11,22,Retail,Islamabad,TechHub
2026-08-07,Smartphone Case,Electronics,4,650,180,0.0269,2530.04,720,1810.04,55,Retail,Karachi,TechHub
2026-08-07,Energy Drink,Beverages,3,150,95,0.1444,385.0,285,100.0,28,Wholesale,Islamabad,CoolBev Ltd
2026-08-07,Green Tea,Beverages,2,220,140,0.1583,370.35,280,90.35,90,Retail,Karachi,Highland Tea
2026-08-07,Basmati Gift Box,Grocery,1,1800,900,0.0095,1782.97,900,882.97,16,Retail,Islamabad,Punjab Grain Co
2026-08-07,Dish Soap,Household,2,190,120,0.0051,378.08,240,138.08,75,Retail,Karachi,CleanHome
2026-08-07,Mineral Water,Beverages,3,80,45,0.1386,206.73,135,71.73,60,Retail,Lahore,CoolBev Ltd
2026-08-08,Milk,Dairy,8,180,145,0.0,1440.0,1160,280.0,12,Retail,Karachi,Al-Fajr Dairy
2026-08-08,Cooking Oil,Grocery,5,520,430,0.0567,2452.5,2150,302.5,8,Wholesale,Faisalabad,Pakistan Oil Mills
2026-08-08,Rice,Grocery,3,280,210,0.0448,802.34,630,172.34,18,Retail,Islamabad,Punjab Grain Co
2026-08-08,Instant Noodles,Grocery,19,60,42,0.0475,1085.79,798,287.79,140,Wholesale,Lahore,City Foods
2026-08-08,Instant Noodles,Grocery,16,60,42,0.0265,934.54,672,262.54,140,Retail,Faisalabad,City Foods
2026-08-08,Instant Noodles,Grocery,19,60,42,0.0474,1085.98,798,287.98,140,Retail,Islamabad,City Foods
2026-08-08,Premium Headphones,Electronics,1,4500,2100,0.0322,4355.22,2100,2255.22,22,Retail,Faisalabad,TechHub
2026-08-08,Smartphone Case,Electronics,6,650,180,0.0353,3762.42,1080,2682.42,55,Retail,Faisalabad,TechHub
2026-08-08,Energy Drink,Beverages,4,150,95,0.1487,510.8,380,130.8,28,Retail,Karachi,CoolBev Ltd
2026-08-08,Green Tea,Beverages,3,220,140,0.1192,581.32,420,161.32,90,Retail,Islamabad,Highland Tea
2026-08-08,Basmati Gift Box,Grocery,1,1800,900,0.0326,1741.28,900,841.28,16,Wholesale,Lahore,Punjab Grain Co
2026-08-08,Dish Soap,Household,2,190,120,0.0155,374.1,240,134.1,75,Retail,Karachi,CleanHome
2026-08-08,Mineral Water,Beverages,7,80,45,0.1331,485.49,315,170.49,60,Wholesale,Islamabad,CoolBev Ltd
2026-08-09,Milk,Dairy,10,180,145,0.0034,1793.85,1450,343.85,12,Retail,Faisalabad,Al-Fajr Dairy
2026-08-09,Cooking Oil,Grocery,4,520,430,0.0,2080.0,1720,360.0,8,Retail,Faisalabad,Pakistan Oil Mills
2026-08-09,Rice,Grocery,2,280,210,0.0092,554.82,420,134.82,18,Retail,Lahore,Punjab Grain Co
2026-08-09,Instant Noodles,Grocery,16,60,42,0.0,960.0,672,288.0,140,Retail,Karachi,City Foods
2026-08-09,Instant Noodles,Grocery,15,60,42,0.0261,876.53,630,246.53,140,Retail,Karachi,City Foods
2026-08-09,Premium Headphones,Electronics,1,4500,2100,0.0392,4323.39,2100,2223.39,22,Wholesale,Islamabad,TechHub
2026-08-09,Smartphone Case,Electronics,5,650,180,0.0255,3167.25,900,2267.25,55,Wholesale,Karachi,TechHub
2026-08-09,Energy Drink,Beverages,2,150,95,0.1904,242.89,190,52.89,28,Retail,Lahore,CoolBev Ltd
2026-08-09,Green Tea,Beverages,2,220,140,0.1268,384.21,280,104.21,90,Retail,Lahore,Highland Tea
2026-08-09,Basmati Gift Box,Grocery,1,1800,900,0.0106,1780.94,900,880.94,16,Retail,Karachi,Punjab Grain Co
2026-08-09,Dish Soap,Household,2,190,120,0.0439,363.31,240,123.31,75,Retail,Karachi,CleanHome
2026-08-09,Mineral Water,Beverages,4,80,45,0.1699,265.65,180,85.65,60,Wholesale,Lahore,CoolBev Ltd
2026-08-09,Mineral Water,Beverages,5,80,45,0.1213,351.46,225,126.46,60,Wholesale,Islamabad,CoolBev Ltd
2026-08-09,Mineral Water,Beverages,3,80,45,0.1761,197.73,135,62.73,60,Retail,Faisalabad,CoolBev Ltd
2026-08-10,Milk,Dairy,7,180,145,0.0128,1243.91,1015,228.91,12,Retail,Lahore,Al-Fajr Dairy
2026-08-10,Milk,Dairy,6,180,145,0.0123,1066.73,870,196.73,12,Retail,Islamabad,Al-Fajr Dairy
2026-08-10,Milk,Dairy,7,180,145,0.0716,1169.75,1015,154.75,12,Retail,Islamabad,Al-Fajr Dairy
2026-08-10,Cooking Oil,Grocery,4,520,430,0.0434,1989.67,1720,269.67,8,Retail,Lahore,Pakistan Oil Mills
2026-08-10,Rice,Grocery,2,280,210,0.023,547.11,420,127.11,18,Wholesale,Faisalabad,Punjab Grain Co
2026-08-10,Instant Noodles,Grocery,15,60,42,0.0325,870.71,630,240.71,140,Retail,Lahore,City Foods
2026-08-10,Instant Noodles,Grocery,11,60,42,0.0668,615.93,462,153.93,140,Wholesale,Karachi,City Foods
2026-08-10,Instant Noodles,Grocery,11,60,42,0.015,650.13,462,188.13,140,Retail,Lahore,City Foods
2026-08-10,Premium Headphones,Electronics,1,4500,2100,0.0092,4458.45,2100,2358.45,22,Retail,Lahore,TechHub
2026-08-10,Smartphone Case,Electronics,5,650,180,0.0166,3196.18,900,2296.18,55,Retail,Karachi,TechHub
2026-08-10,Energy Drink,Beverages,2,150,95,0.1422,257.33,190,67.33,28,Retail,Islamabad,CoolBev Ltd
2026-08-10,Green Tea,Beverages,2,220,140,0.1447,376.33,280,96.33,90,Retail,Islamabad,Highland Tea
2026-08-10,Basmati Gift Box,Grocery,1,1800,900,0.0326,1741.32,900,841.32,16,Retail,Islamabad,Punjab Grain Co
2026-08-10,Dish Soap,Household,3,190,120,0.0109,563.77,360,203.77,75,Wholesale,Islamabad,CleanHome
2026-08-10,Mineral Water,Beverages,4,80,45,0.1266,279.48,180,99.48,60,Retail,Faisalabad,CoolBev Ltd
2026-08-10,Mineral Water,Beverages,4,80,45,0.1134,283.7,180,103.7,60,Retail,Lahore,CoolBev Ltd
2026-08-10,Mineral Water,Beverages,2,80,45,0.1639,133.78,90,43.78,60,Retail,Karachi,CoolBev Ltd
2026-08-11,Milk,Dairy,9,180,145,0.0088,1605.77,1305,300.77,12,Retail,Karachi,Al-Fajr Dairy
2026-08-11,Cooking Oil,Grocery,3,520,430,0.0056,1551.3,1290,261.3,8,Retail,Karachi,Pakistan Oil Mills
2026-08-11,Rice,Grocery,2,280,210,0.0487,532.75,420,112.75,18,Retail,Islamabad,Punjab Grain Co
2026-08-11,Instant Noodles,Grocery,14,60,42,0.0293,815.35,588,227.35,140,Wholesale,Faisalabad,City Foods
2026-08-11,Instant Noodles,Grocery,15,60,42,0.0089,892.03,630,262.03,140,Retail,Islamabad,City Foods
2026-08-11,Instant Noodles,Grocery,14,60,42,0.0209,822.45,588,234.45,140,Retail,Islamabad,City Foods
2026-08-11,Premium Headphones,Electronics,1,4500,2100,0.032,4355.91,2100,2255.91,22,Retail,Lahore,TechHub
2026-08-11,Smartphone Case,Electronics,4,650,180,0.0185,2551.91,720,1831.91,55,Retail,Faisalabad,TechHub
2026-08-11,Energy Drink,Beverages,3,150,95,0.1628,376.75,285,91.75,28,Wholesale,Faisalabad,CoolBev Ltd
2026-08-11,Green Tea,Beverages,2,220,140,0.1484,374.69,280,94.69,90,Retail,Faisalabad,Highland Tea
2026-08-11,Basmati Gift Box,Grocery,1,1800,900,0.0028,1794.94,900,894.94,16,Wholesale,Karachi,Punjab Grain Co
2026-08-11,Dish Soap,Household,2,190,120,0.0094,376.41,240,136.41,75,Wholesale,Islamabad,CleanHome
2026-08-11,Mineral Water,Beverages,4,80,45,0.1822,261.7,180,81.7,60,Retail,Islamabad,CoolBev Ltd
2026-08-12,Milk,Dairy,8,180,145,0.077,1329.05,1160,169.05,12,Wholesale,Lahore,Al-Fajr Dairy
2026-08-12,Milk,Dairy,6,180,145,0.0174,1061.16,870,191.16,12,Wholesale,Lahore,Al-Fajr Dairy
2026-08-12,Milk,Dairy,6,180,145,0.0188,1059.65,870,189.65,12,Retail,Karachi,Al-Fajr Dairy
2026-08-12,Cooking Oil,Grocery,4,520,430,0.0,2080.0,1720,360.0,8,Retail,Islamabad,Pakistan Oil Mills
2026-08-12,Rice,Grocery,2,280,210,0.042,536.49,420,116.49,18,Retail,Karachi,Punjab Grain Co
2026-08-12,Instant Noodles,Grocery,13,60,42,0.0217,763.09,546,217.09,140,Retail,Lahore,City Foods
2026-08-12,Instant Noodles,Grocery,13,60,42,0.0272,758.8,546,212.8,140,Wholesale,Lahore,City Foods
2026-08-12,Smartphone Case,Electronics,5,650,180,0.0264,3164.35,900,2264.35,55,Retail,Lahore,TechHub
2026-08-12,Energy Drink,Beverages,3,150,95,0.1249,393.79,285,108.79,28,Retail,Islamabad,CoolBev Ltd
2026-08-12,Basmati Gift Box,Grocery,1,1800,900,0.0427,1723.12,900,823.12,16,Wholesale,Faisalabad,Punjab Grain Co
2026-08-12,Dish Soap,Household,3,190,120,0.0,570.0,360,210.0,75,Retail,Faisalabad,CleanHome
2026-08-12,Mineral Water,Beverages,3,80,45,0.1691,199.41,135,64.41,60,Retail,Lahore,CoolBev Ltd
2026-08-13,Milk,Dairy,9,180,145,0.0226,1583.33,1305,278.33,12,Retail,Karachi,Al-Fajr Dairy
2026-08-13,Cooking Oil,Grocery,3,520,430,0.0084,1546.92,1290,256.92,8,Retail,Islamabad,Pakistan Oil Mills
2026-08-13,Rice,Grocery,2,280,210,0.0415,536.79,420,116.79,18,Retail,Lahore,Punjab Grain Co
2026-08-13,Instant Noodles,Grocery,17,60,42,0.0288,990.61,714,276.61,140,Retail,Islamabad,City Foods
2026-08-13,Instant Noodles,Grocery,16,60,42,0.0167,943.92,672,271.92,140,Retail,Karachi,City Foods
2026-08-13,Instant Noodles,Grocery,16,60,42,0.0294,931.76,672,259.76,140,Retail,Lahore,City Foods
2026-08-13,Premium Headphones,Electronics,1,4500,2100,0.0619,4221.49,2100,2121.49,22,Wholesale,Faisalabad,TechHub
2026-08-13,Smartphone Case,Electronics,4,650,180,0.0,2600.0,720,1880.0,55,Retail,Lahore,TechHub
2026-08-13,Energy Drink,Beverages,3,150,95,0.1667,374.97,285,89.97,28,Retail,Lahore,CoolBev Ltd
2026-08-13,Green Tea,Beverages,2,220,140,0.1522,373.05,280,93.05,90,Retail,Faisalabad,Highland Tea
2026-08-13,Basmati Gift Box,Grocery,1,1800,900,0.0523,1705.93,900,805.93,16,Wholesale,Islamabad,Punjab Grain Co
2026-08-13,Dish Soap,Household,3,190,120,0.0266,554.83,360,194.83,75,Retail,Karachi,CleanHome
2026-08-13,Mineral Water,Beverages,5,80,45,0.1814,327.44,225,102.44,60,Retail,Lahore,CoolBev Ltd
2026-08-13,Mineral Water,Beverages,6,80,45,0.1624,402.05,270,132.05,60,Retail,Faisalabad,CoolBev Ltd
2026-08-14,Milk,Dairy,5,180,145,0.0362,867.45,725,142.45,12,Wholesale,Faisalabad,Al-Fajr Dairy
2026-08-14,Milk,Dairy,7,180,145,0.0311,1220.83,1015,205.83,12,Retail,Karachi,Al-Fajr Dairy
2026-08-14,Cooking Oil,Grocery,3,520,430,0.0487,1484.03,1290,194.03,8,Retail,Lahore,Pakistan Oil Mills
2026-08-14,Rice,Grocery,2,280,210,0.054,529.73,420,109.73,18,Retail,Karachi,Punjab Grain Co
2026-08-14,Instant Noodles,Grocery,19,60,42,0.0334,1101.95,798,303.95,140,Retail,Karachi,City Foods
2026-08-14,Instant Noodles,Grocery,16,60,42,0.0299,931.26,672,259.26,140,Retail,Lahore,City Foods
2026-08-14,Instant Noodles,Grocery,13,60,42,0.0078,773.95,546,227.95,140,Retail,Faisalabad,City Foods
2026-08-14,Premium Headphones,Electronics,1,4500,2100,0.0228,4397.43,2100,2297.43,22,Retail,Lahore,TechHub
2026-08-14,Smartphone Case,Electronics,4,650,180,0.0187,2551.47,720,1831.47,55,Retail,Faisalabad,TechHub
2026-08-14,Energy Drink,Beverages,3,150,95,0.1274,392.67,285,107.67,28,Wholesale,Lahore,CoolBev Ltd
2026-08-14,Green Tea,Beverages,2,220,140,0.1225,386.1,280,106.1,90,Retail,Islamabad,Highland Tea
2026-08-14,Basmati Gift Box,Grocery,1,1800,900,0.0624,1687.71,900,787.71,16,Retail,Islamabad,Punjab Grain Co
2026-08-14,Dish Soap,Household,3,190,120,0.0448,544.49,360,184.49,75,Retail,Lahore,CleanHome
2026-08-14,Mineral Water,Beverages,6,80,45,0.1033,430.41,270,160.41,60,Retail,Faisalabad,CoolBev Ltd
2026-08-15,Milk,Dairy,8,180,145,0.0548,1361.09,1160,201.09,12,Retail,Faisalabad,Al-Fajr Dairy
2026-08-15,Milk,Dairy,9,180,145,0.0245,1580.3,1305,275.3,12,Retail,Lahore,Al-Fajr Dairy
2026-08-15,Milk,Dairy,8,180,145,0.0354,1388.99,1160,228.99,12,Retail,Faisalabad,Al-Fajr Dairy
2026-08-15,Cooking Oil,Grocery,5,520,430,0.0431,2488.03,2150,338.03,8,Wholesale,Karachi,Pakistan Oil Mills
2026-08-15,Rice,Grocery,2,280,210,0.0,560.0,420,140.0,18,Retail,Faisalabad,Punjab Grain Co
2026-08-15,Instant Noodles,Grocery,27,60,42,0.0553,1530.37,1134,396.37,140,Retail,Islamabad,City Foods
2026-08-15,Instant Noodles,Grocery,19,60,42,0.0446,1089.21,798,291.21,140,Wholesale,Faisalabad,City Foods
2026-08-15,Premium Headphones,Electronics,1,4500,2100,0.0267,4380.07,2100,2280.07,22,Wholesale,Faisalabad,TechHub
2026-08-15,Smartphone Case,Electronics,6,650,180,0.0529,3693.73,1080,2613.73,55,Retail,Lahore,TechHub
2026-08-15,Energy Drink,Beverages,2,150,95,0.1565,253.06,190,63.06,28,Retail,Karachi,CoolBev Ltd
2026-08-15,Green Tea,Beverages,1,220,140,0.1737,181.78,140,41.78,90,Retail,Islamabad,Highland Tea
2026-08-15,Basmati Gift Box,Grocery,1,1800,900,0.0424,1723.67,900,823.67,16,Retail,Karachi,Punjab Grain Co
2026-08-15,Dish Soap,Household,3,190,120,0.038,548.36,360,188.36,75,Retail,Karachi,CleanHome
2026-08-15,Mineral Water,Beverages,5,80,45,0.1844,326.25,225,101.25,60,Wholesale,Faisalabad,CoolBev Ltd
2026-08-16,Milk,Dairy,11,180,145,0.0419,1897.11,1595,302.11,12,Retail,Faisalabad,Al-Fajr Dairy
2026-08-16,Milk,Dairy,10,180,145,0.0352,1736.59,1450,286.59,12,Retail,Lahore,Al-Fajr Dairy
2026-08-16,Milk,Dairy,9,180,145,0.016,1594.13,1305,289.13,12,Retail,Faisalabad,Al-Fajr Dairy
2026-08-16,Cooking Oil,Grocery,3,520,430,0.0468,1486.93,1290,196.93,8,Retail,Islamabad,Pakistan Oil Mills
2026-08-16,Rice,Grocery,3,280,210,0.043,803.91,630,173.91,18,Retail,Faisalabad,Punjab Grain Co
2026-08-16,Instant Noodles,Grocery,18,60,42,0.0392,1037.67,756,281.67,140,Retail,Faisalabad,City Foods
2026-08-16,Instant Noodles,Grocery,22,60,42,0.0136,1302.1,924,378.1,140,Retail,Faisalabad,City Foods
2026-08-16,Premium Headphones,Electronics,1,4500,2100,0.0193,4413.34,2100,2313.34,22,Retail,Karachi,TechHub
2026-08-16,Smartphone Case,Electronics,6,650,180,0.0546,3687.02,1080,2607.02,55,Retail,Karachi,TechHub
2026-08-16,Energy Drink,Beverages,6,150,95,0.1332,780.08,570,210.08,28,Retail,Islamabad,CoolBev Ltd
2026-08-16,Green Tea,Beverages,1,220,140,0.1508,186.82,140,46.82,90,Retail,Islamabad,Highland Tea
2026-08-16,Basmati Gift Box,Grocery,1,1800,900,0.0865,1644.27,900,744.27,16,Retail,Faisalabad,Punjab Grain Co
2026-08-16,Dish Soap,Household,3,190,120,0.0494,541.85,360,181.85,75,Retail,Islamabad,CleanHome
2026-08-16,Mineral Water,Beverages,6,80,45,0.126,419.53,270,149.53,60,Retail,Islamabad,CoolBev Ltd
2026-08-17,Milk,Dairy,8,180,145,0.0,1440.0,1160,280.0,12,Retail,Karachi,Al-Fajr Dairy
2026-08-17,Milk,Dairy,7,180,145,0.0389,1210.99,1015,195.99,12,Retail,Islamabad,Al-Fajr Dairy
2026-08-17,Milk,Dairy,9,180,145,0.0445,1547.97,1305,242.97,12,Retail,Faisalabad,Al-Fajr Dairy
2026-08-17,Cooking Oil,Grocery,3,520,430,0.064,1460.18,1290,170.18,8,Retail,Islamabad,Pakistan Oil Mills
2026-08-17,Rice,Grocery,3,280,210,0.0704,780.83,630,150.83,18,Wholesale,Lahore,Punjab Grain Co
2026-08-17,Instant Noodles,Grocery,17,60,42,0.0,1020.0,714,306.0,140,Retail,Karachi,City Foods
2026-08-17,Premium Headphones,Electronics,1,4500,2100,0.0485,4281.79,2100,2181.79,22,Retail,Lahore,TechHub
2026-08-17,Smartphone Case,Electronics,4,650,180,0.0,2600.0,720,1880.0,55,Retail,Lahore,TechHub
2026-08-17,Energy Drink,Beverages,1,150,95,0.1726,124.11,95,29.11,28,Retail,Karachi,CoolBev Ltd
2026-08-17,Green Tea,Beverages,1,220,140,0.1604,184.71,140,44.71,90,Retail,Karachi,Highland Tea
2026-08-17,Basmati Gift Box,Grocery,1,1800,900,0.0071,1787.3,900,887.3,16,Retail,Karachi,Punjab Grain Co
2026-08-17,Dish Soap,Household,2,190,120,0.0,380.0,240,140.0,75,Retail,Islamabad,CleanHome
2026-08-17,Mineral Water,Beverages,4,80,45,0.137,276.16,180,96.16,60,Retail,Faisalabad,CoolBev Ltd
2026-08-18,Milk,Dairy,7,180,145,0.0347,1216.33,1015,201.33,12,Retail,Lahore,Al-Fajr Dairy
2026-08-18,Cooking Oil,Grocery,4,520,430,0.0415,1993.64,1720,273.64,8,Wholesale,Lahore,Pakistan Oil Mills
2026-08-18,Rice,Grocery,2,280,210,0.0,560.0,420,140.0,18,Retail,Karachi,Punjab Grain Co
2026-08-18,Instant Noodles,Grocery,14,60,42,0.0416,805.06,588,217.06,140,Retail,Faisalabad,City Foods
2026-08-18,Premium Headphones,Electronics,1,4500,2100,0.0051,4477.1,2100,2377.1,22,Wholesale,Lahore,TechHub
2026-08-18,Smartphone Case,Electronics,3,650,180,0.0377,1876.41,540,1336.41,55,Wholesale,Islamabad,TechHub
2026-08-18,Energy Drink,Beverages,4,150,95,0.157,505.82,380,125.82,28,Wholesale,Faisalabad,CoolBev Ltd
2026-08-18,Green Tea,Beverages,1,220,140,0.1679,183.06,140,43.06,90,Retail,Faisalabad,Highland Tea
2026-08-18,Basmati Gift Box,Grocery,1,1800,900,0.0166,1770.21,900,870.21,16,Retail,Karachi,Punjab Grain Co
2026-08-18,Dish Soap,Household,2,190,120,0.0324,367.71,240,127.71,75,Retail,Lahore,CleanHome
2026-08-18,Mineral Water,Beverages,4,80,45,0.1621,268.14,180,88.14,60,Retail,Karachi,CoolBev Ltd
2026-08-18,Mineral Water,Beverages,3,80,45,0.1285,209.15,135,74.15,60,Wholesale,Lahore,CoolBev Ltd
2026-08-19,Milk,Dairy,6,180,145,0.0318,1045.68,870,175.68,12,Wholesale,Faisalabad,Al-Fajr Dairy
2026-08-19,Milk,Dairy,11,180,145,0.0031,1973.89,1595,378.89,12,Retail,Faisalabad,Al-Fajr Dairy
2026-08-19,Milk,Dairy,5,180,145,0.0222,879.98,725,154.98,12,Wholesale,Lahore,Al-Fajr Dairy
2026-08-19,Cooking Oil,Grocery,4,520,430,0.021,2036.31,1720,316.31,8,Retail,Karachi,Pakistan Oil Mills
2026-08-19,Rice,Grocery,2,280,210,0.002,558.89,420,138.89,18,Retail,Lahore,Punjab Grain Co
2026-08-19,Instant Noodles,Grocery,13,60,42,0.0315,755.45,546,209.45,140,Retail,Lahore,City Foods
2026-08-19,Premium Headphones,Electronics,1,4500,2100,0.025,4387.7,2100,2287.7,22,Retail,Islamabad,TechHub
2026-08-19,Smartphone Case,Electronics,5,650,180,0.0161,3197.73,900,2297.73,55,Retail,Islamabad,TechHub
2026-08-19,Energy Drink,Beverages,4,150,95,0.1462,512.25,380,132.25,28,Wholesale,Karachi,CoolBev Ltd
2026-08-19,Green Tea,Beverages,1,220,140,0.157,185.47,140,45.47,90,Retail,Islamabad,Highland Tea
2026-08-19,Basmati Gift Box,Grocery,1,1800,900,0.0413,1725.71,900,825.71,16,Wholesale,Faisalabad,Punjab Grain Co
2026-08-19,Dish Soap,Household,2,190,120,0.0,380.0,240,140.0,75,Retail,Islamabad,CleanHome
2026-08-19,Mineral Water,Beverages,4,80,45,0.153,271.03,180,91.03,60,Retail,Karachi,CoolBev Ltd
2026-08-19,Mineral Water,Beverages,4,80,45,0.1603,268.71,180,88.71,60,Wholesale,Faisalabad,CoolBev Ltd
2026-08-19,Mineral Water,Beverages,4,80,45,0.1105,284.65,180,104.65,60,Wholesale,Lahore,CoolBev Ltd
2026-08-20,Milk,Dairy,8,180,145,0.0059,1431.46,1160,271.46,12,Wholesale,Faisalabad,Al-Fajr Dairy
2026-08-20,Milk,Dairy,7,180,145,0.0436,1205.07,1015,190.07,12,Wholesale,Lahore,Al-Fajr Dairy
2026-08-20,Milk,Dairy,8,180,145,0.0,1440.0,1160,280.0,12,Retail,Lahore,Al-Fajr Dairy
2026-08-20,Cooking Oil,Grocery,2,520,430,0.0121,1027.47,860,167.47,8,Wholesale,Lahore,Pakistan Oil Mills
2026-08-20,Rice,Grocery,3,280,210,0.0347,810.86,630,180.86,18,Retail,Lahore,Punjab Grain Co
2026-08-20,Instant Noodles,Grocery,16,60,42,0.0,960.0,672,288.0,140,Wholesale,Lahore,City Foods
2026-08-20,Instant Noodles,Grocery,18,60,42,0.0091,1070.19,756,314.19,140,Retail,Lahore,City Foods
2026-08-20,Premium Headphones,Electronics,1,4500,2100,0.0357,4339.52,2100,2239.52,22,Retail,Karachi,TechHub
2026-08-20,Smartphone Case,Electronics,5,650,180,0.0422,3112.98,900,2212.98,55,Retail,Islamabad,TechHub
2026-08-20,Energy Drink,Beverages,3,150,95,0.1492,382.87,285,97.87,28,Retail,Faisalabad,CoolBev Ltd
2026-08-20,Green Tea,Beverages,1,220,140,0.1235,192.83,140,52.83,90,Retail,Lahore,Highland Tea
2026-08-20,Basmati Gift Box,Grocery,1,1800,900,0.0372,1733.0,900,833.0,16,Retail,Lahore,Punjab Grain Co
2026-08-20,Dish Soap,Household,4,190,120,0.001,759.22,480,279.22,75,Retail,Faisalabad,CleanHome
2026-08-20,Mineral Water,Beverages,5,80,45,0.1253,349.87,225,124.87,60,Wholesale,Karachi,CoolBev Ltd
2026-08-21,Milk,Dairy,6,180,145,0.035,1042.24,870,172.24,12,Retail,Karachi,Al-Fajr Dairy
2026-08-21,Milk,Dairy,8,180,145,0.0105,1424.93,1160,264.93,12,Retail,Karachi,Al-Fajr Dairy
2026-08-21,Milk,Dairy,7,180,145,0.0199,1234.95,1015,219.95,12,Retail,Karachi,Al-Fajr Dairy
2026-08-21,Cooking Oil,Grocery,4,520,430,0.0698,1934.79,1720,214.79,8,Retail,Lahore,Pakistan Oil Mills
2026-08-21,Rice,Grocery,2,280,210,0.0474,533.45,420,113.45,18,Retail,Faisalabad,Punjab Grain Co
2026-08-21,Instant Noodles,Grocery,13,60,42,0.0556,736.65,546,190.65,140,Retail,Lahore,City Foods
2026-08-21,Instant Noodles,Grocery,15,60,42,0.0,900.0,630,270.0,140,Wholesale,Faisalabad,City Foods
2026-08-21,Instant Noodles,Grocery,14,60,42,0.0393,806.99,588,218.99,140,Wholesale,Faisalabad,City Foods
2026-08-21,Premium Headphones,Electronics,1,4500,2100,0.0291,4369.11,2100,2269.11,22,Wholesale,Lahore,TechHub
2026-08-21,Smartphone Case,Electronics,4,650,180,0.0009,2597.67,720,1877.67,55,Retail,Karachi,TechHub
2026-08-21,Energy Drink,Beverages,2,150,95,0.1235,262.95,190,72.95,28,Retail,Islamabad,CoolBev Ltd
2026-08-21,Green Tea,Beverages,1,220,140,0.1481,187.42,140,47.42,90,Retail,Faisalabad,Highland Tea
2026-08-21,Basmati Gift Box,Grocery,1,1800,900,0.0534,1703.91,900,803.91,16,Retail,Karachi,Punjab Grain Co
2026-08-21,Dish Soap,Household,2,190,120,0.0509,360.67,240,120.67,75,Retail,Islamabad,CleanHome
2026-08-21,Mineral Water,Beverages,1,80,45,0.1847,65.23,45,20.23,60,Retail,Karachi,CoolBev Ltd
2026-08-21,Mineral Water,Beverages,6,80,45,0.1344,415.51,270,145.51,60,Wholesale,Karachi,CoolBev Ltd
2026-08-21,Mineral Water,Beverages,4,80,45,0.1445,273.76,180,93.76,60,Retail,Lahore,CoolBev Ltd
2026-08-22,Milk,Dairy,11,180,145,0.0283,1924.06,1595,329.06,12,Retail,Faisalabad,Al-Fajr Dairy
2026-08-22,Cooking Oil,Grocery,5,520,430,0.0249,2535.33,2150,385.33,8,Retail,Lahore,Pakistan Oil Mills
2026-08-22,Rice,Grocery,3,280,210,0.0552,793.64,630,163.64,18,Retail,Islamabad,Punjab Grain Co
2026-08-22,Instant Noodles,Grocery,11,60,42,0.027,642.16,462,180.16,140,Retail,Karachi,City Foods
2026-08-22,Premium Headphones,Electronics,1,4500,2100,0.0166,4425.4,2100,2325.4,22,Retail,Faisalabad,TechHub
2026-08-22,Smartphone Case,Electronics,5,650,180,0.0044,3235.75,900,2335.75,55,Retail,Lahore,TechHub
2026-08-22,Energy Drink,Beverages,3,150,95,0.15,382.5,285,97.5,28,Retail,Lahore,CoolBev Ltd
2026-08-22,Green Tea,Beverages,2,220,140,0.1659,367.01,280,87.01,90,Retail,Lahore,Highland Tea
2026-08-22,Basmati Gift Box,Grocery,1,1800,900,0.0575,1696.57,900,796.57,16,Retail,Islamabad,Punjab Grain Co
2026-08-22,Dish Soap,Household,2,190,120,0.0194,372.62,240,132.62,75,Retail,Islamabad,CleanHome
2026-08-22,Mineral Water,Beverages,4,80,45,0.1824,261.63,180,81.63,60,Retail,Islamabad,CoolBev Ltd
2026-08-23,Milk,Dairy,11,180,145,0.0263,1927.84,1595,332.84,12,Wholesale,Faisalabad,Al-Fajr Dairy
2026-08-23,Milk,Dairy,10,180,145,0.0006,1799.0,1450,349.0,12,Wholesale,Islamabad,Al-Fajr Dairy
2026-08-23,Milk,Dairy,10,180,145,0.0313,1743.64,1450,293.64,12,Retail,Karachi,Al-Fajr Dairy
2026-08-23,Cooking Oil,Grocery,3,520,430,0.0,1560.0,1290,270.0,8,Retail,Islamabad,Pakistan Oil Mills
2026-08-23,Rice,Grocery,3,280,210,0.0261,818.05,630,188.05,18,Wholesale,Faisalabad,Punjab Grain Co
2026-08-23,Instant Noodles,Grocery,20,60,42,0.0137,1183.53,840,343.53,140,Retail,Faisalabad,City Foods
2026-08-23,Premium Headphones,Electronics,1,4500,2100,0.0481,4283.63,2100,2183.63,22,Retail,Islamabad,TechHub
2026-08-23,Smartphone Case,Electronics,5,650,180,0.0251,3168.38,900,2268.38,55,Retail,Lahore,TechHub
2026-08-23,Energy Drink,Beverages,4,150,95,0.1391,516.55,380,136.55,28,Retail,Faisalabad,CoolBev Ltd
2026-08-23,Green Tea,Beverages,1,220,140,0.1442,188.29,140,48.29,90,Retail,Karachi,Highland Tea
2026-08-23,Basmati Gift Box,Grocery,1,1800,900,0.0403,1727.42,900,827.42,16,Retail,Lahore,Punjab Grain Co
2026-08-23,Dish Soap,Household,3,190,120,0.041,546.62,360,186.62,75,Retail,Karachi,CleanHome
2026-08-23,Mineral Water,Beverages,2,80,45,0.129,139.36,90,49.36,60,Retail,Lahore,CoolBev Ltd
2026-08-23,Mineral Water,Beverages,3,80,45,0.1519,203.55,135,68.55,60,Retail,Karachi,CoolBev Ltd
2026-08-23,Mineral Water,Beverages,7,80,45,0.1601,470.35,315,155.35,60,Retail,Faisalabad,CoolBev Ltd
2026-08-24,Milk,Dairy,7,180,145,0.0,1260.0,1015,245.0,12,Wholesale,Lahore,Al-Fajr Dairy
2026-08-24,Milk,Dairy,5,180,145,0.0149,886.59,725,161.59,12,Retail,Karachi,Al-Fajr Dairy
2026-08-24,Milk,Dairy,7,180,145,0.0262,1227.01,1015,212.01,12,Retail,Lahore,Al-Fajr Dairy
2026-08-24,Cooking Oil,Grocery,3,520,430,0.0501,1481.89,1290,191.89,8,Retail,Faisalabad,Pakistan Oil Mills
2026-08-24,Rice,Grocery,2,280,210,0.005,557.17,420,137.17,18,Wholesale,Karachi,Punjab Grain Co
2026-08-24,Instant Noodles,Grocery,15,60,42,0.014,887.41,630,257.41,140,Retail,Faisalabad,City Foods
2026-08-24,Instant Noodles,Grocery,15,60,42,0.012,889.16,630,259.16,140,Wholesale,Faisalabad,City Foods
2026-08-24,Premium Headphones,Electronics,1,4500,2100,0.0102,4453.91,2100,2353.91,22,Retail,Karachi,TechHub
2026-08-24,Smartphone Case,Electronics,6,650,180,0.045,3724.58,1080,2644.58,55,Retail,Karachi,TechHub
2026-08-24,Energy Drink,Beverages,3,150,95,0.115,398.26,285,113.26,28,Retail,Islamabad,CoolBev Ltd
2026-08-24,Basmati Gift Box,Grocery,1,1800,900,0.0605,1691.01,900,791.01,16,Retail,Lahore,Punjab Grain Co
2026-08-24,Dish Soap,Household,2,190,120,0.0,380.0,240,140.0,75,Retail,Karachi,CleanHome
2026-08-24,Mineral Water,Beverages,6,80,45,0.1526,406.74,270,136.74,60,Wholesale,Karachi,CoolBev Ltd
2026-08-24,Mineral Water,Beverages,2,80,45,0.1776,131.58,90,41.58,60,Retail,Karachi,CoolBev Ltd
2026-08-25,Milk,Dairy,6,180,145,0.0044,1075.19,870,205.19,12,Retail,Karachi,Al-Fajr Dairy
2026-08-25,Milk,Dairy,7,180,145,0.0199,1234.88,1015,219.88,12,Wholesale,Islamabad,Al-Fajr Dairy
2026-08-25,Milk,Dairy,7,180,145,0.0512,1195.43,1015,180.43,12,Retail,Islamabad,Al-Fajr Dairy
2026-08-25,Cooking Oil,Grocery,5,520,430,0.0187,2551.35,2150,401.35,8,Wholesale,Karachi,Pakistan Oil Mills
2026-08-25,Rice,Grocery,2,280,210,0.0258,545.56,420,125.56,18,Retail,Lahore,Punjab Grain Co
2026-08-25,Instant Noodles,Grocery,15,60,42,0.0,900.0,630,270.0,140,Retail,Lahore,City Foods
2026-08-25,Instant Noodles,Grocery,11,60,42,0.0224,645.23,462,183.23,140,Retail,Islamabad,City Foods
2026-08-25,Instant Noodles,Grocery,20,60,42,0.0084,1189.87,840,349.87,140,Retail,Lahore,City Foods
2026-08-25,Premium Headphones,Electronics,1,4500,2100,0.0126,4443.29,2100,2343.29,22,Wholesale,Islamabad,TechHub
2026-08-25,Smartphone Case,Electronics,5,650,180,0.0202,3184.22,900,2284.22,55,Wholesale,Lahore,TechHub
2026-08-25,Energy Drink,Beverages,3,150,95,0.1298,391.59,285,106.59,28,Wholesale,Islamabad,CoolBev Ltd
2026-08-25,Green Tea,Beverages,1,220,140,0.1427,188.61,140,48.61,90,Wholesale,Karachi,Highland Tea
2026-08-25,Basmati Gift Box,Grocery,1,1800,900,0.0,1800.0,900,900.0,16,Wholesale,Karachi,Punjab Grain Co
2026-08-25,Dish Soap,Household,2,190,120,0.0437,363.41,240,123.41,75,Retail,Lahore,CleanHome
2026-08-25,Mineral Water,Beverages,4,80,45,0.1483,272.53,180,92.53,60,Wholesale,Islamabad,CoolBev Ltd
2026-08-26,Milk,Dairy,6,180,145,0.0,1080.0,870,210.0,12,Wholesale,Faisalabad,Al-Fajr Dairy
2026-08-26,Cooking Oil,Grocery,3,520,430,0.0287,1515.24,1290,225.24,8,Wholesale,Islamabad,Pakistan Oil Mills
2026-08-26,Rice,Grocery,2,280,210,0.0488,532.7,420,112.7,18,Retail,Islamabad,Punjab Grain Co
2026-08-26,Instant Noodles,Grocery,13,60,42,0.0322,754.92,546,208.92,140,Retail,Karachi,City Foods
2026-08-26,Instant Noodles,Grocery,14,60,42,0.0824,770.81,588,182.81,140,Retail,Islamabad,City Foods
2026-08-26,Instant Noodles,Grocery,16,60,42,0.0159,944.75,672,272.75,140,Retail,Faisalabad,City Foods
2026-08-26,Premium Headphones,Electronics,1,4500,2100,0.0453,4295.94,2100,2195.94,22,Wholesale,Islamabad,TechHub
2026-08-26,Smartphone Case,Electronics,5,650,180,0.0554,3069.84,900,2169.84,55,Retail,Lahore,TechHub
2026-08-26,Energy Drink,Beverages,3,150,95,0.1679,374.45,285,89.45,28,Retail,Islamabad,CoolBev Ltd
2026-08-26,Green Tea,Beverages,1,220,140,0.1489,187.23,140,47.23,90,Wholesale,Faisalabad,Highland Tea
2026-08-26,Basmati Gift Box,Grocery,1,1800,900,0.0107,1780.66,900,880.66,16,Retail,Faisalabad,Punjab Grain Co
2026-08-26,Dish Soap,Household,2,190,120,0.0308,368.3,240,128.3,75,Retail,Faisalabad,CleanHome
2026-08-26,Mineral Water,Beverages,4,80,45,0.1488,272.38,180,92.38,60,Retail,Lahore,CoolBev Ltd
2026-08-27,Milk,Dairy,9,180,145,0.0,1620.0,1305,315.0,12,Wholesale,Faisalabad,Al-Fajr Dairy
2026-08-27,Milk,Dairy,7,180,145,0.0384,1211.65,1015,196.65,12,Retail,Islamabad,Al-Fajr Dairy
2026-08-27,Cooking Oil,Grocery,3,520,430,0.028,1516.39,1290,226.39,8,Retail,Faisalabad,Pakistan Oil Mills
2026-08-27,Rice,Grocery,2,280,210,0.0063,556.46,420,136.46,18,Retail,Islamabad,Punjab Grain Co
2026-08-27,Instant Noodles,Grocery,17,60,42,0.006,1013.9,714,299.9,140,Retail,Karachi,City Foods
2026-08-27,Instant Noodles,Grocery,14,60,42,0.0223,821.28,588,233.28,140,Retail,Lahore,City Foods
2026-08-27,Instant Noodles,Grocery,13,60,42,0.039,749.58,546,203.58,140,Retail,Faisalabad,City Foods
2026-08-27,Premium Headphones,Electronics,1,4500,2100,0.0474,4286.63,2100,2186.63,22,Retail,Lahore,TechHub
2026-08-27,Smartphone Case,Electronics,4,650,180,0.0121,2568.55,720,1848.55,55,Retail,Islamabad,TechHub
2026-08-27,Energy Drink,Beverages,4,150,95,0.1389,516.65,380,136.65,28,Retail,Faisalabad,CoolBev Ltd
2026-08-27,Green Tea,Beverages,2,220,140,0.134,381.06,280,101.06,90,Wholesale,Lahore,Highland Tea
2026-08-27,Basmati Gift Box,Grocery,1,1800,900,0.0272,1751.1,900,851.1,16,Retail,Faisalabad,Punjab Grain Co
2026-08-27,Dish Soap,Household,2,190,120,0.0,380.0,240,140.0,75,Retail,Faisalabad,CleanHome
2026-08-27,Mineral Water,Beverages,4,80,45,0.1404,275.08,180,95.08,60,Retail,Faisalabad,CoolBev Ltd
2026-08-27,Mineral Water,Beverages,2,80,45,0.1592,134.53,90,44.53,60,Retail,Karachi,CoolBev Ltd
2026-08-27,Mineral Water,Beverages,6,80,45,0.1501,407.93,270,137.93,60,Retail,Islamabad,CoolBev Ltd
2026-08-28,Milk,Dairy,7,180,145,0.0234,1230.46,1015,215.46,12,Retail,Lahore,Al-Fajr Dairy
2026-08-28,Milk,Dairy,7,180,145,0.0048,1253.95,1015,238.95,12,Retail,Islamabad,Al-Fajr Dairy
2026-08-28,Milk,Dairy,7,180,145,0.0577,1187.35,1015,172.35,12,Retail,Lahore,Al-Fajr Dairy
2026-08-28,Cooking Oil,Grocery,4,520,430,0.0503,1975.47,1720,255.47,8,Retail,Lahore,Pakistan Oil Mills
2026-08-28,Rice,Grocery,2,280,210,0.0339,541.01,420,121.01,18,Retail,Faisalabad,Punjab Grain Co
2026-08-28,Instant Noodles,Grocery,16,60,42,0.0207,940.08,672,268.08,140,Retail,Faisalabad,City Foods
2026-08-28,Premium Headphones,Electronics,1,4500,2100,0.029,4369.62,2100,2269.62,22,Retail,Lahore,TechHub
2026-08-28,Smartphone Case,Electronics,3,650,180,0.0306,1890.31,540,1350.31,55,Retail,Faisalabad,TechHub
2026-08-28,Energy Drink,Beverages,2,150,95,0.1634,250.97,190,60.97,28,Retail,Islamabad,CoolBev Ltd
2026-08-28,Green Tea,Beverages,1,220,140,0.187,178.87,140,38.87,90,Retail,Lahore,Highland Tea
2026-08-28,Basmati Gift Box,Grocery,1,1800,900,0.0376,1732.29,900,832.29,16,Retail,Islamabad,Punjab Grain Co
2026-08-28,Dish Soap,Household,3,190,120,0.046,543.76,360,183.76,75,Wholesale,Faisalabad,CleanHome
2026-08-28,Mineral Water,Beverages,2,80,45,0.1613,134.19,90,44.19,60,Retail,Faisalabad,CoolBev Ltd
2026-08-29,Milk,Dairy,10,180,145,0.0246,1755.68,1450,305.68,12,Retail,Islamabad,Al-Fajr Dairy
2026-08-29,Milk,Dairy,10,180,145,0.0178,1767.9,1450,317.9,12,Wholesale,Karachi,Al-Fajr Dairy
2026-08-29,Cooking Oil,Grocery,4,520,430,0.0213,2035.61,1720,315.61,8,Retail,Lahore,Pakistan Oil Mills
2026-08-29,Rice,Grocery,3,280,210,0.0244,819.51,630,189.51,18,Retail,Lahore,Punjab Grain Co
2026-08-29,Instant Noodles,Grocery,24,60,42,0.0152,1418.08,1008,410.08,140,Retail,Islamabad,City Foods
2026-08-29,Instant Noodles,Grocery,17,60,42,0.0509,968.09,714,254.09,140,Retail,Faisalabad,City Foods
2026-08-29,Premium Headphones,Electronics,1,4500,2100,0.0182,4417.98,2100,2317.98,22,Wholesale,Islamabad,TechHub
2026-08-29,Smartphone Case,Electronics,7,650,180,0.0332,4398.95,1260,3138.95,55,Retail,Islamabad,TechHub
2026-08-29,Energy Drink,Beverages,4,150,95,0.1438,513.71,380,133.71,28,Retail,Islamabad,CoolBev Ltd
2026-08-29,Green Tea,Beverages,2,220,140,0.1664,366.78,280,86.78,90,Retail,Islamabad,Highland Tea
2026-08-29,Basmati Gift Box,Grocery,1,1800,900,0.0335,1739.69,900,839.69,16,Retail,Faisalabad,Punjab Grain Co
2026-08-29,Dish Soap,Household,3,190,120,0.0073,565.84,360,205.84,75,Wholesale,Karachi,CleanHome
2026-08-29,Mineral Water,Beverages,6,80,45,0.1752,395.91,270,125.91,60,Wholesale,Lahore,CoolBev Ltd
2026-08-29,Mineral Water,Beverages,4,80,45,0.1428,274.29,180,94.29,60,Retail,Islamabad,CoolBev Ltd
2026-08-29,Mineral Water,Beverages,4,80,45,0.1414,274.75,180,94.75,60,Retail,Karachi,CoolBev Ltd
2026-08-30,Milk,Dairy,10,180,145,0.0268,1751.81,1450,301.81,12,Retail,Faisalabad,Al-Fajr Dairy
2026-08-30,Milk,Dairy,9,180,145,0.0525,1534.89,1305,229.89,12,Wholesale,Faisalabad,Al-Fajr Dairy
2026-08-30,Milk,Dairy,8,180,145,0.055,1360.74,1160,200.74,12,Wholesale,Islamabad,Al-Fajr Dairy
2026-08-30,Cooking Oil,Grocery,5,520,430,0.038,2501.11,2150,351.11,8,Retail,Islamabad,Pakistan Oil Mills
2026-08-30,Rice,Grocery,2,280,210,0.0466,533.89,420,113.89,18,Retail,Faisalabad,Punjab Grain Co
2026-08-30,Instant Noodles,Grocery,14,60,42,0.0561,792.88,588,204.88,140,Retail,Islamabad,City Foods
2026-08-30,Instant Noodles,Grocery,16,60,42,0.0266,934.45,672,262.45,140,Retail,Islamabad,City Foods
2026-08-30,Instant Noodles,Grocery,20,60,42,0.0249,1170.13,840,330.13,140,Wholesale,Lahore,City Foods
2026-08-30,Premium Headphones,Electronics,1,4500,2100,0.0185,4416.57,2100,2316.57,22,Retail,Karachi,TechHub
2026-08-30,Smartphone Case,Electronics,6,650,180,0.0283,3789.44,1080,2709.44,55,Wholesale,Faisalabad,TechHub
2026-08-30,Energy Drink,Beverages,4,150,95,0.1404,515.76,380,135.76,28,Retail,Karachi,CoolBev Ltd
2026-08-30,Green Tea,Beverages,1,220,140,0.1464,187.8,140,47.8,90,Retail,Faisalabad,Highland Tea
2026-08-30,Basmati Gift Box,Grocery,1,1800,900,0.0203,1763.52,900,863.52,16,Retail,Lahore,Punjab Grain Co
2026-08-30,Dish Soap,Household,3,190,120,0.0142,561.93,360,201.93,75,Retail,Karachi,CleanHome
2026-08-30,Mineral Water,Beverages,2,80,45,0.1393,137.72,90,47.72,60,Retail,Karachi,CoolBev Ltd
2026-08-30,Mineral Water,Beverages,4,80,45,0.1046,286.54,180,106.54,60,Retail,Faisalabad,CoolBev Ltd
2026-08-31,Milk,Dairy,7,180,145,0.0506,1196.3,1015,181.3,12,Wholesale,Islamabad,Al-Fajr Dairy
2026-08-31,Cooking Oil,Grocery,2,520,430,0.014,1025.47,860,165.47,8,Retail,Faisalabad,Pakistan Oil Mills
2026-08-31,Rice,Grocery,2,280,210,0.0056,556.86,420,136.86,18,Wholesale,Faisalabad,Punjab Grain Co
2026-08-31,Instant Noodles,Grocery,15,60,42,0.0275,875.22,630,245.22,140,Retail,Islamabad,City Foods
2026-08-31,Premium Headphones,Electronics,1,4500,2100,0.038,4328.97,2100,2228.97,22,Retail,Islamabad,TechHub
2026-08-31,Smartphone Case,Electronics,3,650,180,0.0178,1915.3,540,1375.3,55,Wholesale,Lahore,TechHub
2026-08-31,Energy Drink,Beverages,3,150,95,0.1555,380.03,285,95.03,28,Retail,Islamabad,CoolBev Ltd
2026-08-31,Green Tea,Beverages,1,220,140,0.1228,192.97,140,52.97,90,Retail,Karachi,Highland Tea
2026-08-31,Basmati Gift Box,Grocery,1,1800,900,0.0691,1675.64,900,775.64,16,Retail,Islamabad,Punjab Grain Co
2026-08-31,Dish Soap,Household,2,190,120,0.0165,373.72,240,133.72,75,Wholesale,Faisalabad,CleanHome
2026-08-31,Mineral Water,Beverages,4,80,45,0.1658,266.95,180,86.95,60,Retail,Islamabad,CoolBev Ltd
